"","OTU","Sample","Abundance","SampleID","File_IDs","File_Ids2","SampleName","Family_no","Family_status","Family_status2","Category","Follow.up.timepoint","B12_combined","B12_category","B12_combined_timepoint","Gender","Kingdom","Phylum","Phylum_mod"
"1233","ASV3","M22E203106",0.990635451505017,"M22E203.106","M22E203106","M22E203106","18CG648",648,"Children","Girls","F1_18Y_child_girl",18,181.2,"B12_sufficient","18y","Female","Bacteria","Bacillota","Bacillota"
"1274","ASV3","22E203-027",0.987083260603945,"A22E203.027","22E203-027","22E203.027","18CB223",223,"Children","Boys","F1_18Y_placebo_boys",18,199.1,"B12_sufficient","18y","Male","Bacteria","Bacillota","Bacillota"
"1280","ASV3","M22E203089",0.985183862906105,"M22E203.089","M22E203089","M22E203089","18CG436",436,"Children","Girls","F1_18Y_child_girl",18,131,"B12_deficient","18y","Female","Bacteria","Bacillota","Bacillota"
"1291","ASV3","M22E203052",0.983081210191083,"M22E203.052","M22E203052","M22E203052","18CB542",542,"Children","Boys","F1_18Y_child_boys",18,246.5,"B12_sufficient","18y","Male","Bacteria","Bacillota","Bacillota"
"1322","ASV3","M22E203059",0.979223125564589,"M22E203.059","M22E203059","M22E203059","18CB645",645,"Children","Boys","F1_18Y_child_boys",18,173.2,"B12_sufficient","18y","Male","Bacteria","Bacillota","Bacillota"
"1235","ASV3","22E203-021",0.977002195770253,"A22E203.021","22E203-021","22E203.021","18CB150",150,"Children","Boys","F1_18Y_placebo_boys",18,195,"B12_sufficient","18y","Male","Bacteria","Bacillota","Bacillota"
"1270","ASV3","22E203-043",0.972761376610667,"A22E203.043","22E203-043","22E203.043","18CB433",433,"Children","Boys","F1_18Y_placebo_boys",18,75,"B12_deficient","18y","Male","Bacteria","Bacillota","Bacillota"
"1259","ASV3","M22E203108",0.971671388101983,"M22E203.108","M22E203108","M22E203108","18CG678",678,"Children","Girls","F1_18Y_child_girl",18,131.3,"B12_deficient","18y","Female","Bacteria","Bacillota","Bacillota"
"1350","ASV3","M22E203073",0.971341618057317,"M22E203.073","M22E203073","M22E203073","18CG199",199,"Children","Girls","F1_18Y_child_girl",18,106,"B12_deficient","18y","Female","Bacteria","Bacillota","Bacillota"
"1296","ASV3","M22E203055",0.969941553019761,"M22E203.055","M22E203055","M22E203055","18CB595",595,"Children","Boys","F1_18Y_child_boys",18,233,"B12_sufficient","18y","Male","Bacteria","Bacillota","Bacillota"
"1311","ASV3","M22E203020",0.966439135381115,"M22E203.020","M22E203020","M22E203020","18CB97",97,"Children","Boys","F1_18Y_child_boys",18,157.7,"B12_sufficient","18y","Male","Bacteria","Bacillota","Bacillota"
"1348","ASV3","M22E203076",0.965504451038576,"M22E203.076","M22E203076","M22E203076","18CG233",233,"Children","Girls","F1_18Y_child_girl",18,112,"B12_deficient","18y","Female","Bacteria","Bacillota","Bacillota"
"795","ASV2","22E203-038",0.961351755041075,"A22E203.038","22E203-038","22E203.038","18CB375",375,"Children","Boys","F1_18Y_placebo_boys",18,149.5,"B12_deficient","18y","Male","Bacteria","Pseudomonadota","Pseudomonadota"
"1316","ASV3","M22E203022",0.961014060502769,"M22E203.022","M22E203022","M22E203022","18CB152",152,"Children","Boys","F1_18Y_child_boys",18,118.1,"B12_deficient","18y","Male","Bacteria","Bacillota","Bacillota"
"1298","ASV3","M22E203018",0.960614793467819,"M22E203.018","M22E203018","M22E203018","18CB44",44,"Children","Boys","F1_18Y_child_boys",18,131.3,"B12_deficient","18y","Male","Bacteria","Bacillota","Bacillota"
"1293","ASV3","M22E203090",0.954706741807556,"M22E203.090","M22E203090","M22E203090","18CG437",437,"Children","Girls","F1_18Y_child_girl",18,162.3,"B12_sufficient","18y","Female","Bacteria","Bacillota","Bacillota"
"1333","ASV3","22E203-206",0.953485254691689,"A22E203.206","22E203-206","22E203.206","24YM638",638,"Parents","Mother","F0_24Y_Mothers",24,146,"B12_deficient","24y","Female","Bacteria","Bacillota","Bacillota"
"1242","ASV3","22E203-185",0.951363870303654,"A22E203.185","22E203-185","22E203.185","24YM342",342,"Parents","Mother","F0_24Y_Mothers",24,121,"B12_deficient","24y","Female","Bacteria","Bacillota","Bacillota"
"1172","ASV3","22E203-137",0.948733323339829,"A22E203.137","22E203-137","22E203.137","24YF454",454,"Parents","Father","F0_24Y_Father",24,124,"B12_deficient","24y","Male","Bacteria","Bacillota","Bacillota"
"1196","ASV3","22E203-165",0.947806252515765,"A22E203.165","22E203-165","22E203.165","24YM54",54,"Parents","Mother","F0_24Y_Mothers",24,164,"B12_sufficient","24y","Female","Bacteria","Bacillota","Bacillota"
"1279","ASV3","22E203-060",0.94704112337011,"A22E203.060","22E203-060","22E203.060","18CB651",651,"Children","Boys","F1_18Y_placebo_boys",18,141,"B12_deficient","18y","Male","Bacteria","Bacillota","Bacillota"
"1213","ASV3","22E203-189",0.946934286499863,"A22E203.189","22E203-189","22E203.189","24YM418",418,"Parents","Mother","F0_24Y_Mothers",24,107,"B12_deficient","24y","Female","Bacteria","Bacillota","Bacillota"
"1174","ASV3","22E203-163",0.946638207043757,"A22E203.163","22E203-163","22E203.163","24YM40",40,"Parents","Mother","F0_24Y_Mothers",24,466,"B12_sufficient","24y","Female","Bacteria","Bacillota","Bacillota"
"1215","ASV3","M22E203082",0.943672410598481,"M22E203.082","M22E203082","M22E203082","18CG341",341,"Children","Girls","F1_18Y_child_girl",18,116.6,"B12_deficient","18y","Female","Bacteria","Bacillota","Bacillota"
"1292","ASV3","22E203-030",0.942154485625217,"A22E203.030","22E203-030","22E203.030","18CB258",258,"Children","Boys","F1_18Y_placebo_boys",18,182,"B12_sufficient","18y","Male","Bacteria","Bacillota","Bacillota"
"1294","ASV3","M22E203036",0.94047619047619,"M22E203.036","M22E203036","M22E203036","18CB340",340,"Children","Boys","F1_18Y_child_boys",18,250,"B12_sufficient","18y","Male","Bacteria","Bacillota","Bacillota"
"1315","ASV3","M22E203103",0.93981018981019,"M22E203.103","M22E203103","M22E203103","18CG615",615,"Children","Girls","F1_18Y_child_girl",18,244,"B12_sufficient","18y","Female","Bacteria","Bacillota","Bacillota"
"1336","ASV3","22E203-205",0.938079650845608,"A22E203.205","22E203-205","22E203.205","24YM563",563,"Parents","Mother","F0_24Y_Mothers",24,239,"B12_sufficient","24y","Female","Bacteria","Bacillota","Bacillota"
"1289","ASV3","M22E203099",0.93800539083558,"M22E203.099","M22E203099","M22E203099","18CG565",565,"Children","Girls","F1_18Y_child_girl",18,86,"B12_deficient","18y","Female","Bacteria","Bacillota","Bacillota"
"1187","ASV3","22E203-154",0.93765690376569,"A22E203.154","22E203-154","22E203.154","24YF625",625,"Parents","Father","F0_24Y_Father",24,138,"B12_deficient","24y","Male","Bacteria","Bacillota","Bacillota"
"1313","ASV3","M22E203034",0.936308926780341,"M22E203.034","M22E203034","M22E203034","18CB312",312,"Children","Boys","F1_18Y_child_boys",18,380.5,"B12_sufficient","18y","Male","Bacteria","Bacillota","Bacillota"
"1214","ASV3","22E203-050",0.935840707964602,"A22E203.050","22E203-050","22E203.050","18CB534",534,"Children","Boys","F1_18Y_placebo_boys",18,338,"B12_sufficient","18y","Male","Bacteria","Bacillota","Bacillota"
"1302","ASV3","M22E203102",0.935785536159601,"M22E203.102","M22E203102","M22E203102","18CG601",601,"Children","Girls","F1_18Y_child_girl",18,168,"B12_sufficient","18y","Female","Bacteria","Bacillota","Bacillota"
"1312","ASV3","M22E203042",0.93395390070922,"M22E203.042","M22E203042","M22E203042","18CB426",426,"Children","Boys","F1_18Y_child_boys",18,130.2,"B12_deficient","18y","Male","Bacteria","Bacillota","Bacillota"
"1331","ASV3","22E203-209",0.933788335401525,"A22E203.209","22E203-209","22E203.209","24YM708",708,"Parents","Mother","F0_24Y_Mothers",24,83,"B12_deficient","24y","Female","Bacteria","Bacillota","Bacillota"
"1283","ASV3","22E203-046",0.932444136497488,"A22E203.046","22E203-046","22E203.046","18CB477",477,"Children","Boys","F1_18Y_placebo_boys",18,152.8,"B12_sufficient","18y","Male","Bacteria","Bacillota","Bacillota"
"1343","ASV3","M22E203051",0.930324623911322,"M22E203.051","M22E203051","M22E203051","18CB540",540,"Children","Boys","F1_18Y_child_boys",18,136,"B12_deficient","18y","Male","Bacteria","Bacillota","Bacillota"
"1329","ASV3","M22E203023",0.928899082568807,"M22E203.023","M22E203023","M22E203023","18CB183",183,"Children","Boys","F1_18Y_child_boys",18,117,"B12_deficient","18y","Male","Bacteria","Bacillota","Bacillota"
"1165","ASV3","22E203-134",0.928725343941654,"A22E203.134","22E203-134","22E203.134","24YF437",437,"Parents","Father","F0_24Y_Father",24,219,"B12_sufficient","24y","Male","Bacteria","Bacillota","Bacillota"
"1325","ASV3","M22E203044",0.925912670007158,"M22E203.044","M22E203044","M22E203044","18CB447",447,"Children","Boys","F1_18Y_child_boys",18,145.5,"B12_deficient","18y","Male","Bacteria","Bacillota","Bacillota"
"959","ASV2","M22E203068",0.921993499458288,"M22E203.068","M22E203068","M22E203068","18CG53",53,"Children","Girls","F1_18Y_child_girl",18,186.4,"B12_sufficient","18y","Female","Bacteria","Pseudomonadota","Pseudomonadota"
"1308","ASV3","22E203-201",0.919132463675894,"A22E203.201","22E203-201","22E203.201","24YM541",541,"Parents","Mother","F0_24Y_Mothers",24,240,"B12_sufficient","24y","Female","Bacteria","Bacillota","Bacillota"
"1162","ASV3","22E203-121",0.915818138763912,"A22E203.121","22E203-121","22E203.121","24YF198",198,"Parents","Father","F0_24Y_Father",24,220,"B12_sufficient","24y","Male","Bacteria","Bacillota","Bacillota"
"1253","ASV3","22E203-057",0.914914749213706,"A22E203.057","22E203-057","22E203.057","18CB629",629,"Children","Boys","F1_18Y_placebo_boys",18,96,"B12_deficient","18y","Male","Bacteria","Bacillota","Bacillota"
"1204","ASV3","22E203-146",0.913908364585032,"A22E203.146","22E203-146","22E203.146","24YF563",563,"Parents","Father","F0_24Y_Father",24,185,"B12_sufficient","24y","Male","Bacteria","Bacillota","Bacillota"
"1345","ASV3","M22E203065",0.913834951456311,"M22E203.065","M22E203065","M22E203065","18CG17",17,"Children","Girls","F1_18Y_child_girl",18,86,"B12_deficient","18y","Female","Bacteria","Bacillota","Bacillota"
"1265","ASV3","22E203-063",0.911579126875853,"A22E203.063","22E203-063","22E203.063","18CB702",702,"Children","Boys","F1_18Y_placebo_boys",18,152.6,"B12_sufficient","18y","Male","Bacteria","Bacillota","Bacillota"
"1263","ASV3","M22E203097",0.91157440690151,"M22E203.097","M22E203097","M22E203097","18CG539",539,"Children","Girls","F1_18Y_child_girl",18,148,"B12_deficient","18y","Female","Bacteria","Bacillota","Bacillota"
"1186","ASV3","22E203-167",0.911398644485521,"A22E203.167","22E203-167","22E203.167","24YM76",76,"Parents","Mother","F0_24Y_Mothers",24,NA,NA,"24y","Female","Bacteria","Bacillota","Bacillota"
"1282","ASV3","22E203-049",0.91133035301372,"A22E203.049","22E203-049","22E203.049","18CB517",517,"Children","Boys","F1_18Y_placebo_boys",18,182,"B12_sufficient","18y","Male","Bacteria","Bacillota","Bacillota"
"1250","ASV3","M22E203096",0.90763728171681,"M22E203.096","M22E203096","M22E203096","18CG514",514,"Children","Girls","F1_18Y_child_girl",18,161.9,"B12_sufficient","18y","Female","Bacteria","Bacillota","Bacillota"
"1330","ASV3","M22E203045",0.905517542582618,"M22E203.045","M22E203045","M22E203045","18CB474",474,"Children","Boys","F1_18Y_child_boys",18,133,"B12_deficient","18y","Male","Bacteria","Bacillota","Bacillota"
"1344","ASV3","M22E203069",0.904657362396111,"M22E203.069","M22E203069","M22E203069","18CG64",64,"Children","Girls","F1_18Y_child_girl",18,143,"B12_deficient","18y","Female","Bacteria","Bacillota","Bacillota"
"1228","ASV3","M22E203083",0.904466501240695,"M22E203.083","M22E203083","M22E203083","18CG346",346,"Children","Girls","F1_18Y_child_girl",18,140,"B12_deficient","18y","Female","Bacteria","Bacillota","Bacillota"
"1182","ASV3","22E203-144",0.902862457373153,"A22E203.144","22E203-144","22E203.144","24YF528",528,"Parents","Father","F0_24Y_Father",24,159,"B12_sufficient","24y","Male","Bacteria","Bacillota","Bacillota"
"1278","ASV3","22E203-067",0.902805060108431,"A22E203.067","22E203-067","22E203.067","18CG35",35,"Children","Girls","F1_18Y_placebo_girls",18,143.9,"B12_deficient","18y","Female","Bacteria","Bacillota","Bacillota"
"1185","ASV3","22E203-138",0.901858108108108,"A22E203.138","22E203-138","22E203.138","24YF465",465,"Parents","Father","F0_24Y_Father",24,184,"B12_sufficient","24y","Male","Bacteria","Bacillota","Bacillota"
"1225","ASV3","22E203-194",0.901708242950108,"A22E203.194","22E203-194","22E203.194","24YM452",452,"Parents","Mother","F0_24Y_Mothers",24,174,"B12_sufficient","24y","Female","Bacteria","Bacillota","Bacillota"
"1194","ASV3","22E203-148",0.901209435995689,"A22E203.148","22E203-148","22E203.148","24YF577",577,"Parents","Father","F0_24Y_Father",24,124,"B12_deficient","24y","Male","Bacteria","Bacillota","Bacillota"
"819","ASV2","22E203-153",0.901051168447572,"A22E203.153","22E203-153","22E203.153","24YF624",624,"Parents","Father","F0_24Y_Father",24,326,"B12_sufficient","24y","Male","Bacteria","Pseudomonadota","Pseudomonadota"
"1217","ASV3","22E203-179",0.900632803146913,"A22E203.179","22E203-179","22E203.179","24YM239",239,"Parents","Mother","F0_24Y_Mothers",24,101,"B12_deficient","24y","Female","Bacteria","Bacillota","Bacillota"
"1310","ASV3","M22E203078",0.898431774879085,"M22E203.078","M22E203078","M22E203078","18CG283",283,"Children","Girls","F1_18Y_child_girl",18,133.4,"B12_deficient","18y","Female","Bacteria","Bacillota","Bacillota"
"1179","ASV3","22E203-141",0.89824208162317,"A22E203.141","22E203-141","22E203.141","24YF490",490,"Parents","Father","F0_24Y_Father",24,144,"B12_deficient","24y","Male","Bacteria","Bacillota","Bacillota"
"1297","ASV3","M22E203077",0.898110106820049,"M22E203.077","M22E203077","M22E203077","18CG236",236,"Children","Girls","F1_18Y_child_girl",18,185,"B12_sufficient","18y","Female","Bacteria","Bacillota","Bacillota"
"1205","ASV3","22E203-143",0.894423791821561,"A22E203.143","22E203-143","22E203.143","24YF503",503,"Parents","Father","F0_24Y_Father",24,104,"B12_deficient","24y","Male","Bacteria","Bacillota","Bacillota"
"1193","ASV3","22E203-119",0.891990429531731,"A22E203.119","22E203-119","22E203.119","24YF192",192,"Parents","Father","F0_24Y_Father",24,295,"B12_sufficient","24y","Male","Bacteria","Bacillota","Bacillota"
"1197","ASV3","22E203-162",0.88417276939172,"A22E203.162","22E203-162","22E203.162","24YM38",38,"Parents","Mother","F0_24Y_Mothers",24,753,"B12_sufficient","24y","Female","Bacteria","Bacillota","Bacillota"
"1264","ASV3","22E203-197",0.878855114266696,"A22E203.197","22E203-197","22E203.197","24YM475",475,"Parents","Mother","F0_24Y_Mothers",24,305,"B12_sufficient","24y","Female","Bacteria","Bacillota","Bacillota"
"1299","ASV3","22E203-176",0.875,"A22E203.176","22E203-176","22E203.176","24YM221",221,"Parents","Mother","F0_24Y_Mothers",24,213,"B12_sufficient","24y","Female","Bacteria","Bacillota","Bacillota"
"1249","ASV3","22E203-084",0.872953631996863,"A22E203.084","22E203-084","22E203.084","18CG386",386,"Children","Girls","F1_18Y_placebo_girls",18,157,"B12_sufficient","18y","Female","Bacteria","Bacillota","Bacillota"
"1198","ASV3","22E203-139",0.870961227786753,"A22E203.139","22E203-139","22E203.139","24YF468",468,"Parents","Father","F0_24Y_Father",24,144.7,"B12_deficient","24y","Male","Bacteria","Bacillota","Bacillota"
"1164","ASV3","22E203-133",0.867420192454559,"A22E203.133","22E203-133","22E203.133","24YF429",429,"Parents","Father","F0_24Y_Father",24,329,"B12_sufficient","24y","Male","Bacteria","Bacillota","Bacillota"
"791","ASV2","22E203-053",0.867196751818643,"A22E203.053","22E203-053","22E203.053","18CB544",544,"Children","Boys","F1_18Y_placebo_boys",18,94,"B12_deficient","18y","Male","Bacteria","Pseudomonadota","Pseudomonadota"
"1342","ASV3","M22E203072",0.86544211875267,"M22E203.072","M22E203072","M22E203072","18CG198",198,"Children","Girls","F1_18Y_child_girl",18,284.1,"B12_sufficient","18y","Female","Bacteria","Bacillota","Bacillota"
"1341","ASV3","M22E203015",0.864067439409905,"M22E203.015","M22E203015","M22E203015","18CB24",24,"Children","Boys","F1_18Y_child_boys",18,114,"B12_deficient","18y","Male","Bacteria","Bacillota","Bacillota"
"1234","ASV3","22E203-171",0.862166885102665,"A22E203.171","22E203-171","22E203.171","24YM180",180,"Parents","Mother","F0_24Y_Mothers",24,227,"B12_sufficient","24y","Female","Bacteria","Bacillota","Bacillota"
"1201","ASV3","22E203-152",0.861455748552523,"A22E203.152","22E203-152","22E203.152","24YF602",602,"Parents","Father","F0_24Y_Father",24,310,"B12_sufficient","24y","Male","Bacteria","Bacillota","Bacillota"
"1212","ASV3","22E203-192",0.858709195115873,"A22E203.192","22E203-192","22E203.192","24YM444",444,"Parents","Mother","F0_24Y_Mothers",24,435,"B12_sufficient","24y","Female","Bacteria","Bacillota","Bacillota"
"1266","ASV3","22E203-058",0.857796665576986,"A22E203.058","22E203-058","22E203.058","18CB644",644,"Children","Boys","F1_18Y_placebo_boys",18,60.2,"B12_deficient","18y","Male","Bacteria","Bacillota","Bacillota"
"1267","ASV3","M22E203088",0.857671740024681,"M22E203.088","M22E203088","M22E203088","18CG434",434,"Children","Girls","F1_18Y_child_girl",18,197,"B12_sufficient","18y","Female","Bacteria","Bacillota","Bacillota"
"1159","ASV3","22E203-131",0.856479527226678,"A22E203.131","22E203-131","22E203.131","24YF383",383,"Parents","Father","F0_24Y_Father",24,154,"B12_sufficient","24y","Male","Bacteria","Bacillota","Bacillota"
"1349","ASV3","22E203-208",0.85597637248089,"A22E203.208","22E203-208","22E203.208","24YM667",667,"Parents","Mother","F0_24Y_Mothers",24,98,"B12_deficient","24y","Female","Bacteria","Bacillota","Bacillota"
"1334","ASV3","M22E203026",0.855973813420622,"M22E203.026","M22E203026","M22E203026","18CB218",218,"Children","Boys","F1_18Y_child_boys",18,86,"B12_deficient","18y","Male","Bacteria","Bacillota","Bacillota"
"1285","ASV3","M22E203180",0.854596100278551,"M22E203.180","M22E203180","M22E203180","24YM258",258,"Parents","Mother","F0_24Y_Mothers",24,114,"B12_deficient","24y","Female","Bacteria","Bacillota","Bacillota"
"1295","ASV3","M22E203032",0.853938832252085,"M22E203.032","M22E203032","M22E203032","18CB304",304,"Children","Boys","F1_18Y_child_boys",18,216,"B12_sufficient","18y","Male","Bacteria","Bacillota","Bacillota"
"1169","ASV3","22E203-124",0.84480113301074,"A22E203.124","22E203-124","22E203.124","24YF265",265,"Parents","Father","F0_24Y_Father",24,80,"B12_deficient","24y","Male","Bacteria","Bacillota","Bacillota"
"931","ASV2","M22E203107",0.840627973358706,"M22E203.107","M22E203107","M22E203107","18CG649",649,"Children","Girls","F1_18Y_child_girl",18,245,"B12_sufficient","18y","Female","Bacteria","Pseudomonadota","Pseudomonadota"
"1237","ASV3","M22E203095",0.839184153755638,"M22E203.095","M22E203095","M22E203095","18CG512",512,"Children","Girls","F1_18Y_child_girl",18,98,"B12_deficient","18y","Female","Bacteria","Bacillota","Bacillota"
"1300","ASV3","M22E203033",0.838868707836015,"M22E203.033","M22E203033","M22E203033","18CB307",307,"Children","Boys","F1_18Y_child_boys",18,117,"B12_deficient","18y","Male","Bacteria","Bacillota","Bacillota"
"1211","ASV3","M22E203093",0.838433554461802,"M22E203.093","M22E203093","M22E203093","18CG482",482,"Children","Girls","F1_18Y_child_girl",18,183,"B12_sufficient","18y","Female","Bacteria","Bacillota","Bacillota"
"1309","ASV3","M22E203056",0.837801306600586,"M22E203.056","M22E203056","M22E203056","18CB604",604,"Children","Boys","F1_18Y_child_boys",18,101,"B12_deficient","18y","Male","Bacteria","Bacillota","Bacillota"
"1190","ASV3","22E203-157",0.837081459270365,"A22E203.157","22E203-157","22E203.157","24YF677",677,"Parents","Father","F0_24Y_Father",24,108,"B12_deficient","24y","Male","Bacteria","Bacillota","Bacillota"
"1307","ASV3","M22E203039",0.83631007180998,"M22E203.039","M22E203039","M22E203039","18CB391",391,"Children","Boys","F1_18Y_child_boys",18,119.3,"B12_deficient","18y","Male","Bacteria","Bacillota","Bacillota"
"1306","ASV3","M22E203091",0.835361311149739,"M22E203.091","M22E203091","M22E203091","18CG438",438,"Children","Girls","F1_18Y_child_girl",18,208.2,"B12_sufficient","18y","Female","Bacteria","Bacillota","Bacillota"
"1268","ASV3","22E203-187",0.834529817328879,"A22E203.187","22E203-187","22E203.187","24YM414",414,"Parents","Mother","F0_24Y_Mothers",24,102,"B12_deficient","24y","Female","Bacteria","Bacillota","Bacillota"
"1191","ASV3","22E203-145",0.834326579261025,"A22E203.145","22E203-145","22E203.145","24YF547",547,"Parents","Father","F0_24Y_Father",24,123,"B12_deficient","24y","Male","Bacteria","Bacillota","Bacillota"
"1248","ASV3","22E203-024",0.833470733718054,"A22E203.024","22E203-024","22E203.024","18CB200",200,"Children","Boys","F1_18Y_placebo_boys",18,144,"B12_deficient","18y","Male","Bacteria","Bacillota","Bacillota"
"1241","ASV3","M22E203085",0.832406287787183,"M22E203.085","M22E203085","M22E203085","18CG401",401,"Children","Girls","F1_18Y_child_girl",18,263,"B12_sufficient","18y","Female","Bacteria","Bacillota","Bacillota"
"1252","ASV3","22E203-061",0.828478485879048,"A22E203.061","22E203-061","22E203.061","18CB669",669,"Children","Boys","F1_18Y_placebo_boys",18,NA,NA,"18y","Male","Bacteria","Bacillota","Bacillota"
"1337","ASV3","M22E203071",0.82673434856176,"M22E203.071","M22E203071","M22E203071","18CG163",163,"Children","Girls","F1_18Y_child_girl",18,194,"B12_sufficient","18y","Female","Bacteria","Bacillota","Bacillota"
"1332","ASV3","M22E203064",0.824527198284266,"M22E203.064","M22E203064","M22E203064","18CG5",5,"Children","Girls","F1_18Y_child_girl",18,172.6,"B12_sufficient","18y","Female","Bacteria","Bacillota","Bacillota"
"1318","ASV3","22E203-035",0.819324624106483,"A22E203.035","22E203-035","22E203.035","18CB315",315,"Children","Boys","F1_18Y_placebo_boys",18,195,"B12_sufficient","18y","Male","Bacteria","Bacillota","Bacillota"
"1163","ASV3","22E203-136",0.818844351900052,"A22E203.136","22E203-136","22E203.136","24YF441",441,"Parents","Father","F0_24Y_Father",24,340,"B12_sufficient","24y","Male","Bacteria","Bacillota","Bacillota"
"1335","ASV3","M22E203062",0.818340393720409,"M22E203.062","M22E203062","M22E203062","18CB695",695,"Children","Boys","F1_18Y_child_boys",18,122,"B12_deficient","18y","Male","Bacteria","Bacillota","Bacillota"
"1171","ASV3","22E203-159",0.817898581865062,"A22E203.159","22E203-159","22E203.159","24YF710",710,"Parents","Father","F0_24Y_Father",24,106,"B12_deficient","24y","Male","Bacteria","Bacillota","Bacillota"
"1219","ASV3","22E203-112",0.814465102696389,"A22E203.112","22E203-112","22E203.112","24YF54",54,"Parents","Father","F0_24Y_Father",24,116,"B12_deficient","24y","Male","Bacteria","Bacillota","Bacillota"
"1188","ASV3","22E203-151",0.803928976199471,"A22E203.151","22E203-151","22E203.151","24YF590",590,"Parents","Father","F0_24Y_Father",24,169,"B12_sufficient","24y","Male","Bacteria","Bacillota","Bacillota"
"1239","ASV3","22E203-191",0.802971707714228,"A22E203.191","22E203-191","22E203.191","24YM429",429,"Parents","Mother","F0_24Y_Mothers",24,138,"B12_deficient","24y","Female","Bacteria","Bacillota","Bacillota"
"1347","ASV3","M22E203029",0.802733139314184,"M22E203.029","M22E203029","M22E203029","18CB246",246,"Children","Boys","F1_18Y_child_boys",18,94,"B12_deficient","18y","Male","Bacteria","Bacillota","Bacillota"
"1290","ASV3","22E203-199",0.801630434782609,"A22E203.199","22E203-199","22E203.199","24YM510",510,"Parents","Mother","F0_24Y_Mothers",24,132,"B12_deficient","24y","Female","Bacteria","Bacillota","Bacillota"
"1287","ASV3","22E203-028",0.799128875224187,"A22E203.028","22E203-028","22E203.028","18CB234",234,"Children","Boys","F1_18Y_placebo_boys",18,179,"B12_sufficient","18y","Male","Bacteria","Bacillota","Bacillota"
"1189","ASV3","22E203-128",0.792290358924835,"A22E203.128","22E203-128","22E203.128","24YF348",348,"Parents","Father","F0_24Y_Father",24,164,"B12_sufficient","24y","Male","Bacteria","Bacillota","Bacillota"
"1273","ASV3","22E203-174",0.790096618357488,"A22E203.174","22E203-174","22E203.174","24YM201",201,"Parents","Mother","F0_24Y_Mothers",24,330,"B12_sufficient","24y","Female","Bacteria","Bacillota","Bacillota"
"1321","ASV3","22E203-202",0.788769549651404,"A22E203.202","22E203-202","22E203.202","24YM556",556,"Parents","Mother","F0_24Y_Mothers",24,161,"B12_sufficient","24y","Female","Bacteria","Bacillota","Bacillota"
"1326","ASV3","22E203-203",0.787934186471664,"A22E203.203","22E203-203","22E203.203","24YM558",558,"Parents","Mother","F0_24Y_Mothers",24,1073,"B12_sufficient","24y","Female","Bacteria","Bacillota","Bacillota"
"1314","ASV3","22E203-110",0.785864535128313,"A22E203.110","22E203-110","22E203.110","24YF14",14,"Parents","Father","F0_24Y_Father",24,151,"B12_sufficient","24y","Male","Bacteria","Bacillota","Bacillota"
"1346","ASV3","M22E203066",0.781818181818182,"M22E203.066","M22E203066","M22E203066","18CG28",28,"Children","Girls","F1_18Y_child_girl",18,115,"B12_deficient","18y","Female","Bacteria","Bacillota","Bacillota"
"1203","ASV3","22E203-149",0.776755232299243,"A22E203.149","22E203-149","22E203.149","24YF578",578,"Parents","Father","F0_24Y_Father",24,255,"B12_sufficient","24y","Male","Bacteria","Bacillota","Bacillota"
"1286","ASV3","22E203-175",0.776168473431669,"A22E203.175","22E203-175","22E203.175","24YM220",220,"Parents","Mother","F0_24Y_Mothers",24,231,"B12_sufficient","24y","Female","Bacteria","Bacillota","Bacillota"
"1255","ASV3","22E203-186",0.776088915590267,"A22E203.186","22E203-186","22E203.186","24YM387",387,"Parents","Mother","F0_24Y_Mothers",24,180,"B12_sufficient","24y","Female","Bacteria","Bacillota","Bacillota"
"1229","ASV3","22E203-184",0.770951669157947,"A22E203.184","22E203-184","22E203.184","24YM316",316,"Parents","Mother","F0_24Y_Mothers",24,161,"B12_sufficient","24y","Female","Bacteria","Bacillota","Bacillota"
"1247","ASV3","22E203-172",0.767926212436775,"A22E203.172","22E203-172","22E203.172","24YM185",185,"Parents","Mother","F0_24Y_Mothers",24,118,"B12_deficient","24y","Female","Bacteria","Bacillota","Bacillota"
"1256","ASV3","22E203-047",0.766800618238022,"A22E203.047","22E203-047","22E203.047","18CB492",492,"Children","Boys","F1_18Y_placebo_boys",18,105,"B12_deficient","18y","Male","Bacteria","Bacillota","Bacillota"
"1173","ASV3","22E203-166",0.761242526644138,"A22E203.166","22E203-166","22E203.166","24YM70",70,"Parents","Mother","F0_24Y_Mothers",24,519,"B12_sufficient","24y","Female","Bacteria","Bacillota","Bacillota"
"1339","ASV3","22E203-204",0.754668930390492,"A22E203.204","22E203-204","22E203.204","24YM560",560,"Parents","Mother","F0_24Y_Mothers",24,136,"B12_deficient","24y","Female","Bacteria","Bacillota","Bacillota"
"1323","ASV3","M22E203079",0.751561280249805,"M22E203.079","M22E203079","M22E203079","18CG288",288,"Children","Girls","F1_18Y_child_girl",18,288,"B12_sufficient","18y","Female","Bacteria","Bacillota","Bacillota"
"1180","ASV3","22E203-118",0.750505663430421,"A22E203.118","22E203-118","22E203.118","24YF179",179,"Parents","Father","F0_24Y_Father",24,122,"B12_deficient","24y","Male","Bacteria","Bacillota","Bacillota"
"1221","ASV3","22E203-170",0.740884127127037,"A22E203.170","22E203-170","22E203.170","24YM171",171,"Parents","Mother","F0_24Y_Mothers",24,100,"B12_deficient","24y","Female","Bacteria","Bacillota","Bacillota"
"1226","ASV3","22E203-190",0.736875309810283,"A22E203.190","22E203-190","22E203.190","24YM427",427,"Parents","Mother","F0_24Y_Mothers",24,178,"B12_sufficient","24y","Female","Bacteria","Bacillota","Bacillota"
"1230","ASV3","22E203-181",0.735108761943484,"A22E203.181","22E203-181","22E203.181","24YM278",278,"Parents","Mother","F0_24Y_Mothers",24,96,"B12_deficient","24y","Female","Bacteria","Bacillota","Bacillota"
"1328","ASV3","M22E203014",0.728754940711462,"M22E203.014","M22E203014","M22E203014","18CB22",22,"Children","Boys","F1_18Y_child_boys",18,146,"B12_deficient","18y","Male","Bacteria","Bacillota","Bacillota"
"1238","ASV3","22E203-195",0.726021853500607,"A22E203.195","22E203-195","22E203.195","24YM465",465,"Parents","Mother","F0_24Y_Mothers",24,258,"B12_sufficient","24y","Female","Bacteria","Bacillota","Bacillota"
"1167","ASV3","22E203-126",0.720360824742268,"A22E203.126","22E203-126","22E203.126","24YF294",294,"Parents","Father","F0_24Y_Father",24,81,"B12_deficient","24y","Male","Bacteria","Bacillota","Bacillota"
"1209","ASV3","22E203-017",0.717956872972457,"A22E203.017","22E203-017","22E203.017","18CB43",43,"Children","Boys","F1_18Y_placebo_boys",18,309,"B12_sufficient","18y","Male","Bacteria","Bacillota","Bacillota"
"1240","ASV3","22E203-054",0.710882352941177,"A22E203.054","22E203-054","22E203.054","18CB579",579,"Children","Boys","F1_18Y_placebo_boys",18,103,"B12_deficient","18y","Male","Bacteria","Bacillota","Bacillota"
"1175","ASV3","22E203-150",0.708260474225362,"A22E203.150","22E203-150","22E203.150","24YF582",582,"Parents","Father","F0_24Y_Father",24,195,"B12_sufficient","24y","Male","Bacteria","Bacillota","Bacillota"
"1232","ASV3","22E203-113",0.706906026744825,"A22E203.113","22E203-113","22E203.113","24YF76",76,"Parents","Father","F0_24Y_Father",24,108,"B12_deficient","24y","Male","Bacteria","Bacillota","Bacillota"
"956","ASV2","M22E203092",0.705079474775397,"M22E203.092","M22E203092","M22E203092","18CG460",460,"Children","Girls","F1_18Y_child_girl",18,NA,NA,"18y","Female","Bacteria","Pseudomonadota","Pseudomonadota"
"1251","ASV3","22E203-196",0.700635144671842,"A22E203.196","22E203-196","22E203.196","24YM472",472,"Parents","Mother","F0_24Y_Mothers",24,105,"B12_deficient","24y","Female","Bacteria","Bacillota","Bacillota"
"2445","ASV7","22E203-198",0.698095935554742,"A22E203.198","22E203-198","22E203.198","24YM498",498,"Parents","Mother","F0_24Y_Mothers",24,134,"B12_deficient","24y","Female","Bacteria","Bacteroidota","Bacteroidota"
"961","ASV2","M22E203104",0.69688124135812,"M22E203.104","M22E203104","M22E203104","18CG628",628,"Children","Girls","F1_18Y_child_girl",18,205,"B12_sufficient","18y","Female","Bacteria","Pseudomonadota","Pseudomonadota"
"1303","ASV3","22E203-200",0.688863287250384,"A22E203.200","22E203-200","22E203.200","24YM511",511,"Parents","Mother","F0_24Y_Mothers",24,117,"B12_deficient","24y","Female","Bacteria","Bacillota","Bacillota"
"948","ASV2","M22E203074",0.686434255399773,"M22E203.074","M22E203074","M22E203074","18CG207",207,"Children","Girls","F1_18Y_child_girl",18,123.1,"B12_deficient","18y","Female","Bacteria","Pseudomonadota","Pseudomonadota"
"1223","ASV3","22E203-080",0.68149816952971,"A22E203.080","22E203-080","22E203.080","18CG294",294,"Children","Girls","F1_18Y_placebo_girls",18,213.3,"B12_sufficient","18y","Female","Bacteria","Bacillota","Bacillota"
"1301","ASV3","22E203-109",0.681332798073063,"A22E203.109","22E203-109","22E203.109","18CG684",684,"Children","Girls","F1_18Y_placebo_girls",18,174,"B12_sufficient","18y","Female","Bacteria","Bacillota","Bacillota"
"1199","ASV3","22E203-158",0.667077754287057,"A22E203.158","22E203-158","22E203.158","24YF708",708,"Parents","Father","F0_24Y_Father",24,496,"B12_sufficient","24y","Male","Bacteria","Bacillota","Bacillota"
"1305","ASV3","22E203-031",0.664413030116779,"A22E203.031","22E203-031","22E203.031","18CB287",287,"Children","Boys","F1_18Y_placebo_boys",18,296,"B12_sufficient","18y","Male","Bacteria","Bacillota","Bacillota"
"1236","ASV3","22E203-081",0.662538699690402,"A22E203.081","22E203-081","22E203.081","18CG314",314,"Children","Girls","F1_18Y_placebo_girls",18,175,"B12_sufficient","18y","Female","Bacteria","Bacillota","Bacillota"
"1206","ASV3","22E203-120",0.662192393736018,"A22E203.120","22E203-120","22E203.120","24YF196",196,"Parents","Father","F0_24Y_Father",24,90,"B12_deficient","24y","Male","Bacteria","Bacillota","Bacillota"
"1177","ASV3","22E203-156",0.661104207349547,"A22E203.156","22E203-156","22E203.156","24YF640",640,"Parents","Father","F0_24Y_Father",24,83,"B12_deficient","24y","Male","Bacteria","Bacillota","Bacillota"
"1284","ASV3","22E203-117",0.660711793440335,"A22E203.117","22E203-117","22E203.117","24YF116",116,"Parents","Father","F0_24Y_Father",24,291,"B12_sufficient","24y","Male","Bacteria","Bacillota","Bacillota"
"1281","ASV3","22E203-188",0.647709858675294,"A22E203.188","22E203-188","22E203.188","24YM415",415,"Parents","Mother","F0_24Y_Mothers",24,277,"B12_sufficient","24y","Female","Bacteria","Bacillota","Bacillota"
"1168","ASV3","22E203-123",0.645917907081642,"A22E203.123","22E203-123","22E203.123","24YF244",244,"Parents","Father","F0_24Y_Father",24,259,"B12_sufficient","24y","Male","Bacteria","Bacillota","Bacillota"
"1170","ASV3","22E203-125",0.640813018267972,"A22E203.125","22E203-125","22E203.125","24YF292",292,"Parents","Father","F0_24Y_Father",24,148,"B12_deficient","24y","Male","Bacteria","Bacillota","Bacillota"
"1200","ASV3","22E203-155",0.639796042248391,"A22E203.155","22E203-155","22E203.155","24YF638",638,"Parents","Father","F0_24Y_Father",24,135,"B12_deficient","24y","Male","Bacteria","Bacillota","Bacillota"
"1261","ASV3","22E203-025",0.637070938215103,"A22E203.025","22E203-025","22E203.025","18CB202",202,"Children","Boys","F1_18Y_placebo_boys",18,188,"B12_sufficient","18y","Male","Bacteria","Bacillota","Bacillota"
"1161","ASV3","22E203-122",0.633373934226553,"A22E203.122","22E203-122","22E203.122","24YF203",203,"Parents","Father","F0_24Y_Father",24,77,"B12_deficient","24y","Male","Bacteria","Bacillota","Bacillota"
"909","ASV2","M22E203094",0.632146064052679,"M22E203.094","M22E203094","M22E203094","18CG490",490,"Children","Girls","F1_18Y_child_girl",18,208,"B12_sufficient","18y","Female","Bacteria","Pseudomonadota","Pseudomonadota"
"1208","ASV3","22E203-169",0.62874251497006,"A22E203.169","22E203-169","22E203.169","24YM123",123,"Parents","Mother","F0_24Y_Mothers",24,288,"B12_sufficient","24y","Female","Bacteria","Bacillota","Bacillota"
"1257","ASV3","22E203-041",0.625269021395113,"A22E203.041","22E203-041","22E203.041","18CB416",416,"Children","Boys","F1_18Y_placebo_boys",18,135,"B12_deficient","18y","Male","Bacteria","Bacillota","Bacillota"
"1181","ASV3","22E203-147",0.62400228050171,"A22E203.147","22E203-147","22E203.147","24YF572",572,"Parents","Father","F0_24Y_Father",24,83,"B12_deficient","24y","Male","Bacteria","Bacillota","Bacillota"
"1258","ASV3","22E203-115",0.618926174496644,"A22E203.115","22E203-115","22E203.115","24YF92",92,"Parents","Father","F0_24Y_Father",24,45,"B12_deficient","24y","Male","Bacteria","Bacillota","Bacillota"
"1244","ASV3","22E203-040",0.616570789389581,"A22E203.040","22E203-040","22E203.040","18CB400",400,"Children","Boys","F1_18Y_placebo_boys",18,244,"B12_sufficient","18y","Male","Bacteria","Bacillota","Bacillota"
"1304","ASV3","22E203-177",0.593954502960424,"A22E203.177","22E203-177","22E203.177","24YM233",233,"Parents","Mother","F0_24Y_Mothers",24,494,"B12_sufficient","24y","Female","Bacteria","Bacillota","Bacillota"
"1288","ASV3","22E203-101",0.589447965182866,"A22E203.101","22E203-101","22E203.101","18CG587",587,"Children","Girls","F1_18Y_placebo_girls",18,160,"B12_sufficient","18y","Female","Bacteria","Bacillota","Bacillota"
"1183","ASV3","22E203-164",0.585895506342722,"A22E203.164","22E203-164","22E203.164","24YM51",51,"Parents","Mother","F0_24Y_Mothers",24,123,"B12_deficient","24y","Female","Bacteria","Bacillota","Bacillota"
"1243","ASV3","22E203-182",0.576440269349073,"A22E203.182","22E203-182","22E203.182","24YM292",292,"Parents","Mother","F0_24Y_Mothers",24,231,"B12_sufficient","24y","Female","Bacteria","Bacillota","Bacillota"
"1338","ASV3","22E203-207",0.566062176165803,"A22E203.207","22E203-207","22E203.207","24YM655",655,"Parents","Mother","F0_24Y_Mothers",24,128,"B12_deficient","24y","Female","Bacteria","Bacillota","Bacillota"
"1222","ASV3","22E203-019",0.564827636469645,"A22E203.019","22E203-019","22E203.019","18CB50",50,"Children","Boys","F1_18Y_placebo_boys",18,145,"B12_deficient","18y","Male","Bacteria","Bacillota","Bacillota"
"2356","ASV7","22E203-161",0.560202043932809,"A22E203.161","22E203-161","22E203.161","24YM36",36,"Parents","Mother","F0_24Y_Mothers",24,185,"B12_sufficient","24y","Female","Bacteria","Bacteroidota","Bacteroidota"
"1210","ASV3","22E203-075",0.557195338231568,"A22E203.075","22E203-075","22E203.075","18CG219",219,"Children","Girls","F1_18Y_placebo_girls",18,146.5,"B12_deficient","18y","Female","Bacteria","Bacillota","Bacillota"
"1160","ASV3","22E203-130",0.550907911802853,"A22E203.130","22E203-130","22E203.130","24YF369",369,"Parents","Father","F0_24Y_Father",24,34,"B12_deficient","24y","Male","Bacteria","Bacillota","Bacillota"
"1220","ASV3","M22E203105",0.549286498353458,"M22E203.105","M22E203105","M22E203105","18CG638",638,"Children","Girls","F1_18Y_child_girl",18,290,"B12_sufficient","18y","Female","Bacteria","Bacillota","Bacillota"
"839","ASV2","22E203-100",0.540041737315769,"A22E203.100","22E203-100","22E203.100","18CG584",584,"Children","Girls","F1_18Y_placebo_girls",18,109,"B12_deficient","18y","Female","Bacteria","Pseudomonadota","Pseudomonadota"
"2468","ASV7","22E203-173",0.536284722222222,"A22E203.173","22E203-173","22E203.173","24YM196",196,"Parents","Mother","F0_24Y_Mothers",24,198,"B12_sufficient","24y","Female","Bacteria","Bacteroidota","Bacteroidota"
"1218","ASV3","22E203-037",0.534779691344218,"A22E203.037","22E203-037","22E203.037","18CB371",371,"Children","Boys","F1_18Y_placebo_boys",18,188,"B12_sufficient","18y","Male","Bacteria","Bacillota","Bacillota"
"1276","ASV3","M22E203098",0.534430571320469,"M22E203.098","M22E203098","M22E203098","18CG558",558,"Children","Girls","F1_18Y_child_girl",18,225,"B12_sufficient","18y","Female","Bacteria","Bacillota","Bacillota"
"2501","ASV7","22E203-178",0.528191782982415,"A22E203.178","22E203-178","22E203.178","24YM237",237,"Parents","Mother","F0_24Y_Mothers",24,189,"B12_sufficient","24y","Female","Bacteria","Bacteroidota","Bacteroidota"
"2414","ASV7","22E203-111",0.524826579043447,"A22E203.111","22E203-111","22E203.111","24YF36",36,"Parents","Father","F0_24Y_Father",24,106,"B12_deficient","24y","Male","Bacteria","Bacteroidota","Bacteroidota"
"2372","ASV7","22E203-114",0.513972689742775,"A22E203.114","22E203-114","22E203.114","24YF85",85,"Parents","Father","F0_24Y_Father",24,187,"B12_sufficient","24y","Male","Bacteria","Bacteroidota","Bacteroidota"
"1269","ASV3","22E203-048",0.510883482714469,"A22E203.048","22E203-048","22E203.048","18CB503",503,"Children","Boys","F1_18Y_placebo_boys",18,191,"B12_sufficient","18y","Male","Bacteria","Bacillota","Bacillota"
"1324","ASV3","M22E203070",0.50558081852005,"M22E203.070","M22E203070","M22E203070","18CG84",84,"Children","Girls","F1_18Y_child_girl",18,282,"B12_sufficient","18y","Female","Bacteria","Bacillota","Bacillota"
"1202","ASV3","22E203-129",0.50550644834082,"A22E203.129","22E203-129","22E203.129","24YF351",351,"Parents","Father","F0_24Y_Father",24,139,"B12_deficient","24y","Male","Bacteria","Bacillota","Bacillota"
"1262","ASV3","22E203-087",0.501385041551247,"A22E203.087","22E203-087","22E203.087","18CG429",429,"Children","Girls","F1_18Y_placebo_girls",18,203,"B12_sufficient","18y","Female","Bacteria","Bacillota","Bacillota"
"1216","ASV3","22E203-183",0.497281704205037,"A22E203.183","22E203-183","22E203.183","24YM294",294,"Parents","Mother","F0_24Y_Mothers",24,128,"B12_deficient","24y","Female","Bacteria","Bacillota","Bacillota"
"1207","ASV3","22E203-140",0.494217284400328,"A22E203.140","22E203-140","22E203.140","24YF472",472,"Parents","Father","F0_24Y_Father",24,116,"B12_deficient","24y","Male","Bacteria","Bacillota","Bacillota"
"1195","ASV3","22E203-168",0.492788461538462,"A22E203.168","22E203-168","22E203.168","24YM100",100,"Parents","Mother","F0_24Y_Mothers",24,173,"B12_sufficient","24y","Female","Bacteria","Bacillota","Bacillota"
"2374","ASV7","22E203-140",0.492487023039796,"A22E203.140","22E203-140","22E203.140","24YF472",472,"Parents","Father","F0_24Y_Father",24,116,"B12_deficient","24y","Male","Bacteria","Bacteroidota","Bacteroidota"
"2337","ASV7","22E203-129",0.490508621938849,"A22E203.129","22E203-129","22E203.129","24YF351",351,"Parents","Father","F0_24Y_Father",24,139,"B12_deficient","24y","Male","Bacteria","Bacteroidota","Bacteroidota"
"2424","ASV7","22E203-183",0.489404193942084,"A22E203.183","22E203-183","22E203.183","24YM294",294,"Parents","Mother","F0_24Y_Mothers",24,128,"B12_deficient","24y","Female","Bacteria","Bacteroidota","Bacteroidota"
"939","ASV2","M22E203086",0.486193293885602,"M22E203.086","M22E203086","M22E203086","18CG414",414,"Children","Girls","F1_18Y_child_girl",18,134,"B12_deficient","18y","Female","Bacteria","Pseudomonadota","Pseudomonadota"
"1245","ASV3","22E203-114",0.480681697893511,"A22E203.114","22E203-114","22E203.114","24YF85",85,"Parents","Father","F0_24Y_Father",24,187,"B12_sufficient","24y","Male","Bacteria","Bacillota","Bacillota"
"1254","ASV3","M22E203086",0.480276134122288,"M22E203.086","M22E203086","M22E203086","18CG414",414,"Children","Girls","F1_18Y_child_girl",18,134,"B12_deficient","18y","Female","Bacteria","Bacillota","Bacillota"
"1176","ASV3","22E203-127",0.478528337831402,"A22E203.127","22E203-127","22E203.127","24YF299",299,"Parents","Father","F0_24Y_Father",24,166,"B12_sufficient","24y","Male","Bacteria","Bacillota","Bacillota"
"873","ASV2","22E203-048",0.469056764831413,"A22E203.048","22E203-048","22E203.048","18CB503",503,"Children","Boys","F1_18Y_placebo_boys",18,191,"B12_sufficient","18y","Male","Bacteria","Pseudomonadota","Pseudomonadota"
"2362","ASV7","22E203-116",0.464054018270886,"A22E203.116","22E203-116","22E203.116","24YF100",100,"Parents","Father","F0_24Y_Father",24,101.5,"B12_deficient","24y","Male","Bacteria","Bacteroidota","Bacteroidota"
"1271","ASV3","22E203-116",0.462994836488812,"A22E203.116","22E203-116","22E203.116","24YF100",100,"Parents","Father","F0_24Y_Father",24,101.5,"B12_deficient","24y","Male","Bacteria","Bacillota","Bacillota"
"826","ASV2","22E203-087",0.460686128276156,"A22E203.087","22E203-087","22E203.087","18CG429",429,"Children","Girls","F1_18Y_placebo_girls",18,203,"B12_sufficient","18y","Female","Bacteria","Pseudomonadota","Pseudomonadota"
"2329","ASV7","22E203-135",0.458397100281917,"A22E203.135","22E203-135","22E203.135","24YF438",438,"Parents","Father","F0_24Y_Father",24,312,"B12_sufficient","24y","Male","Bacteria","Bacteroidota","Bacteroidota"
"1192","ASV3","22E203-142",0.454797848342877,"A22E203.142","22E203-142","22E203.142","24YF502",502,"Parents","Father","F0_24Y_Father",24,76,"B12_deficient","24y","Male","Bacteria","Bacillota","Bacillota"
"1317","ASV3","22E203-178",0.451778250926583,"A22E203.178","22E203-178","22E203.178","24YM237",237,"Parents","Mother","F0_24Y_Mothers",24,189,"B12_sufficient","24y","Female","Bacteria","Bacillota","Bacillota"
"1166","ASV3","22E203-135",0.450906161900926,"A22E203.135","22E203-135","22E203.135","24YF438",438,"Parents","Father","F0_24Y_Father",24,312,"B12_sufficient","24y","Male","Bacteria","Bacillota","Bacillota"
"2317","ASV7","22E203-130",0.433690012970169,"A22E203.130","22E203-130","22E203.130","24YF369",369,"Parents","Father","F0_24Y_Father",24,34,"B12_deficient","24y","Male","Bacteria","Bacteroidota","Bacteroidota"
"904","ASV2","M22E203070",0.432823480777181,"M22E203.070","M22E203070","M22E203070","18CG84",84,"Children","Girls","F1_18Y_child_girl",18,282,"B12_sufficient","18y","Female","Bacteria","Pseudomonadota","Pseudomonadota"
"1184","ASV3","22E203-161",0.42499706331493,"A22E203.161","22E203-161","22E203.161","24YM36",36,"Parents","Mother","F0_24Y_Mothers",24,185,"B12_sufficient","24y","Female","Bacteria","Bacillota","Bacillota"
"1275","ASV3","22E203-100",0.409775661927742,"A22E203.100","22E203-100","22E203.100","18CG584",584,"Children","Girls","F1_18Y_placebo_girls",18,109,"B12_deficient","18y","Female","Bacteria","Bacillota","Bacillota"
"2400","ASV7","22E203-142",0.406906125281971,"A22E203.142","22E203-142","22E203.142","24YF502",502,"Parents","Father","F0_24Y_Father",24,76,"B12_deficient","24y","Male","Bacteria","Bacteroidota","Bacteroidota"
"2428","ASV7","M22E203105",0.40351262349067,"M22E203.105","M22E203105","M22E203105","18CG638",638,"Children","Girls","F1_18Y_child_girl",18,290,"B12_sufficient","18y","Female","Bacteria","Bacteroidota","Bacteroidota"
"786","ASV2","22E203-019",0.402521682093142,"A22E203.019","22E203-019","22E203.019","18CB50",50,"Children","Boys","F1_18Y_placebo_boys",18,145,"B12_deficient","18y","Male","Bacteria","Pseudomonadota","Pseudomonadota"
"1327","ASV3","22E203-111",0.40197152245345,"A22E203.111","22E203-111","22E203.111","24YF36",36,"Parents","Father","F0_24Y_Father",24,106,"B12_deficient","24y","Male","Bacteria","Bacillota","Bacillota"
"2451","ASV7","22E203-182",0.39072242081636,"A22E203.182","22E203-182","22E203.182","24YM292",292,"Parents","Mother","F0_24Y_Mothers",24,231,"B12_sufficient","24y","Female","Bacteria","Bacteroidota","Bacteroidota"
"1260","ASV3","22E203-173",0.390451388888889,"A22E203.173","22E203-173","22E203.173","24YM196",196,"Parents","Mother","F0_24Y_Mothers",24,198,"B12_sufficient","24y","Female","Bacteria","Bacillota","Bacillota"
"429","ASV17","22E203-037",0.382688436591367,"A22E203.037","22E203-037","22E203.037","18CB371",371,"Children","Boys","F1_18Y_placebo_boys",18,188,"B12_sufficient","18y","Male","Bacteria","Actinomycetota","Actinomycetota"
"1224","ASV3","M22E203094",0.358874588446573,"M22E203.094","M22E203094","M22E203094","18CG490",490,"Children","Girls","F1_18Y_child_girl",18,208,"B12_sufficient","18y","Female","Bacteria","Bacillota","Bacillota"
"2322","ASV7","22E203-075",0.355396503673676,"A22E203.075","22E203-075","22E203.075","18CG219",219,"Children","Girls","F1_18Y_placebo_girls",18,146.5,"B12_deficient","18y","Female","Bacteria","Bacteroidota","Bacteroidota"
"2333","ASV7","22E203-125",0.348961905355695,"A22E203.125","22E203-125","22E203.125","24YF292",292,"Parents","Father","F0_24Y_Father",24,148,"B12_deficient","24y","Male","Bacteria","Bacteroidota","Bacteroidota"
"2472","ASV7","M22E203160",0.336024844720497,"M22E203.160","M22E203160","M22E203160","24YM14",14,"Parents","Mother","F0_24Y_Mothers",24,146,"B12_deficient","24y","Female","Bacteria","Bacteroidota","Bacteroidota"
"520","ASV17","22E203-031",0.332821143208359,"A22E203.031","22E203-031","22E203.031","18CB287",287,"Children","Boys","F1_18Y_placebo_boys",18,296,"B12_sufficient","18y","Male","Bacteria","Actinomycetota","Actinomycetota"
"2391","ASV7","22E203-164",0.331469934781051,"A22E203.164","22E203-164","22E203.164","24YM51",51,"Parents","Mother","F0_24Y_Mothers",24,123,"B12_deficient","24y","Female","Bacteria","Bacteroidota","Bacteroidota"
"2353","ASV7","22E203-115",0.322013422818792,"A22E203.115","22E203-115","22E203.115","24YF92",92,"Parents","Father","F0_24Y_Father",24,45,"B12_deficient","24y","Male","Bacteria","Bacteroidota","Bacteroidota"
"381","ASV138","M22E203160",0.319461697722567,"M22E203.160","M22E203160","M22E203160","24YM14",14,"Parents","Mother","F0_24Y_Mothers",24,146,"B12_deficient","24y","Female","Bacteria","Cyanobacteriota","Cyanobacteriota"
"800","ASV2","22E203-081",0.315789473684211,"A22E203.081","22E203-081","22E203.081","18CG314",314,"Children","Girls","F1_18Y_placebo_girls",18,175,"B12_sufficient","18y","Female","Bacteria","Pseudomonadota","Pseudomonadota"
"1272","ASV3","M22E203160",0.314699792960663,"M22E203.160","M22E203160","M22E203160","24YM14",14,"Parents","Mother","F0_24Y_Mothers",24,146,"B12_deficient","24y","Female","Bacteria","Bacillota","Bacillota"
"2341","ASV7","22E203-120",0.308869163599625,"A22E203.120","22E203-120","22E203.120","24YF196",196,"Parents","Father","F0_24Y_Father",24,90,"B12_deficient","24y","Male","Bacteria","Bacteroidota","Bacteroidota"
"857","ASV2","22E203-127",0.30881886013653,"A22E203.127","22E203-127","22E203.127","24YF299",299,"Parents","Father","F0_24Y_Father",24,166,"B12_sufficient","24y","Male","Bacteria","Pseudomonadota","Pseudomonadota"
"2385","ASV7","22E203-147",0.289338654503991,"A22E203.147","22E203-147","22E203.147","24YF572",572,"Parents","Father","F0_24Y_Father",24,83,"B12_deficient","24y","Male","Bacteria","Bacteroidota","Bacteroidota"
"787","ASV2","22E203-080",0.289214305829344,"A22E203.080","22E203-080","22E203.080","18CG294",294,"Children","Girls","F1_18Y_placebo_girls",18,213.3,"B12_sufficient","18y","Female","Bacteria","Pseudomonadota","Pseudomonadota"
"821","ASV2","22E203-041",0.287124952525636,"A22E203.041","22E203-041","22E203.041","18CB416",416,"Children","Boys","F1_18Y_placebo_boys",18,135,"B12_deficient","18y","Male","Bacteria","Pseudomonadota","Pseudomonadota"
"2347","ASV7","22E203-150",0.285094775127649,"A22E203.150","22E203-150","22E203.150","24YF582",582,"Parents","Father","F0_24Y_Father",24,195,"B12_sufficient","24y","Male","Bacteria","Bacteroidota","Bacteroidota"
"394","ASV17","22E203-054",0.283823529411765,"A22E203.054","22E203-054","22E203.054","18CB579",579,"Children","Boys","F1_18Y_placebo_boys",18,103,"B12_deficient","18y","Male","Bacteria","Actinomycetota","Actinomycetota"
"2323","ASV7","22E203-122",0.279604817972662,"A22E203.122","22E203-122","22E203.122","24YF203",203,"Parents","Father","F0_24Y_Father",24,77,"B12_deficient","24y","Male","Bacteria","Bacteroidota","Bacteroidota"
"2449","ASV7","22E203-188",0.276008854077984,"A22E203.188","22E203-188","22E203.188","24YM415",415,"Parents","Mother","F0_24Y_Mothers",24,277,"B12_sufficient","24y","Female","Bacteria","Bacteroidota","Bacteroidota"
"2363","ASV7","M22E203098",0.275444570563753,"M22E203.098","M22E203098","M22E203098","18CG558",558,"Children","Girls","F1_18Y_child_girl",18,225,"B12_sufficient","18y","Female","Bacteria","Bacteroidota","Bacteroidota"
"2463","ASV7","22E203-200",0.273425499231951,"A22E203.200","22E203-200","22E203.200","24YM511",511,"Parents","Mother","F0_24Y_Mothers",24,117,"B12_deficient","24y","Female","Bacteria","Bacteroidota","Bacteroidota"
"1340","ASV3","M22E203074",0.273209549071618,"M22E203.074","M22E203074","M22E203074","18CG207",207,"Children","Girls","F1_18Y_child_girl",18,123.1,"B12_deficient","18y","Female","Bacteria","Bacillota","Bacillota"
"1277","ASV3","22E203-198",0.272244599047968,"A22E203.198","22E203-198","22E203.198","24YM498",498,"Parents","Mother","F0_24Y_Mothers",24,134,"B12_deficient","24y","Female","Bacteria","Bacillota","Bacillota"
"2419","ASV7","22E203-196",0.269630675135262,"A22E203.196","22E203-196","22E203.196","24YM472",472,"Parents","Mother","F0_24Y_Mothers",24,105,"B12_deficient","24y","Female","Bacteria","Bacteroidota","Bacteroidota"
"1319","ASV3","M22E203092",0.266067726330339,"M22E203.092","M22E203092","M22E203092","18CG460",460,"Children","Girls","F1_18Y_child_girl",18,NA,NA,"18y","Female","Bacteria","Bacillota","Bacillota"
"2403","ASV7","22E203-168",0.266025641025641,"A22E203.168","22E203-168","22E203.168","24YM100",100,"Parents","Mother","F0_24Y_Mothers",24,173,"B12_sufficient","24y","Female","Bacteria","Bacteroidota","Bacteroidota"
"2492","ASV7","22E203-177",0.255531318167653,"A22E203.177","22E203-177","22E203.177","24YM233",233,"Parents","Mother","F0_24Y_Mothers",24,494,"B12_sufficient","24y","Female","Bacteria","Bacteroidota","Bacteroidota"
"422","ASV17","22E203-101",0.250209971749256,"A22E203.101","22E203-101","22E203.101","18CG587",587,"Children","Girls","F1_18Y_placebo_girls",18,160,"B12_sufficient","18y","Female","Bacteria","Actinomycetota","Actinomycetota"
"2321","ASV7","22E203-123",0.249210645015787,"A22E203.123","22E203-123","22E203.123","24YF244",244,"Parents","Father","F0_24Y_Father",24,259,"B12_sufficient","24y","Male","Bacteria","Bacteroidota","Bacteroidota"
"2434","ASV7","22E203-190",0.245640124374747,"A22E203.190","22E203-190","22E203.190","24YM427",427,"Parents","Mother","F0_24Y_Mothers",24,178,"B12_sufficient","24y","Female","Bacteria","Bacteroidota","Bacteroidota"
"865","ASV2","22E203-109",0.239622641509434,"A22E203.109","22E203-109","22E203.109","18CG684",684,"Children","Girls","F1_18Y_placebo_girls",18,174,"B12_sufficient","18y","Female","Bacteria","Pseudomonadota","Pseudomonadota"
"2446","ASV7","22E203-195",0.234183191690274,"A22E203.195","22E203-195","22E203.195","24YM465",465,"Parents","Mother","F0_24Y_Mothers",24,258,"B12_sufficient","24y","Female","Bacteria","Bacteroidota","Bacteroidota"
"2407","ASV7","22E203-158",0.233556495184402,"A22E203.158","22E203-158","22E203.158","24YF708",708,"Parents","Father","F0_24Y_Father",24,496,"B12_sufficient","24y","Male","Bacteria","Bacteroidota","Bacteroidota"
"488","ASV17","22E203-155",0.231030715066165,"A22E203.155","22E203-155","22E203.155","24YF638",638,"Parents","Father","F0_24Y_Father",24,135,"B12_deficient","24y","Male","Bacteria","Actinomycetota","Actinomycetota"
"2338","ASV7","22E203-126",0.230813287514318,"A22E203.126","22E203-126","22E203.126","24YF294",294,"Parents","Father","F0_24Y_Father",24,81,"B12_deficient","24y","Male","Bacteria","Bacteroidota","Bacteroidota"
"2415","ASV7","M22E203104",0.222461207558765,"M22E203.104","M22E203104","M22E203104","18CG628",628,"Children","Girls","F1_18Y_child_girl",18,205,"B12_sufficient","18y","Female","Bacteria","Bacteroidota","Bacteroidota"
"2438","ASV7","22E203-181",0.221386460662736,"A22E203.181","22E203-181","22E203.181","24YM278",278,"Parents","Mother","F0_24Y_Mothers",24,96,"B12_deficient","24y","Female","Bacteria","Bacteroidota","Bacteroidota"
"880","ASV2","22E203-168",0.214262820512821,"A22E203.168","22E203-168","22E203.168","24YM100",100,"Parents","Mother","F0_24Y_Mothers",24,173,"B12_sufficient","24y","Female","Bacteria","Pseudomonadota","Pseudomonadota"
"2324","ASV7","22E203-127",0.21070804889665,"A22E203.127","22E203-127","22E203.127","24YF299",299,"Parents","Father","F0_24Y_Father",24,166,"B12_sufficient","24y","Male","Bacteria","Bacteroidota","Bacteroidota"
"2381","ASV7","22E203-156",0.20983490147346,"A22E203.156","22E203-156","22E203.156","24YF640",640,"Parents","Father","F0_24Y_Father",24,83,"B12_deficient","24y","Male","Bacteria","Bacteroidota","Bacteroidota"
"2429","ASV7","22E203-170",0.209327451156928,"A22E203.170","22E203-170","22E203.170","24YM171",171,"Parents","Mother","F0_24Y_Mothers",24,100,"B12_deficient","24y","Female","Bacteria","Bacteroidota","Bacteroidota"
"2437","ASV7","22E203-184",0.204658694569008,"A22E203.184","22E203-184","22E203.184","24YM316",316,"Parents","Mother","F0_24Y_Mothers",24,161,"B12_sufficient","24y","Female","Bacteria","Bacteroidota","Bacteroidota"
"2416","ASV7","22E203-169",0.197604790419162,"A22E203.169","22E203-169","22E203.169","24YM123",123,"Parents","Mother","F0_24Y_Mothers",24,288,"B12_sufficient","24y","Female","Bacteria","Bacteroidota","Bacteroidota"
"450","ASV17","22E203-191",0.196621209037248,"A22E203.191","22E203-191","22E203.191","24YM429",429,"Parents","Mother","F0_24Y_Mothers",24,138,"B12_deficient","24y","Female","Bacteria","Actinomycetota","Actinomycetota"
"2336","ASV7","22E203-128",0.196603895058748,"A22E203.128","22E203-128","22E203.128","24YF348",348,"Parents","Father","F0_24Y_Father",24,164,"B12_sufficient","24y","Male","Bacteria","Bacteroidota","Bacteroidota"
"2452","ASV7","22E203-040",0.192713326941515,"A22E203.040","22E203-040","22E203.040","18CB400",400,"Children","Boys","F1_18Y_placebo_boys",18,244,"B12_sufficient","18y","Male","Bacteria","Bacteroidota","Bacteroidota"
"2423","ASV7","22E203-186",0.191799339140883,"A22E203.186","22E203-186","22E203.186","24YM387",387,"Parents","Mother","F0_24Y_Mothers",24,180,"B12_sufficient","24y","Female","Bacteria","Bacteroidota","Bacteroidota"
"565","ASV17","22E203-203",0.191773308957952,"A22E203.203","22E203-203","22E203.203","24YM558",558,"Parents","Mother","F0_24Y_Mothers",24,1073,"B12_sufficient","24y","Female","Bacteria","Actinomycetota","Actinomycetota"
"916","ASV2","M22E203014",0.190711462450593,"M22E203.014","M22E203014","M22E203014","18CB22",22,"Children","Boys","F1_18Y_child_boys",18,146,"B12_deficient","18y","Male","Bacteria","Pseudomonadota","Pseudomonadota"
"451","ASV17","22E203-040",0.1900500692447,"A22E203.040","22E203-040","22E203.040","18CB400",400,"Children","Boys","F1_18Y_placebo_boys",18,244,"B12_sufficient","18y","Male","Bacteria","Actinomycetota","Actinomycetota"
"2377","ASV7","22E203-166",0.188198596308812,"A22E203.166","22E203-166","22E203.166","24YM70",70,"Parents","Mother","F0_24Y_Mothers",24,519,"B12_sufficient","24y","Female","Bacteria","Bacteroidota","Bacteroidota"
"2490","ASV7","22E203-175",0.186866891771814,"A22E203.175","22E203-175","22E203.175","24YM220",220,"Parents","Mother","F0_24Y_Mothers",24,231,"B12_sufficient","24y","Female","Bacteria","Bacteroidota","Bacteroidota"
"556","ASV17","22E203-202",0.185415488976823,"A22E203.202","22E203-202","22E203.202","24YM556",556,"Parents","Mother","F0_24Y_Mothers",24,161,"B12_sufficient","24y","Female","Bacteria","Actinomycetota","Actinomycetota"
"570","ASV17","22E203-204",0.18471986417657,"A22E203.204","22E203-204","22E203.204","24YM560",560,"Parents","Mother","F0_24Y_Mothers",24,136,"B12_deficient","24y","Female","Bacteria","Actinomycetota","Actinomycetota"
"811","ASV2","22E203-172",0.182683725081821,"A22E203.172","22E203-172","22E203.172","24YM185",185,"Parents","Mother","F0_24Y_Mothers",24,118,"B12_deficient","24y","Female","Bacteria","Pseudomonadota","Pseudomonadota"
"2411","ASV7","22E203-149",0.182573845925486,"A22E203.149","22E203-149","22E203.149","24YF578",578,"Parents","Father","F0_24Y_Father",24,255,"B12_sufficient","24y","Male","Bacteria","Bacteroidota","Bacteroidota"
"468","ASV17","22E203-025",0.179405034324943,"A22E203.025","22E203-025","22E203.025","18CB202",202,"Children","Boys","F1_18Y_placebo_boys",18,188,"B12_sufficient","18y","Male","Bacteria","Actinomycetota","Actinomycetota"
"2350","ASV7","22E203-112",0.177747493429378,"A22E203.112","22E203-112","22E203.112","24YF54",54,"Parents","Father","F0_24Y_Father",24,116,"B12_deficient","24y","Male","Bacteria","Bacteroidota","Bacteroidota"
"950","ASV2","22E203-207",0.176763650856915,"A22E203.207","22E203-207","22E203.207","24YM655",655,"Parents","Mother","F0_24Y_Mothers",24,128,"B12_deficient","24y","Female","Bacteria","Pseudomonadota","Pseudomonadota"
"2371","ASV7","22E203-117",0.175157013258897,"A22E203.117","22E203-117","22E203.117","24YF116",116,"Parents","Father","F0_24Y_Father",24,291,"B12_sufficient","24y","Male","Bacteria","Bacteroidota","Bacteroidota"
"2486","ASV7","M22E203029",0.171453878274073,"M22E203.029","M22E203029","M22E203029","18CB246",246,"Children","Boys","F1_18Y_child_boys",18,94,"B12_deficient","18y","Male","Bacteria","Bacteroidota","Bacteroidota"
"2509","ASV7","22E203-207",0.160322837783978,"A22E203.207","22E203-207","22E203.207","24YM655",655,"Parents","Mother","F0_24Y_Mothers",24,128,"B12_deficient","24y","Female","Bacteria","Bacteroidota","Bacteroidota"
"482","ASV17","M22E203064",0.158900370442581,"M22E203.064","M22E203064","M22E203064","18CG5",5,"Children","Girls","F1_18Y_child_girl",18,172.6,"B12_sufficient","18y","Female","Bacteria","Actinomycetota","Actinomycetota"
"1666","ASV426","22E203-035",0.157012570865171,"A22E203.035","22E203-035","22E203.035","18CB315",315,"Children","Boys","F1_18Y_placebo_boys",18,195,"B12_sufficient","18y","Male","Bacteria","Patescibacteria","Other"
"825","ASV2","22E203-025",0.155606407322654,"A22E203.025","22E203-025","22E203.025","18CB202",202,"Children","Boys","F1_18Y_placebo_boys",18,188,"B12_sufficient","18y","Male","Bacteria","Pseudomonadota","Pseudomonadota"
"398","ASV17","22E203-061",0.15525654295431,"A22E203.061","22E203-061","22E203.061","18CB669",669,"Children","Boys","F1_18Y_placebo_boys",18,NA,NA,"18y","Male","Bacteria","Actinomycetota","Actinomycetota"
"2359","ASV7","22E203-113",0.154607070892105,"A22E203.113","22E203-113","22E203.113","24YF76",76,"Parents","Father","F0_24Y_Father",24,108,"B12_deficient","24y","Male","Bacteria","Bacteroidota","Bacteroidota"
"424","ASV17","22E203-017",0.153616182176706,"A22E203.017","22E203-017","22E203.017","18CB43",43,"Children","Boys","F1_18Y_placebo_boys",18,309,"B12_sufficient","18y","Male","Bacteria","Actinomycetota","Actinomycetota"
"2327","ASV7","22E203-118",0.152305825242718,"A22E203.118","22E203-118","22E203.118","24YF179",179,"Parents","Father","F0_24Y_Father",24,122,"B12_deficient","24y","Male","Bacteria","Bacteroidota","Bacteroidota"
"536","ASV17","22E203-169",0.151696606786427,"A22E203.169","22E203-169","22E203.169","24YM123",123,"Parents","Mother","F0_24Y_Mothers",24,288,"B12_sufficient","24y","Female","Bacteria","Actinomycetota","Actinomycetota"
"491","ASV17","22E203-117",0.15129099790649,"A22E203.117","22E203-117","22E203.117","24YF116",116,"Parents","Father","F0_24Y_Father",24,291,"B12_sufficient","24y","Male","Bacteria","Actinomycetota","Actinomycetota"
"836","ASV2","22E203-145",0.1507747318236,"A22E203.145","22E203-145","22E203.145","24YF547",547,"Parents","Father","F0_24Y_Father",24,123,"B12_deficient","24y","Male","Bacteria","Pseudomonadota","Pseudomonadota"
"2368","ASV7","M22E203085",0.148246674727932,"M22E203.085","M22E203085","M22E203085","18CG401",401,"Children","Girls","F1_18Y_child_girl",18,263,"B12_sufficient","18y","Female","Bacteria","Bacteroidota","Bacteroidota"
"776","ASV2","22E203-159",0.14686291362269,"A22E203.159","22E203-159","22E203.159","24YF710",710,"Parents","Father","F0_24Y_Father",24,106,"B12_deficient","24y","Male","Bacteria","Pseudomonadota","Pseudomonadota"
"425","ASV17","M22E203032",0.146061167747915,"M22E203.032","M22E203032","M22E203032","18CB304",304,"Children","Boys","F1_18Y_child_boys",18,216,"B12_sufficient","18y","Male","Bacteria","Actinomycetota","Actinomycetota"
"2342","ASV7","M22E203093",0.144660817462016,"M22E203.093","M22E203093","M22E203093","18CG482",482,"Children","Girls","F1_18Y_child_girl",18,183,"B12_sufficient","18y","Female","Bacteria","Bacteroidota","Bacteroidota"
"912","ASV2","M22E203033",0.144654903995848,"M22E203.033","M22E203033","M22E203033","18CB307",307,"Children","Boys","F1_18Y_child_boys",18,117,"B12_deficient","18y","Male","Bacteria","Pseudomonadota","Pseudomonadota"
"1246","ASV3","M22E203107",0.143989850935617,"M22E203.107","M22E203107","M22E203107","18CG649",649,"Children","Girls","F1_18Y_child_girl",18,245,"B12_sufficient","18y","Female","Bacteria","Bacillota","Bacillota"
"396","ASV17","22E203-058",0.142203334423014,"A22E203.058","22E203-058","22E203.058","18CB644",644,"Children","Boys","F1_18Y_placebo_boys",18,60.2,"B12_deficient","18y","Male","Bacteria","Actinomycetota","Actinomycetota"
"946","ASV2","M22E203066",0.140391254315305,"M22E203.066","M22E203066","M22E203066","18CG28",28,"Children","Girls","F1_18Y_child_girl",18,115,"B12_deficient","18y","Female","Bacteria","Pseudomonadota","Pseudomonadota"
"2481","ASV7","22E203-174",0.13731884057971,"A22E203.174","22E203-174","22E203.174","24YM201",201,"Parents","Mother","F0_24Y_Mothers",24,330,"B12_sufficient","24y","Female","Bacteria","Bacteroidota","Bacteroidota"
"2508","ASV7","M22E203015",0.135932560590095,"M22E203.015","M22E203015","M22E203015","18CB24",24,"Children","Boys","F1_18Y_child_boys",18,114,"B12_deficient","18y","Male","Bacteria","Bacteroidota","Bacteroidota"
"479","ASV17","22E203-113",0.135922330097087,"A22E203.113","22E203-113","22E203.113","24YF76",76,"Parents","Father","F0_24Y_Father",24,108,"B12_deficient","24y","Male","Bacteria","Actinomycetota","Actinomycetota"
"894","ASV2","22E203-199",0.132789855072464,"A22E203.199","22E203-199","22E203.199","24YM510",510,"Parents","Mother","F0_24Y_Mothers",24,132,"B12_deficient","24y","Female","Bacteria","Pseudomonadota","Pseudomonadota"
"917","ASV2","M22E203071",0.131810490693739,"M22E203.071","M22E203071","M22E203071","18CG163",163,"Children","Girls","F1_18Y_child_girl",18,194,"B12_sufficient","18y","Female","Bacteria","Pseudomonadota","Pseudomonadota"
"2401","ASV7","22E203-110",0.129785443836769,"A22E203.110","22E203-110","22E203.110","24YF14",14,"Parents","Father","F0_24Y_Father",24,151,"B12_sufficient","24y","Male","Bacteria","Bacteroidota","Bacteroidota"
"2408","ASV7","22E203-155",0.129173242685444,"A22E203.155","22E203-155","22E203.155","24YF638",638,"Parents","Father","F0_24Y_Father",24,135,"B12_deficient","24y","Male","Bacteria","Bacteroidota","Bacteroidota"
"2332","ASV7","22E203-124",0.127345686297651,"A22E203.124","22E203-124","22E203.124","24YF265",265,"Parents","Father","F0_24Y_Father",24,80,"B12_deficient","24y","Male","Bacteria","Bacteroidota","Bacteroidota"
"812","ASV2","22E203-024",0.126683154712833,"A22E203.024","22E203-024","22E203.024","18CB200",200,"Children","Boys","F1_18Y_placebo_boys",18,144,"B12_deficient","18y","Male","Bacteria","Pseudomonadota","Pseudomonadota"
"2334","ASV7","22E203-136",0.124067326045462,"A22E203.136","22E203-136","22E203.136","24YF441",441,"Parents","Father","F0_24Y_Father",24,340,"B12_sufficient","24y","Male","Bacteria","Bacteroidota","Bacteroidota"
"858","ASV2","22E203-156",0.123557606958992,"A22E203.156","22E203-156","22E203.156","24YF640",640,"Parents","Father","F0_24Y_Father",24,83,"B12_deficient","24y","Male","Bacteria","Pseudomonadota","Pseudomonadota"
"797","ASV2","22E203-142",0.122679160159639,"A22E203.142","22E203-142","22E203.142","24YF502",502,"Parents","Father","F0_24Y_Father",24,76,"B12_deficient","24y","Male","Bacteria","Pseudomonadota","Pseudomonadota"
"448","ASV17","M22E203095",0.121200235340263,"M22E203.095","M22E203095","M22E203095","18CG512",512,"Children","Girls","F1_18Y_child_girl",18,98,"B12_deficient","18y","Female","Bacteria","Actinomycetota","Actinomycetota"
"951","ASV2","M22E203091",0.121182021355848,"M22E203.091","M22E203091","M22E203091","18CG438",438,"Children","Girls","F1_18Y_child_girl",18,208.2,"B12_sufficient","18y","Female","Bacteria","Pseudomonadota","Pseudomonadota"
"1227","ASV3","22E203-053",0.118930806970056,"A22E203.053","22E203-053","22E203.053","18CB544",544,"Children","Boys","F1_18Y_placebo_boys",18,94,"B12_deficient","18y","Male","Bacteria","Bacillota","Bacillota"
"960","ASV2","M22E203079",0.113192818110851,"M22E203.079","M22E203079","M22E203079","18CG288",288,"Children","Girls","F1_18Y_child_girl",18,288,"B12_sufficient","18y","Female","Bacteria","Pseudomonadota","Pseudomonadota"
"2320","ASV7","22E203-131",0.110173068805403,"A22E203.131","22E203-131","22E203.131","24YF383",383,"Parents","Father","F0_24Y_Father",24,154,"B12_sufficient","24y","Male","Bacteria","Bacteroidota","Bacteroidota"
"550","ASV17","22E203-171",0.106596767147226,"A22E203.171","22E203-171","22E203.171","24YM180",180,"Parents","Mother","F0_24Y_Mothers",24,227,"B12_sufficient","24y","Female","Bacteria","Actinomycetota","Actinomycetota"
"773","ASV2","22E203-017",0.106227339227784,"A22E203.017","22E203-017","22E203.017","18CB43",43,"Children","Boys","F1_18Y_placebo_boys",18,309,"B12_sufficient","18y","Male","Bacteria","Pseudomonadota","Pseudomonadota"
"2383","ASV7","22E203-047",0.103431221020093,"A22E203.047","22E203-047","22E203.047","18CB492",492,"Children","Boys","F1_18Y_placebo_boys",18,105,"B12_deficient","18y","Male","Bacteria","Bacteroidota","Bacteroidota"
"2360","ASV7","22E203-151",0.102002266717038,"A22E203.151","22E203-151","22E203.151","24YF590",590,"Parents","Father","F0_24Y_Father",24,169,"B12_sufficient","24y","Male","Bacteria","Bacteroidota","Bacteroidota"
"2485","ASV7","M22E203180",0.101114206128134,"M22E203.180","M22E203180","M22E203180","24YM258",258,"Parents","Mother","F0_24Y_Mothers",24,114,"B12_deficient","24y","Female","Bacteria","Bacteroidota","Bacteroidota"
"494","ASV17","22E203-028",0.100691775557264,"A22E203.028","22E203-028","22E203.028","18CB234",234,"Children","Boys","F1_18Y_placebo_boys",18,179,"B12_sufficient","18y","Male","Bacteria","Actinomycetota","Actinomycetota"
"395","ASV17","22E203-084",0.100137241446917,"A22E203.084","22E203-084","22E203.084","18CG386",386,"Children","Girls","F1_18Y_placebo_girls",18,157,"B12_sufficient","18y","Female","Bacteria","Actinomycetota","Actinomycetota"
"415","ASV17","22E203-123",0.0999097880018043,"A22E203.123","22E203-123","22E203.123","24YF244",244,"Parents","Father","F0_24Y_Father",24,259,"B12_sufficient","24y","Male","Bacteria","Actinomycetota","Actinomycetota"
"514","ASV17","22E203-157",0.0974512743628186,"A22E203.157","22E203-157","22E203.157","24YF677",677,"Parents","Father","F0_24Y_Father",24,108,"B12_deficient","24y","Male","Bacteria","Actinomycetota","Actinomycetota"
"483","ASV17","M22E203098",0.0966704502459327,"M22E203.098","M22E203098","M22E203098","18CG558",558,"Children","Girls","F1_18Y_child_girl",18,225,"B12_sufficient","18y","Female","Bacteria","Actinomycetota","Actinomycetota"
"2444","ASV7","M22E203056",0.0961928362243749,"M22E203.056","M22E203056","M22E203056","18CB604",604,"Children","Boys","F1_18Y_child_boys",18,101,"B12_deficient","18y","Male","Bacteria","Bacteroidota","Bacteroidota"
"516","ASV17","M22E203026",0.0953939677343933,"M22E203.026","M22E203026","M22E203026","18CB218",218,"Children","Boys","F1_18Y_child_boys",18,86,"B12_deficient","18y","Male","Bacteria","Actinomycetota","Actinomycetota"
"852","ASV2","22E203-101",0.0952508207986562,"A22E203.101","22E203-101","22E203.101","18CG587",587,"Children","Girls","F1_18Y_placebo_girls",18,160,"B12_sufficient","18y","Female","Bacteria","Pseudomonadota","Pseudomonadota"
"2365","ASV7","22E203-139",0.0951130856219709,"A22E203.139","22E203-139","22E203.139","24YF468",468,"Parents","Father","F0_24Y_Father",24,144.7,"B12_deficient","24y","Male","Bacteria","Bacteroidota","Bacteroidota"
"944","ASV2","M22E203088",0.0925545043192102,"M22E203.088","M22E203088","M22E203088","18CG434",434,"Children","Girls","F1_18Y_child_girl",18,197,"B12_sufficient","18y","Female","Bacteria","Pseudomonadota","Pseudomonadota"
"945","ASV2","M22E203098",0.0923193340900492,"M22E203.098","M22E203098","M22E203098","18CG558",558,"Children","Girls","F1_18Y_child_girl",18,225,"B12_sufficient","18y","Female","Bacteria","Pseudomonadota","Pseudomonadota"
"469","ASV17","M22E203062",0.0894592574134064,"M22E203.062","M22E203062","M22E203062","18CB695",695,"Children","Boys","F1_18Y_child_boys",18,122,"B12_deficient","18y","Male","Bacteria","Actinomycetota","Actinomycetota"
"2436","ASV7","22E203-187",0.0885279692941929,"A22E203.187","22E203-187","22E203.187","24YM414",414,"Parents","Mother","F0_24Y_Mothers",24,102,"B12_deficient","24y","Female","Bacteria","Bacteroidota","Bacteroidota"
"2466","ASV7","M22E203062",0.0882133067530526,"M22E203.062","M22E203062","M22E203062","18CB695",695,"Children","Boys","F1_18Y_child_boys",18,122,"B12_deficient","18y","Male","Bacteria","Bacteroidota","Bacteroidota"
"405","ASV17","22E203-135",0.0877970197341925,"A22E203.135","22E203-135","22E203.135","24YF438",438,"Parents","Father","F0_24Y_Father",24,312,"B12_sufficient","24y","Male","Bacteria","Actinomycetota","Actinomycetota"
"464","ASV17","22E203-041",0.0876060260792505,"A22E203.041","22E203-041","22E203.041","18CB416",416,"Children","Boys","F1_18Y_placebo_boys",18,135,"B12_deficient","18y","Male","Bacteria","Actinomycetota","Actinomycetota"
"505","ASV17","22E203-147",0.0866590649942987,"A22E203.147","22E203-147","22E203.147","24YF572",572,"Parents","Father","F0_24Y_Father",24,83,"B12_deficient","24y","Male","Bacteria","Actinomycetota","Actinomycetota"
"2390","ASV7","22E203-167",0.0853974121996303,"A22E203.167","22E203-167","22E203.167","24YM76",76,"Parents","Mother","F0_24Y_Mothers",24,NA,NA,"24y","Female","Bacteria","Bacteroidota","Bacteroidota"
"420","ASV17","22E203-049",0.0853399105904116,"A22E203.049","22E203-049","22E203.049","18CB517",517,"Children","Boys","F1_18Y_placebo_boys",18,182,"B12_sufficient","18y","Male","Bacteria","Actinomycetota","Actinomycetota"
"2410","ASV7","M22E203079",0.0852849336455894,"M22E203.079","M22E203079","M22E203079","18CG288",288,"Children","Girls","F1_18Y_child_girl",18,288,"B12_sufficient","18y","Female","Bacteria","Bacteroidota","Bacteroidota"
"2453","ASV7","M22E203072",0.0850064075181546,"M22E203.072","M22E203072","M22E203072","18CG198",198,"Children","Girls","F1_18Y_child_girl",18,284.1,"B12_sufficient","18y","Female","Bacteria","Bacteroidota","Bacteroidota"
"401","ASV17","22E203-121",0.0833530665403742,"A22E203.121","22E203-121","22E203.121","24YF198",198,"Parents","Father","F0_24Y_Father",24,220,"B12_sufficient","24y","Male","Bacteria","Actinomycetota","Actinomycetota"
"445","ASV17","22E203-162",0.0819010611268869,"A22E203.162","22E203-162","22E203.162","24YM38",38,"Parents","Mother","F0_24Y_Mothers",24,753,"B12_sufficient","24y","Female","Bacteria","Actinomycetota","Actinomycetota"
"391","ASV17","22E203-057",0.0814434696242344,"A22E203.057","22E203-057","22E203.057","18CB629",629,"Children","Boys","F1_18Y_placebo_boys",18,96,"B12_deficient","18y","Male","Bacteria","Actinomycetota","Actinomycetota"
"427","ASV17","22E203-118",0.0814118122977346,"A22E203.118","22E203-118","22E203.118","24YF179",179,"Parents","Father","F0_24Y_Father",24,122,"B12_deficient","24y","Male","Bacteria","Actinomycetota","Actinomycetota"
"913","ASV2","M22E203083",0.0812655086848635,"M22E203.083","M22E203083","M22E203083","18CG346",346,"Children","Girls","F1_18Y_child_girl",18,140,"B12_deficient","18y","Female","Bacteria","Pseudomonadota","Pseudomonadota"
"1178","ASV3","22E203-153",0.0799235513856311,"A22E203.153","22E203-153","22E203.153","24YF624",624,"Parents","Father","F0_24Y_Father",24,326,"B12_sufficient","24y","Male","Bacteria","Bacillota","Bacillota"
"793","ASV2","22E203-151",0.0797128825085002,"A22E203.151","22E203-151","22E203.151","24YF590",590,"Parents","Father","F0_24Y_Father",24,169,"B12_sufficient","24y","Male","Bacteria","Pseudomonadota","Pseudomonadota"
"459","ASV17","22E203-192",0.0793670570645402,"A22E203.192","22E203-192","22E203.192","24YM444",444,"Parents","Mother","F0_24Y_Mothers",24,435,"B12_sufficient","24y","Female","Bacteria","Actinomycetota","Actinomycetota"
"860","ASV2","22E203-047",0.0780216383307573,"A22E203.047","22E203-047","22E203.047","18CB492",492,"Children","Boys","F1_18Y_placebo_boys",18,105,"B12_deficient","18y","Male","Bacteria","Pseudomonadota","Pseudomonadota"
"1351","ASV3","M22E203068",0.0780065005417118,"M22E203.068","M22E203068","M22E203068","18CG53",53,"Children","Girls","F1_18Y_child_girl",18,186.4,"B12_sufficient","18y","Female","Bacteria","Bacillota","Bacillota"
"774","ASV2","22E203-075",0.077083861160375,"A22E203.075","22E203-075","22E203.075","18CG219",219,"Children","Girls","F1_18Y_placebo_girls",18,146.5,"B12_deficient","18y","Female","Bacteria","Pseudomonadota","Pseudomonadota"
"955","ASV2","M22E203078",0.0754799941374762,"M22E203.078","M22E203078","M22E203078","18CG283",283,"Children","Girls","F1_18Y_child_girl",18,133.4,"B12_deficient","18y","Female","Bacteria","Pseudomonadota","Pseudomonadota"
"508","ASV17","M22E203066",0.0736478711162255,"M22E203.066","M22E203066","M22E203066","18CG28",28,"Children","Girls","F1_18Y_child_girl",18,115,"B12_deficient","18y","Female","Bacteria","Actinomycetota","Actinomycetota"
"478","ASV17","22E203-116",0.0725539520720244,"A22E203.116","22E203-116","22E203.116","24YF100",100,"Parents","Father","F0_24Y_Father",24,101.5,"B12_deficient","24y","Male","Bacteria","Actinomycetota","Actinomycetota"
"2504","ASV7","M22E203014",0.0721343873517787,"M22E203.014","M22E203014","M22E203014","18CB22",22,"Children","Boys","F1_18Y_child_boys",18,146,"B12_deficient","18y","Male","Bacteria","Bacteroidota","Bacteroidota"
"493","ASV17","22E203-143",0.0719330855018587,"A22E203.143","22E203-143","22E203.143","24YF503",503,"Parents","Father","F0_24Y_Father",24,104,"B12_deficient","24y","Male","Bacteria","Actinomycetota","Actinomycetota"
"1320","ASV3","M22E203104",0.0719004455369488,"M22E203.104","M22E203104","M22E203104","18CG628",628,"Children","Girls","F1_18Y_child_girl",18,205,"B12_sufficient","18y","Female","Bacteria","Bacillota","Bacillota"
"1887","ASV588","22E203-177",0.0718292302898099,"A22E203.177","22E203-177","22E203.177","24YM233",233,"Parents","Mother","F0_24Y_Mothers",24,494,"B12_sufficient","24y","Female","Bacteria","Elusimicrobiota","Other"
"962","ASV2","22E203-208",0.0714037526059764,"A22E203.208","22E203-208","22E203.208","24YM667",667,"Parents","Mother","F0_24Y_Mothers",24,98,"B12_deficient","24y","Female","Bacteria","Pseudomonadota","Pseudomonadota"
"828","ASV2","22E203-164",0.0706658066365656,"A22E203.164","22E203-164","22E203.164","24YM51",51,"Parents","Mother","F0_24Y_Mothers",24,123,"B12_deficient","24y","Female","Bacteria","Pseudomonadota","Pseudomonadota"
"782","ASV2","22E203-037",0.0700067099082979,"A22E203.037","22E203-037","22E203.037","18CB371",371,"Children","Boys","F1_18Y_placebo_boys",18,188,"B12_sufficient","18y","Male","Bacteria","Pseudomonadota","Pseudomonadota"
"2487","ASV7","22E203-176",0.0689163498098859,"A22E203.176","22E203-176","22E203.176","24YM221",221,"Parents","Mother","F0_24Y_Mothers",24,213,"B12_sufficient","24y","Female","Bacteria","Bacteroidota","Bacteroidota"
"467","ASV17","22E203-141",0.0685355842948966,"A22E203.141","22E203-141","22E203.141","24YF490",490,"Parents","Father","F0_24Y_Father",24,144,"B12_deficient","24y","Male","Bacteria","Actinomycetota","Actinomycetota"
"935","ASV2","M22E203096",0.0671155059962129,"M22E203.096","M22E203096","M22E203096","18CG514",514,"Children","Girls","F1_18Y_child_girl",18,161.9,"B12_sufficient","18y","Female","Bacteria","Pseudomonadota","Pseudomonadota"
"431","ASV17","22E203-109",0.0664793255720594,"A22E203.109","22E203-109","22E203.109","18CG684",684,"Children","Girls","F1_18Y_placebo_girls",18,174,"B12_sufficient","18y","Female","Bacteria","Actinomycetota","Actinomycetota"
"2394","ASV7","22E203-157",0.0654672663668166,"A22E203.157","22E203-157","22E203.157","24YF677",677,"Parents","Father","F0_24Y_Father",24,108,"B12_deficient","24y","Male","Bacteria","Bacteroidota","Bacteroidota"
"2373","ASV7","22E203-152",0.065343258891646,"A22E203.152","22E203-152","22E203.152","24YF602",602,"Parents","Father","F0_24Y_Father",24,310,"B12_sufficient","24y","Male","Bacteria","Bacteroidota","Bacteroidota"
"270","ASV138","22E203-111",0.0646221248630887,"A22E203.111","22E203-111","22E203.111","24YF36",36,"Parents","Father","F0_24Y_Father",24,106,"B12_deficient","24y","Male","Bacteria","Cyanobacteriota","Cyanobacteriota"
"2483","ASV7","22E203-028",0.06456571867794,"A22E203.028","22E203-028","22E203.028","18CB234",234,"Children","Boys","F1_18Y_placebo_boys",18,179,"B12_sufficient","18y","Male","Bacteria","Bacteroidota","Bacteroidota"
"872","ASV2","22E203-187",0.0644679792451489,"A22E203.187","22E203-187","22E203.187","24YM414",414,"Parents","Mother","F0_24Y_Mothers",24,102,"B12_deficient","24y","Female","Bacteria","Pseudomonadota","Pseudomonadota"
"367","ASV138","M22E203069",0.0635094872196958,"M22E203.069","M22E203069","M22E203069","18CG64",64,"Children","Girls","F1_18Y_child_girl",18,143,"B12_deficient","18y","Female","Bacteria","Cyanobacteriota","Cyanobacteriota"
"2340","ASV7","22E203-119",0.0633473852113478,"A22E203.119","22E203-119","22E203.119","24YF192",192,"Parents","Father","F0_24Y_Father",24,295,"B12_sufficient","24y","Male","Bacteria","Bacteroidota","Bacteroidota"
"268","ASV138","22E203-188",0.0611271922356547,"A22E203.188","22E203-188","22E203.188","24YM415",415,"Parents","Mother","F0_24Y_Mothers",24,277,"B12_sufficient","24y","Female","Bacteria","Cyanobacteriota","Cyanobacteriota"
"2420","ASV7","22E203-192",0.0609269872913033,"A22E203.192","22E203-192","22E203.192","24YM444",444,"Parents","Mother","F0_24Y_Mothers",24,435,"B12_sufficient","24y","Female","Bacteria","Bacteroidota","Bacteroidota"
"2375","ASV7","22E203-101",0.0598228601969917,"A22E203.101","22E203-101","22E203.101","18CG587",587,"Children","Girls","F1_18Y_placebo_girls",18,160,"B12_sufficient","18y","Female","Bacteria","Bacteroidota","Bacteroidota"
"403","ASV17","22E203-063",0.0590893587994543,"A22E203.063","22E203-063","22E203.063","18CB702",702,"Children","Boys","F1_18Y_placebo_boys",18,152.6,"B12_sufficient","18y","Male","Bacteria","Actinomycetota","Actinomycetota"
"911","ASV2","M22E203039",0.0585527527158903,"M22E203.039","M22E203039","M22E203039","18CB391",391,"Children","Boys","F1_18Y_child_boys",18,119.3,"B12_deficient","18y","Male","Bacteria","Pseudomonadota","Pseudomonadota"
"2425","ASV7","22E203-179",0.0584915341200616,"A22E203.179","22E203-179","22E203.179","24YM239",239,"Parents","Mother","F0_24Y_Mothers",24,101,"B12_deficient","24y","Female","Bacteria","Bacteroidota","Bacteroidota"
"792","ASV2","22E203-122",0.058329949925565,"A22E203.122","22E203-122","22E203.122","24YF203",203,"Parents","Father","F0_24Y_Father",24,77,"B12_deficient","24y","Male","Bacteria","Pseudomonadota","Pseudomonadota"
"2503","ASV7","22E203-209",0.0583229923772381,"A22E203.209","22E203-209","22E203.209","24YM708",708,"Parents","Mother","F0_24Y_Mothers",24,83,"B12_deficient","24y","Female","Bacteria","Bacteroidota","Bacteroidota"
"443","ASV17","M22E203056",0.057670646542014,"M22E203.056","M22E203056","M22E203056","18CB604",604,"Children","Boys","F1_18Y_child_boys",18,101,"B12_deficient","18y","Male","Bacteria","Actinomycetota","Actinomycetota"
"532","ASV17","22E203-146",0.0567422142507745,"A22E203.146","22E203-146","22E203.146","24YF563",563,"Parents","Father","F0_24Y_Father",24,185,"B12_sufficient","24y","Male","Bacteria","Actinomycetota","Actinomycetota"
"525","ASV17","M22E203051",0.0555819477434679,"M22E203.051","M22E203051","M22E203051","18CB540",540,"Children","Boys","F1_18Y_child_boys",18,136,"B12_deficient","18y","Male","Bacteria","Actinomycetota","Actinomycetota"
"824","ASV2","22E203-173",0.05546875,"A22E203.173","22E203-173","22E203.173","24YM196",196,"Parents","Mother","F0_24Y_Mothers",24,198,"B12_sufficient","24y","Female","Bacteria","Pseudomonadota","Pseudomonadota"
"2386","ASV7","22E203-144",0.0553890668595639,"A22E203.144","22E203-144","22E203.144","24YF528",528,"Parents","Father","F0_24Y_Father",24,159,"B12_sufficient","24y","Male","Bacteria","Bacteroidota","Bacteroidota"
"876","ASV2","22E203-177",0.0550015581177937,"A22E203.177","22E203-177","22E203.177","24YM233",233,"Parents","Mother","F0_24Y_Mothers",24,494,"B12_sufficient","24y","Female","Bacteria","Pseudomonadota","Pseudomonadota"
"489","ASV17","22E203-152",0.054590570719603,"A22E203.152","22E203-152","22E203.152","24YF602",602,"Parents","Father","F0_24Y_Father",24,310,"B12_sufficient","24y","Male","Bacteria","Actinomycetota","Actinomycetota"
"2318","ASV7","22E203-133",0.0543760500992821,"A22E203.133","22E203-133","22E203.133","24YF429",429,"Parents","Father","F0_24Y_Father",24,329,"B12_sufficient","24y","Male","Bacteria","Bacteroidota","Bacteroidota"
"957","ASV2","M22E203065",0.0542071197411003,"M22E203.065","M22E203065","M22E203065","18CG17",17,"Children","Girls","F1_18Y_child_girl",18,86,"B12_deficient","18y","Female","Bacteria","Pseudomonadota","Pseudomonadota"
"1913","ASV588","22E203-207",0.0532084495815066,"A22E203.207","22E203-207","22E203.207","24YM655",655,"Parents","Mother","F0_24Y_Mothers",24,128,"B12_deficient","24y","Female","Bacteria","Elusimicrobiota","Other"
"472","ASV17","22E203-194",0.0521963123644252,"A22E203.194","22E203-194","22E203.194","24YM452",452,"Parents","Mother","F0_24Y_Mothers",24,174,"B12_sufficient","24y","Female","Bacteria","Actinomycetota","Actinomycetota"
"2398","ASV7","22E203-148",0.0519698239731769,"A22E203.148","22E203-148","22E203.148","24YF577",577,"Parents","Father","F0_24Y_Father",24,124,"B12_deficient","24y","Male","Bacteria","Bacteroidota","Bacteroidota"
"801","ASV2","22E203-133",0.0513212158240415,"A22E203.133","22E203-133","22E203.133","24YF429",429,"Parents","Father","F0_24Y_Father",24,329,"B12_sufficient","24y","Male","Bacteria","Pseudomonadota","Pseudomonadota"
"2458","ASV7","22E203-199",0.0507246376811594,"A22E203.199","22E203-199","22E203.199","24YM510",510,"Parents","Mother","F0_24Y_Mothers",24,132,"B12_deficient","24y","Female","Bacteria","Bacteroidota","Bacteroidota"
"402","ASV17","22E203-047",0.0506955177743431,"A22E203.047","22E203-047","22E203.047","18CB492",492,"Children","Boys","F1_18Y_placebo_boys",18,105,"B12_deficient","18y","Male","Bacteria","Actinomycetota","Actinomycetota"
"512","ASV17","M22E203045",0.0505168146746251,"M22E203.045","M22E203045","M22E203045","18CB474",474,"Children","Boys","F1_18Y_child_boys",18,133,"B12_deficient","18y","Male","Bacteria","Actinomycetota","Actinomycetota"
"557","ASV17","M22E203072",0.0495514737291756,"M22E203.072","M22E203072","M22E203072","18CG198",198,"Children","Girls","F1_18Y_child_girl",18,284.1,"B12_sufficient","18y","Female","Bacteria","Actinomycetota","Actinomycetota"
"2470","ASV7","M22E203039",0.0495304732093537,"M22E203.039","M22E203039","M22E203039","18CB391",391,"Children","Boys","F1_18Y_child_boys",18,119.3,"B12_deficient","18y","Male","Bacteria","Bacteroidota","Bacteroidota"
"545","ASV17","22E203-170",0.0494282884667327,"A22E203.170","22E203-170","22E203.170","24YM171",171,"Parents","Mother","F0_24Y_Mothers",24,100,"B12_deficient","24y","Female","Bacteria","Actinomycetota","Actinomycetota"
"2432","ASV7","22E203-197",0.0485910805413801,"A22E203.197","22E203-197","22E203.197","24YM475",475,"Parents","Mother","F0_24Y_Mothers",24,305,"B12_sufficient","24y","Female","Bacteria","Bacteroidota","Bacteroidota"
"392","ASV17","22E203-050",0.048567214496418,"A22E203.050","22E203-050","22E203.050","18CB534",534,"Children","Boys","F1_18Y_placebo_boys",18,338,"B12_sufficient","18y","Male","Bacteria","Actinomycetota","Actinomycetota"
"486","ASV17","M22E203042",0.0478723404255319,"M22E203.042","M22E203042","M22E203042","18CB426",426,"Children","Boys","F1_18Y_child_boys",18,130.2,"B12_deficient","18y","Male","Bacteria","Actinomycetota","Actinomycetota"
"418","ASV17","22E203-126",0.0473940435280641,"A22E203.126","22E203-126","22E203.126","24YF294",294,"Parents","Father","F0_24Y_Father",24,81,"B12_deficient","24y","Male","Bacteria","Actinomycetota","Actinomycetota"
"882","ASV2","22E203-067",0.0470652942563055,"A22E203.067","22E203-067","22E203.067","18CG35",35,"Children","Girls","F1_18Y_placebo_girls",18,143.9,"B12_deficient","18y","Female","Bacteria","Pseudomonadota","Pseudomonadota"
"2358","ASV7","M22E203088",0.0468942821883998,"M22E203.088","M22E203088","M22E203088","18CG434",434,"Children","Girls","F1_18Y_child_girl",18,197,"B12_sufficient","18y","Female","Bacteria","Bacteroidota","Bacteroidota"
"575","ASV17","22E203-176",0.0465779467680608,"A22E203.176","22E203-176","22E203.176","24YM221",221,"Parents","Mother","F0_24Y_Mothers",24,213,"B12_sufficient","24y","Female","Bacteria","Actinomycetota","Actinomycetota"
"571","ASV17","22E203-205",0.0458265139116203,"A22E203.205","22E203-205","22E203.205","24YM563",563,"Parents","Mother","F0_24Y_Mothers",24,239,"B12_sufficient","24y","Female","Bacteria","Actinomycetota","Actinomycetota"
"400","ASV17","22E203-134",0.0457483838886126,"A22E203.134","22E203-134","22E203.134","24YF437",437,"Parents","Father","F0_24Y_Father",24,219,"B12_sufficient","24y","Male","Bacteria","Actinomycetota","Actinomycetota"
"2477","ASV7","M22E203026",0.0455927051671733,"M22E203.026","M22E203026","M22E203026","18CB218",218,"Children","Boys","F1_18Y_child_boys",18,86,"B12_deficient","18y","Male","Bacteria","Bacteroidota","Bacteroidota"
"884","ASV2","22E203-158",0.0451609114399812,"A22E203.158","22E203-158","22E203.158","24YF708",708,"Parents","Father","F0_24Y_Father",24,496,"B12_sufficient","24y","Male","Bacteria","Pseudomonadota","Pseudomonadota"
"475","ASV17","22E203-154",0.0445188284518828,"A22E203.154","22E203-154","22E203.154","24YF625",625,"Parents","Father","F0_24Y_Father",24,138,"B12_deficient","24y","Male","Bacteria","Actinomycetota","Actinomycetota"
"942","ASV2","M22E203077",0.0443714050944947,"M22E203.077","M22E203077","M22E203077","18CG236",236,"Children","Girls","F1_18Y_child_girl",18,185,"B12_sufficient","18y","Female","Bacteria","Pseudomonadota","Pseudomonadota"
"2433","ASV7","22E203-194",0.0440618221258135,"A22E203.194","22E203-194","22E203.194","24YM452",452,"Parents","Mother","F0_24Y_Mothers",24,174,"B12_sufficient","24y","Female","Bacteria","Bacteroidota","Bacteroidota"
"2460","ASV7","M22E203044",0.0440229062276306,"M22E203.044","M22E203044","M22E203044","18CB447",447,"Children","Boys","F1_18Y_child_boys",18,145.5,"B12_deficient","18y","Male","Bacteria","Bacteroidota","Bacteroidota"
"544","ASV17","M22E203105",0.0432491767288694,"M22E203.105","M22E203105","M22E203105","18CG638",638,"Children","Girls","F1_18Y_child_girl",18,290,"B12_sufficient","18y","Female","Bacteria","Actinomycetota","Actinomycetota"
"162","ASV1017","22E203-204",0.0429541595925297,"A22E203.204","22E203-204","22E203.204","24YM560",560,"Parents","Mother","F0_24Y_Mothers",24,136,"B12_deficient","24y","Female","Bacteria","Verrucomicrobiota","Other"
"416","ASV17","22E203-067",0.0425080537440088,"A22E203.067","22E203-067","22E203.067","18CG35",35,"Children","Girls","F1_18Y_placebo_girls",18,143.9,"B12_deficient","18y","Female","Bacteria","Actinomycetota","Actinomycetota"
"539","ASV17","M22E203070",0.04175279040926,"M22E203.070","M22E203070","M22E203070","18CG84",84,"Children","Girls","F1_18Y_child_girl",18,282,"B12_sufficient","18y","Female","Bacteria","Actinomycetota","Actinomycetota"
"440","ASV17","22E203-119",0.0407884242907599,"A22E203.119","22E203-119","22E203.119","24YF192",192,"Parents","Father","F0_24Y_Father",24,295,"B12_sufficient","24y","Male","Bacteria","Actinomycetota","Actinomycetota"
"2346","ASV7","M22E203082",0.0400222345747638,"M22E203.082","M22E203082","M22E203082","18CG341",341,"Children","Girls","F1_18Y_child_girl",18,116.6,"B12_deficient","18y","Female","Bacteria","Bacteroidota","Bacteroidota"
"161","ASV1017","22E203-174",0.039975845410628,"A22E203.174","22E203-174","22E203.174","24YM201",201,"Parents","Mother","F0_24Y_Mothers",24,330,"B12_sufficient","24y","Female","Bacteria","Verrucomicrobiota","Other"
"257","ASV138","22E203-110",0.0395456457719815,"A22E203.110","22E203-110","22E203.110","24YF14",14,"Parents","Father","F0_24Y_Father",24,151,"B12_sufficient","24y","Male","Bacteria","Cyanobacteriota","Cyanobacteriota"
"822","ASV2","22E203-115",0.0387919463087248,"A22E203.115","22E203-115","22E203.115","24YF92",92,"Parents","Father","F0_24Y_Father",24,45,"B12_deficient","24y","Male","Bacteria","Pseudomonadota","Pseudomonadota"
"2473","ASV7","M22E203045",0.0381423788033193,"M22E203.045","M22E203045","M22E203045","18CB474",474,"Children","Boys","F1_18Y_child_boys",18,133,"B12_deficient","18y","Male","Bacteria","Bacteroidota","Bacteroidota"
"408","ASV17","22E203-087",0.0379288301725975,"A22E203.087","22E203-087","22E203.087","18CG429",429,"Children","Girls","F1_18Y_placebo_girls",18,203,"B12_sufficient","18y","Female","Bacteria","Actinomycetota","Actinomycetota"
"572","ASV17","22E203-206",0.0378016085790885,"A22E203.206","22E203-206","22E203.206","24YM638",638,"Parents","Mother","F0_24Y_Mothers",24,146,"B12_deficient","24y","Female","Bacteria","Actinomycetota","Actinomycetota"
"522","ASV17","M22E203103",0.0377122877122877,"M22E203.103","M22E203103","M22E203103","18CG615",615,"Children","Girls","F1_18Y_child_girl",18,244,"B12_sufficient","18y","Female","Bacteria","Actinomycetota","Actinomycetota"
"901","ASV2","M22E203023",0.0375573394495413,"M22E203.023","M22E203023","M22E203023","18CB183",183,"Children","Boys","F1_18Y_child_boys",18,117,"B12_deficient","18y","Male","Bacteria","Pseudomonadota","Pseudomonadota"
"414","ASV17","22E203-136",0.0373069581815027,"A22E203.136","22E203-136","22E203.136","24YF441",441,"Parents","Father","F0_24Y_Father",24,340,"B12_sufficient","24y","Male","Bacteria","Actinomycetota","Actinomycetota"
"868","ASV2","22E203-197",0.0372753494564012,"A22E203.197","22E203-197","22E203.197","24YM475",475,"Parents","Mother","F0_24Y_Mothers",24,305,"B12_sufficient","24y","Female","Bacteria","Pseudomonadota","Pseudomonadota"
"578","ASV17","22E203-208",0.0367442668519805,"A22E203.208","22E203-208","22E203.208","24YM667",667,"Parents","Mother","F0_24Y_Mothers",24,98,"B12_deficient","24y","Female","Bacteria","Actinomycetota","Actinomycetota"
"490","ASV17","22E203-046",0.036722674519314,"A22E203.046","22E203-046","22E203.046","18CB477",477,"Children","Boys","F1_18Y_placebo_boys",18,152.8,"B12_sufficient","18y","Male","Bacteria","Actinomycetota","Actinomycetota"
"547","ASV17","22E203-201",0.0366422738360378,"A22E203.201","22E203-201","22E203.201","24YM541",541,"Parents","Mother","F0_24Y_Mothers",24,240,"B12_sufficient","24y","Female","Bacteria","Actinomycetota","Actinomycetota"
"432","ASV17","22E203-138",0.0359797297297297,"A22E203.138","22E203-138","22E203.138","24YF465",465,"Parents","Father","F0_24Y_Father",24,184,"B12_sufficient","24y","Male","Bacteria","Actinomycetota","Actinomycetota"
"823","ASV2","22E203-144",0.0359615583341945,"A22E203.144","22E203-144","22E203.144","24YF528",528,"Parents","Father","F0_24Y_Father",24,159,"B12_sufficient","24y","Male","Bacteria","Pseudomonadota","Pseudomonadota"
"2507","ASV7","22E203-208",0.0358756080611536,"A22E203.208","22E203-208","22E203.208","24YM667",667,"Parents","Mother","F0_24Y_Mothers",24,98,"B12_deficient","24y","Female","Bacteria","Bacteroidota","Bacteroidota"
"555","ASV17","22E203-172",0.0357036596251116,"A22E203.172","22E203-172","22E203.172","24YM185",185,"Parents","Mother","F0_24Y_Mothers",24,118,"B12_deficient","24y","Female","Bacteria","Actinomycetota","Actinomycetota"
"851","ASV2","22E203-028",0.0356136305406098,"A22E203.028","22E203-028","22E203.028","18CB234",234,"Children","Boys","F1_18Y_placebo_boys",18,179,"B12_sufficient","18y","Male","Bacteria","Pseudomonadota","Pseudomonadota"
"504","ASV17","M22E203077",0.0353327855382087,"M22E203.077","M22E203077","M22E203077","18CG236",236,"Children","Girls","F1_18Y_child_girl",18,185,"B12_sufficient","18y","Female","Bacteria","Actinomycetota","Actinomycetota"
"958","ASV2","M22E203099",0.0351901766996107,"M22E203.099","M22E203099","M22E203099","18CG565",565,"Children","Girls","F1_18Y_child_girl",18,86,"B12_deficient","18y","Female","Bacteria","Pseudomonadota","Pseudomonadota"
"2404","ASV7","22E203-165",0.0350194552529183,"A22E203.165","22E203-165","22E203.165","24YM54",54,"Parents","Mother","F0_24Y_Mothers",24,164,"B12_sufficient","24y","Female","Bacteria","Bacteroidota","Bacteroidota"
"470","ASV17","M22E203097",0.0345075485262401,"M22E203.097","M22E203097","M22E203097","18CG539",539,"Children","Girls","F1_18Y_child_girl",18,148,"B12_deficient","18y","Female","Bacteria","Actinomycetota","Actinomycetota"
"2366","ASV7","22E203-100",0.0341398200078257,"A22E203.100","22E203-100","22E203.100","18CG584",584,"Children","Girls","F1_18Y_placebo_girls",18,109,"B12_deficient","18y","Female","Bacteria","Bacteroidota","Bacteroidota"
"2352","ASV7","22E203-138",0.033277027027027,"A22E203.138","22E203-138","22E203.138","24YF465",465,"Parents","Father","F0_24Y_Father",24,184,"B12_sufficient","24y","Male","Bacteria","Bacteroidota","Bacteroidota"
"569","ASV17","22E203-174",0.0326086956521739,"A22E203.174","22E203-174","22E203.174","24YM201",201,"Parents","Mother","F0_24Y_Mothers",24,330,"B12_sufficient","24y","Female","Bacteria","Actinomycetota","Actinomycetota"
"2389","ASV7","M22E203102",0.0324189526184539,"M22E203.102","M22E203102","M22E203102","18CG601",601,"Children","Girls","F1_18Y_child_girl",18,168,"B12_sufficient","18y","Female","Bacteria","Bacteroidota","Bacteroidota"
"473","ASV17","M22E203039",0.0322224268090591,"M22E203.039","M22E203039","M22E203039","18CB391",391,"Children","Boys","F1_18Y_child_boys",18,119.3,"B12_deficient","18y","Male","Bacteria","Actinomycetota","Actinomycetota"
"495","ASV17","M22E203065",0.031957928802589,"M22E203.065","M22E203065","M22E203065","18CG17",17,"Children","Girls","F1_18Y_child_girl",18,86,"B12_deficient","18y","Female","Bacteria","Actinomycetota","Actinomycetota"
"566","ASV17","M22E203020",0.0318543799772469,"M22E203.020","M22E203020","M22E203020","18CB97",97,"Children","Boys","F1_18Y_child_boys",18,157.7,"B12_sufficient","18y","Male","Bacteria","Actinomycetota","Actinomycetota"
"433","ASV17","22E203-019",0.031776109613002,"A22E203.019","22E203-019","22E203.019","18CB50",50,"Children","Boys","F1_18Y_placebo_boys",18,145,"B12_deficient","18y","Male","Bacteria","Actinomycetota","Actinomycetota"
"455","ASV17","22E203-024",0.0316020884858478,"A22E203.024","22E203-024","22E203.024","18CB200",200,"Children","Boys","F1_18Y_placebo_boys",18,144,"B12_deficient","18y","Male","Bacteria","Actinomycetota","Actinomycetota"
"573","ASV17","M22E203180",0.0314763231197772,"M22E203.180","M22E203180","M22E203180","24YM258",258,"Parents","Mother","F0_24Y_Mothers",24,114,"B12_deficient","24y","Female","Bacteria","Actinomycetota","Actinomycetota"
"460","ASV17","M22E203036",0.0314625850340136,"M22E203.036","M22E203036","M22E203036","18CB340",340,"Children","Boys","F1_18Y_child_boys",18,250,"B12_sufficient","18y","Male","Bacteria","Actinomycetota","Actinomycetota"
"554","ASV17","22E203-185",0.031394750386001,"A22E203.185","22E203-185","22E203.185","24YM342",342,"Parents","Mother","F0_24Y_Mothers",24,121,"B12_deficient","24y","Female","Bacteria","Actinomycetota","Actinomycetota"
"428","ASV17","22E203-189",0.030794610943085,"A22E203.189","22E203-189","22E203.189","24YM418",418,"Parents","Mother","F0_24Y_Mothers",24,107,"B12_deficient","24y","Female","Bacteria","Actinomycetota","Actinomycetota"
"502","ASV17","22E203-186",0.0307299489336137,"A22E203.186","22E203-186","22E203.186","24YM387",387,"Parents","Mother","F0_24Y_Mothers",24,180,"B12_sufficient","24y","Female","Bacteria","Actinomycetota","Actinomycetota"
"458","ASV17","22E203-163",0.0295268587691213,"A22E203.163","22E203-163","22E203.163","24YM40",40,"Parents","Mother","F0_24Y_Mothers",24,466,"B12_sufficient","24y","Female","Bacteria","Actinomycetota","Actinomycetota"
"233","ASV138","22E203-195",0.0294077971131795,"A22E203.195","22E203-195","22E203.195","24YM465",465,"Parents","Mother","F0_24Y_Mothers",24,258,"B12_sufficient","24y","Female","Bacteria","Cyanobacteriota","Cyanobacteriota"
"447","ASV17","M22E203034",0.0290872617853561,"M22E203.034","M22E203034","M22E203034","18CB312",312,"Children","Boys","F1_18Y_child_boys",18,380.5,"B12_sufficient","18y","Male","Bacteria","Actinomycetota","Actinomycetota"
"449","ASV17","22E203-120",0.0289384426643574,"A22E203.120","22E203-120","22E203.120","24YF196",196,"Parents","Father","F0_24Y_Father",24,90,"B12_deficient","24y","Male","Bacteria","Actinomycetota","Actinomycetota"
"866","ASV2","22E203-138",0.0288851351351351,"A22E203.138","22E203-138","22E203.138","24YF465",465,"Parents","Father","F0_24Y_Father",24,184,"B12_sufficient","24y","Male","Bacteria","Pseudomonadota","Pseudomonadota"
"267","ASV138","22E203-158",0.0286586798214705,"A22E203.158","22E203-158","22E203.158","24YF708",708,"Parents","Father","F0_24Y_Father",24,496,"B12_sufficient","24y","Male","Bacteria","Cyanobacteriota","Cyanobacteriota"
"2442","ASV7","22E203-171",0.0286151157710791,"A22E203.171","22E203-171","22E203.171","24YM180",180,"Parents","Mother","F0_24Y_Mothers",24,227,"B12_sufficient","24y","Female","Bacteria","Bacteroidota","Bacteroidota"
"2370","ASV7","22E203-060",0.0284854563691073,"A22E203.060","22E203-060","22E203.060","18CB651",651,"Children","Boys","F1_18Y_placebo_boys",18,141,"B12_deficient","18y","Male","Bacteria","Bacteroidota","Bacteroidota"
"294","ASV138","22E203-181",0.0284610693230331,"A22E203.181","22E203-181","22E203.181","24YM278",278,"Parents","Mother","F0_24Y_Mothers",24,96,"B12_deficient","24y","Female","Bacteria","Cyanobacteriota","Cyanobacteriota"
"511","ASV17","22E203-197",0.0279565120923009,"A22E203.197","22E203-197","22E203.197","24YM475",475,"Parents","Mother","F0_24Y_Mothers",24,305,"B12_sufficient","24y","Female","Bacteria","Actinomycetota","Actinomycetota"
"2469","ASV7","22E203-025",0.0279176201372998,"A22E203.025","22E203-025","22E203.025","18CB202",202,"Children","Boys","F1_18Y_placebo_boys",18,188,"B12_sufficient","18y","Male","Bacteria","Bacteroidota","Bacteroidota"
"404","ASV17","22E203-124",0.0278531806916086,"A22E203.124","22E203-124","22E203.124","24YF265",265,"Parents","Father","F0_24Y_Father",24,80,"B12_deficient","24y","Male","Bacteria","Actinomycetota","Actinomycetota"
"878","ASV2","22E203-110",0.0277660917122423,"A22E203.110","22E203-110","22E203.110","24YF14",14,"Parents","Father","F0_24Y_Father",24,151,"B12_sufficient","24y","Male","Bacteria","Pseudomonadota","Pseudomonadota"
"423","ASV17","22E203-159",0.0276643747314138,"A22E203.159","22E203-159","22E203.159","24YF710",710,"Parents","Father","F0_24Y_Father",24,106,"B12_deficient","24y","Male","Bacteria","Actinomycetota","Actinomycetota"
"251","ASV138","22E203-030",0.0275372358850017,"A22E203.030","22E203-030","22E203.030","18CB258",258,"Children","Boys","F1_18Y_placebo_boys",18,182,"B12_sufficient","18y","Male","Bacteria","Cyanobacteriota","Cyanobacteriota"
"410","ASV17","22E203-122",0.0274732710786304,"A22E203.122","22E203-122","22E203.122","24YF203",203,"Parents","Father","F0_24Y_Father",24,77,"B12_deficient","24y","Male","Bacteria","Actinomycetota","Actinomycetota"
"419","ASV17","22E203-137",0.0271323639634238,"A22E203.137","22E203-137","22E203.137","24YF454",454,"Parents","Father","F0_24Y_Father",24,124,"B12_deficient","24y","Male","Bacteria","Actinomycetota","Actinomycetota"
"530","ASV17","M22E203079",0.0269320843091335,"M22E203.079","M22E203079","M22E203079","18CG288",288,"Children","Girls","F1_18Y_child_girl",18,288,"B12_sufficient","18y","Female","Bacteria","Actinomycetota","Actinomycetota"
"849","ASV2","22E203-146",0.0269036360671776,"A22E203.146","22E203-146","22E203.146","24YF563",563,"Parents","Father","F0_24Y_Father",24,185,"B12_sufficient","24y","Male","Bacteria","Pseudomonadota","Pseudomonadota"
"498","ASV17","22E203-196",0.0267231239708304,"A22E203.196","22E203-196","22E203.196","24YM472",472,"Parents","Mother","F0_24Y_Mothers",24,105,"B12_deficient","24y","Female","Bacteria","Actinomycetota","Actinomycetota"
"497","ASV17","22E203-166",0.0266441382895763,"A22E203.166","22E203-166","22E203.166","24YM70",70,"Parents","Mother","F0_24Y_Mothers",24,519,"B12_sufficient","24y","Female","Bacteria","Actinomycetota","Actinomycetota"
"2393","ASV7","M22E203091",0.0265706481251552,"M22E203.091","M22E203091","M22E203091","18CG438",438,"Children","Girls","F1_18Y_child_girl",18,208.2,"B12_sufficient","18y","Female","Bacteria","Bacteroidota","Bacteroidota"
"442","ASV17","22E203-038",0.0259522031366692,"A22E203.038","22E203-038","22E203.038","18CB375",375,"Children","Boys","F1_18Y_placebo_boys",18,149.5,"B12_deficient","18y","Male","Bacteria","Actinomycetota","Actinomycetota"
"2387","ASV7","22E203-141",0.0255556416014869,"A22E203.141","22E203-141","22E203.141","24YF490",490,"Parents","Father","F0_24Y_Father",24,144,"B12_deficient","24y","Male","Bacteria","Bacteroidota","Bacteroidota"
"2328","ASV7","22E203-134",0.0255262721697331,"A22E203.134","22E203-134","22E203.134","24YF437",437,"Parents","Father","F0_24Y_Father",24,219,"B12_sufficient","24y","Male","Bacteria","Bacteroidota","Bacteroidota"
"941","ASV2","M22E203160",0.0252587991718426,"M22E203.160","M22E203160","M22E203160","24YM14",14,"Parents","Mother","F0_24Y_Mothers",24,146,"B12_deficient","24y","Female","Bacteria","Pseudomonadota","Pseudomonadota"
"507","ASV17","22E203-030",0.0251125736058192,"A22E203.030","22E203-030","22E203.030","18CB258",258,"Children","Boys","F1_18Y_placebo_boys",18,182,"B12_sufficient","18y","Male","Bacteria","Actinomycetota","Actinomycetota"
"527","ASV17","22E203-158",0.0248414376321353,"A22E203.158","22E203-158","22E203.158","24YF708",708,"Parents","Father","F0_24Y_Father",24,496,"B12_sufficient","24y","Male","Bacteria","Actinomycetota","Actinomycetota"
"263","ASV138","22E203-168",0.0248397435897436,"A22E203.168","22E203-168","22E203.168","24YM100",100,"Parents","Mother","F0_24Y_Mothers",24,173,"B12_sufficient","24y","Female","Bacteria","Cyanobacteriota","Cyanobacteriota"
"499","ASV17","M22E203044",0.0246957766642806,"M22E203.044","M22E203044","M22E203044","18CB447",447,"Children","Boys","F1_18Y_child_boys",18,145.5,"B12_deficient","18y","Male","Bacteria","Actinomycetota","Actinomycetota"
"393","ASV17","22E203-060",0.0244734202607823,"A22E203.060","22E203-060","22E203.060","18CB651",651,"Children","Boys","F1_18Y_placebo_boys",18,141,"B12_deficient","18y","Male","Bacteria","Actinomycetota","Actinomycetota"
"549","ASV17","22E203-184",0.0243896362730443,"A22E203.184","22E203-184","22E203.184","24YM316",316,"Parents","Mother","F0_24Y_Mothers",24,161,"B12_sufficient","24y","Female","Bacteria","Actinomycetota","Actinomycetota"
"813","ASV2","22E203-084",0.024360356827762,"A22E203.084","22E203-084","22E203.084","18CG386",386,"Children","Girls","F1_18Y_placebo_girls",18,157,"B12_sufficient","18y","Female","Bacteria","Pseudomonadota","Pseudomonadota"
"888","ASV2","22E203-149",0.0238978773934986,"A22E203.149","22E203-149","22E203.149","24YF578",578,"Parents","Father","F0_24Y_Father",24,255,"B12_sufficient","24y","Male","Bacteria","Pseudomonadota","Pseudomonadota"
"2378","ASV7","22E203-163",0.023834934187122,"A22E203.163","22E203-163","22E203.163","24YM40",40,"Parents","Mother","F0_24Y_Mothers",24,466,"B12_sufficient","24y","Female","Bacteria","Bacteroidota","Bacteroidota"
"940","ASV2","M22E203097",0.0237239396117901,"M22E203.097","M22E203097","M22E203097","18CG539",539,"Children","Girls","F1_18Y_child_girl",18,148,"B12_deficient","18y","Female","Bacteria","Pseudomonadota","Pseudomonadota"
"933","ASV2","22E203-202",0.0235537968720558,"A22E203.202","22E203-202","22E203.202","24YM556",556,"Parents","Mother","F0_24Y_Mothers",24,161,"B12_sufficient","24y","Female","Bacteria","Pseudomonadota","Pseudomonadota"
"518","ASV17","22E203-148",0.0234702430846605,"A22E203.148","22E203-148","22E203.148","24YF577",577,"Parents","Father","F0_24Y_Father",24,124,"B12_deficient","24y","Male","Bacteria","Actinomycetota","Actinomycetota"
"290","ASV138","M22E203039",0.0233842754557172,"M22E203.039","M22E203039","M22E203039","18CB391",391,"Children","Boys","F1_18Y_child_boys",18,119.3,"B12_deficient","18y","Male","Bacteria","Cyanobacteriota","Cyanobacteriota"
"875","ASV2","22E203-148",0.0233504969464735,"A22E203.148","22E203-148","22E203.148","24YF577",577,"Parents","Father","F0_24Y_Father",24,124,"B12_deficient","24y","Male","Bacteria","Pseudomonadota","Pseudomonadota"
"2431","ASV7","M22E203055",0.023100473142221,"M22E203.055","M22E203055","M22E203055","18CB595",595,"Children","Boys","F1_18Y_child_boys",18,233,"B12_sufficient","18y","Male","Bacteria","Bacteroidota","Bacteroidota"
"363","ASV138","M22E203079",0.0230288836846214,"M22E203.079","M22E203079","M22E203079","18CG288",288,"Children","Girls","F1_18Y_child_girl",18,288,"B12_sufficient","18y","Female","Bacteria","Cyanobacteriota","Cyanobacteriota"
"446","ASV17","22E203-021",0.0229978042297469,"A22E203.021","22E203-021","22E203.021","18CB150",150,"Children","Boys","F1_18Y_placebo_boys",18,195,"B12_sufficient","18y","Male","Bacteria","Actinomycetota","Actinomycetota"
"2461","ASV7","M22E203036",0.0229591836734694,"M22E203.036","M22E203036","M22E203036","18CB340",340,"Children","Boys","F1_18Y_child_boys",18,250,"B12_sufficient","18y","Male","Bacteria","Bacteroidota","Bacteroidota"
"562","ASV17","M22E203073",0.0228252599543495,"M22E203.073","M22E203073","M22E203073","18CG199",199,"Children","Girls","F1_18Y_child_girl",18,106,"B12_deficient","18y","Female","Bacteria","Actinomycetota","Actinomycetota"
"541","ASV17","22E203-179",0.0227467077133573,"A22E203.179","22E203-179","22E203.179","24YM239",239,"Parents","Mother","F0_24Y_Mothers",24,101,"B12_deficient","24y","Female","Bacteria","Actinomycetota","Actinomycetota"
"2369","ASV7","22E203-162",0.0227170826483336,"A22E203.162","22E203-162","22E203.162","24YM38",38,"Parents","Mother","F0_24Y_Mothers",24,753,"B12_sufficient","24y","Female","Bacteria","Bacteroidota","Bacteroidota"
"881","ASV2","22E203-198",0.0225192237275723,"A22E203.198","22E203-198","22E203.198","24YM498",498,"Parents","Mother","F0_24Y_Mothers",24,134,"B12_deficient","24y","Female","Bacteria","Pseudomonadota","Pseudomonadota"
"411","ASV17","22E203-133",0.0224530319230182,"A22E203.133","22E203-133","22E203.133","24YF429",429,"Parents","Father","F0_24Y_Father",24,329,"B12_sufficient","24y","Male","Bacteria","Actinomycetota","Actinomycetota"
"348","ASV138","M22E203023",0.0223623853211009,"M22E203.023","M22E203023","M22E203023","18CB183",183,"Children","Boys","F1_18Y_child_boys",18,117,"B12_deficient","18y","Male","Bacteria","Cyanobacteriota","Cyanobacteriota"
"496","ASV17","M22E203099",0.0223120694818808,"M22E203.099","M22E203099","M22E203099","18CG565",565,"Children","Girls","F1_18Y_child_girl",18,86,"B12_deficient","18y","Female","Bacteria","Actinomycetota","Actinomycetota"
"184","ASV1017","22E203-182",0.0221963587995677,"A22E203.182","22E203-182","22E203.182","24YM292",292,"Parents","Mother","F0_24Y_Mothers",24,231,"B12_sufficient","24y","Female","Bacteria","Verrucomicrobiota","Other"
"2384","ASV7","M22E203077",0.0221857025472473,"M22E203.077","M22E203077","M22E203077","18CG236",236,"Children","Girls","F1_18Y_child_girl",18,185,"B12_sufficient","18y","Female","Bacteria","Bacteroidota","Bacteroidota"
"893","ASV2","22E203-169",0.0219560878243513,"A22E203.169","22E203-169","22E203.169","24YM123",123,"Parents","Mother","F0_24Y_Mothers",24,288,"B12_sufficient","24y","Female","Bacteria","Pseudomonadota","Pseudomonadota"
"548","ASV17","M22E203071",0.0218274111675127,"M22E203.071","M22E203071","M22E203071","18CG163",163,"Children","Girls","F1_18Y_child_girl",18,194,"B12_sufficient","18y","Female","Bacteria","Actinomycetota","Actinomycetota"
"922","ASV2","M22E203095",0.021768974308688,"M22E203.095","M22E203095","M22E203095","18CG512",512,"Children","Girls","F1_18Y_child_girl",18,98,"B12_deficient","18y","Female","Bacteria","Pseudomonadota","Pseudomonadota"
"2413","ASV7","22E203-143",0.0213754646840149,"A22E203.143","22E203-143","22E203.143","24YF503",503,"Parents","Father","F0_24Y_Father",24,104,"B12_deficient","24y","Male","Bacteria","Bacteroidota","Bacteroidota"
"847","ASV2","22E203-046",0.0209596397020613,"A22E203.046","22E203-046","22E203.046","18CB477",477,"Children","Boys","F1_18Y_placebo_boys",18,152.8,"B12_sufficient","18y","Male","Bacteria","Pseudomonadota","Pseudomonadota"
"853","ASV2","22E203-137",0.0208364563034028,"A22E203.137","22E203-137","22E203.137","24YF454",454,"Parents","Father","F0_24Y_Father",24,124,"B12_deficient","24y","Male","Bacteria","Pseudomonadota","Pseudomonadota"
"928","ASV2","M22E203022",0.0206646783127397,"M22E203.022","M22E203022","M22E203022","18CB152",152,"Children","Boys","F1_18Y_child_boys",18,118.1,"B12_deficient","18y","Male","Bacteria","Pseudomonadota","Pseudomonadota"
"2467","ASV7","M22E203074",0.0204622963243653,"M22E203.074","M22E203074","M22E203074","18CG207",207,"Children","Girls","F1_18Y_child_girl",18,123.1,"B12_deficient","18y","Female","Bacteria","Bacteroidota","Bacteroidota"
"465","ASV17","22E203-115",0.0202684563758389,"A22E203.115","22E203-115","22E203.115","24YF92",92,"Parents","Father","F0_24Y_Father",24,45,"B12_deficient","24y","Male","Bacteria","Actinomycetota","Actinomycetota"
"533","ASV17","22E203-035",0.019965491742667,"A22E203.035","22E203-035","22E203.035","18CB315",315,"Children","Boys","F1_18Y_placebo_boys",18,195,"B12_sufficient","18y","Male","Bacteria","Actinomycetota","Actinomycetota"
"561","ASV17","M22E203018",0.0199327569644573,"M22E203.018","M22E203018","M22E203018","18CB44",44,"Children","Boys","F1_18Y_child_boys",18,131.3,"B12_deficient","18y","Male","Bacteria","Actinomycetota","Actinomycetota"
"563","ASV17","M22E203074",0.019893899204244,"M22E203.074","M22E203074","M22E203074","18CG207",207,"Children","Girls","F1_18Y_child_girl",18,123.1,"B12_deficient","18y","Female","Bacteria","Actinomycetota","Actinomycetota"
"2427","ASV7","M22E203070",0.0198429102935097,"M22E203.070","M22E203070","M22E203070","18CG84",84,"Children","Girls","F1_18Y_child_girl",18,282,"B12_sufficient","18y","Female","Bacteria","Bacteroidota","Bacteroidota"
"2397","ASV7","M22E203078",0.0197860178806976,"M22E203.078","M22E203078","M22E203078","18CG283",283,"Children","Girls","F1_18Y_child_girl",18,133.4,"B12_deficient","18y","Female","Bacteria","Bacteroidota","Bacteroidota"
"2349","ASV7","M22E203086",0.019723865877712,"M22E203.086","M22E203086","M22E203086","18CG414",414,"Children","Girls","F1_18Y_child_girl",18,134,"B12_deficient","18y","Female","Bacteria","Bacteroidota","Bacteroidota"
"542","ASV17","22E203-200",0.0192012288786482,"A22E203.200","22E203-200","22E203.200","24YM511",511,"Parents","Mother","F0_24Y_Mothers",24,117,"B12_deficient","24y","Female","Bacteria","Actinomycetota","Actinomycetota"
"965","ASV2","M22E203103",0.018981018981019,"M22E203.103","M22E203103","M22E203103","18CG615",615,"Children","Girls","F1_18Y_child_girl",18,244,"B12_sufficient","18y","Female","Bacteria","Pseudomonadota","Pseudomonadota"
"927","ASV2","M22E203029",0.0189801341262812,"M22E203.029","M22E203029","M22E203029","18CB246",246,"Children","Boys","F1_18Y_child_boys",18,94,"B12_deficient","18y","Male","Bacteria","Pseudomonadota","Pseudomonadota"
"2421","ASV7","22E203-189",0.0189716799560077,"A22E203.189","22E203-189","22E203.189","24YM418",418,"Parents","Mother","F0_24Y_Mothers",24,107,"B12_deficient","24y","Female","Bacteria","Bacteroidota","Bacteroidota"
"526","ASV17","M22E203092",0.0186592950932965,"M22E203.092","M22E203092","M22E203092","18CG460",460,"Children","Girls","F1_18Y_child_girl",18,NA,NA,"18y","Female","Bacteria","Actinomycetota","Actinomycetota"
"906","ASV2","22E203-203",0.0184643510054845,"A22E203.203","22E203-203","22E203.203","24YM558",558,"Parents","Mother","F0_24Y_Mothers",24,1073,"B12_sufficient","24y","Female","Bacteria","Pseudomonadota","Pseudomonadota"
"938","ASV2","M22E203090",0.018367772907535,"M22E203.090","M22E203090","M22E203090","18CG437",437,"Children","Girls","F1_18Y_child_girl",18,162.3,"B12_sufficient","18y","Female","Bacteria","Pseudomonadota","Pseudomonadota"
"2380","ASV7","M22E203090",0.018367772907535,"M22E203.090","M22E203090","M22E203090","18CG437",437,"Children","Girls","F1_18Y_child_girl",18,162.3,"B12_sufficient","18y","Female","Bacteria","Bacteroidota","Bacteroidota"
"924","ASV2","M22E203042",0.0181737588652482,"M22E203.042","M22E203042","M22E203042","18CB426",426,"Children","Boys","F1_18Y_child_boys",18,130.2,"B12_deficient","18y","Male","Bacteria","Pseudomonadota","Pseudomonadota"
"320","ASV138","22E203-173",0.0177951388888889,"A22E203.173","22E203-173","22E203.173","24YM196",196,"Parents","Mother","F0_24Y_Mothers",24,198,"B12_sufficient","24y","Female","Bacteria","Cyanobacteriota","Cyanobacteriota"
"920","ASV2","22E203-201",0.0177113161522961,"A22E203.201","22E203-201","22E203.201","24YM541",541,"Parents","Mother","F0_24Y_Mothers",24,240,"B12_sufficient","24y","Female","Bacteria","Pseudomonadota","Pseudomonadota"
"457","ASV17","M22E203096",0.0176730486008837,"M22E203.096","M22E203096","M22E203096","18CG514",514,"Children","Girls","F1_18Y_child_girl",18,161.9,"B12_sufficient","18y","Female","Bacteria","Actinomycetota","Actinomycetota"
"462","ASV17","22E203-153",0.0175484319346712,"A22E203.153","22E203-153","22E203.153","24YF624",624,"Parents","Father","F0_24Y_Father",24,326,"B12_sufficient","24y","Male","Bacteria","Actinomycetota","Actinomycetota"
"574","ASV17","22E203-175",0.0175048871512351,"A22E203.175","22E203-175","22E203.175","24YM220",220,"Parents","Mother","F0_24Y_Mothers",24,231,"B12_sufficient","24y","Female","Bacteria","Actinomycetota","Actinomycetota"
"2392","ASV7","22E203-063",0.0173090040927694,"A22E203.063","22E203-063","22E203.063","18CB702",702,"Children","Boys","F1_18Y_placebo_boys",18,152.6,"B12_sufficient","18y","Male","Bacteria","Bacteroidota","Bacteroidota"
"509","ASV17","M22E203102",0.0173004987531172,"M22E203.102","M22E203102","M22E203102","18CG601",601,"Children","Girls","F1_18Y_child_girl",18,168,"B12_sufficient","18y","Female","Bacteria","Actinomycetota","Actinomycetota"
"559","ASV17","M22E203108",0.0172804532577904,"M22E203.108","M22E203108","M22E203108","18CG678",678,"Children","Girls","F1_18Y_child_girl",18,131.3,"B12_deficient","18y","Female","Bacteria","Actinomycetota","Actinomycetota"
"2354","ASV7","M22E203097",0.0172537742631201,"M22E203.097","M22E203097","M22E203097","18CG539",539,"Children","Girls","F1_18Y_child_girl",18,148,"B12_deficient","18y","Female","Bacteria","Bacteroidota","Bacteroidota"
"2417","ASV7","22E203-017",0.0170472616245786,"A22E203.017","22E203-017","22E203.017","18CB43",43,"Children","Boys","F1_18Y_placebo_boys",18,309,"B12_sufficient","18y","Male","Bacteria","Bacteroidota","Bacteroidota"
"444","ASV17","22E203-110",0.0170382835506942,"A22E203.110","22E203-110","22E203.110","24YF14",14,"Parents","Father","F0_24Y_Father",24,151,"B12_sufficient","24y","Male","Bacteria","Actinomycetota","Actinomycetota"
"361","ASV138","22E203-207",0.0169390195296931,"A22E203.207","22E203-207","22E203.207","24YM655",655,"Parents","Mother","F0_24Y_Mothers",24,128,"B12_deficient","24y","Female","Bacteria","Cyanobacteriota","Cyanobacteriota"
"426","ASV17","M22E203093",0.0169056280761823,"M22E203.093","M22E203093","M22E203093","18CG482",482,"Children","Girls","F1_18Y_child_girl",18,183,"B12_sufficient","18y","Female","Bacteria","Actinomycetota","Actinomycetota"
"6","ASV1017","22E203-081",0.016640866873065,"A22E203.081","22E203-081","22E203.081","18CG314",314,"Children","Girls","F1_18Y_placebo_girls",18,175,"B12_sufficient","18y","Female","Bacteria","Verrucomicrobiota","Other"
"513","ASV17","M22E203091",0.0161410479264961,"M22E203.091","M22E203091","M22E203091","18CG438",438,"Children","Girls","F1_18Y_child_girl",18,208.2,"B12_sufficient","18y","Female","Bacteria","Actinomycetota","Actinomycetota"
"806","ASV2","22E203-152",0.0161290322580645,"A22E203.152","22E203-152","22E203.152","24YF602",602,"Parents","Father","F0_24Y_Father",24,310,"B12_sufficient","24y","Male","Bacteria","Pseudomonadota","Pseudomonadota"
"128","ASV1017","M22E203071",0.0160744500846024,"M22E203.071","M22E203071","M22E203071","18CG163",163,"Children","Girls","F1_18Y_child_girl",18,194,"B12_sufficient","18y","Female","Bacteria","Verrucomicrobiota","Other"
"879","ASV2","22E203-139",0.0159531502423263,"A22E203.139","22E203-139","22E203.139","24YF468",468,"Parents","Father","F0_24Y_Father",24,144.7,"B12_deficient","24y","Male","Bacteria","Pseudomonadota","Pseudomonadota"
"237","ASV138","22E203-166",0.0158565115674552,"A22E203.166","22E203-166","22E203.166","24YM70",70,"Parents","Mother","F0_24Y_Mothers",24,519,"B12_sufficient","24y","Female","Bacteria","Cyanobacteriota","Cyanobacteriota"
"456","ASV17","M22E203059",0.0158084914182475,"M22E203.059","M22E203059","M22E203059","18CB645",645,"Children","Boys","F1_18Y_child_boys",18,173.2,"B12_sufficient","18y","Male","Bacteria","Actinomycetota","Actinomycetota"
"861","ASV2","22E203-118",0.0157766990291262,"A22E203.118","22E203-118","22E203.118","24YF179",179,"Parents","Father","F0_24Y_Father",24,122,"B12_deficient","24y","Male","Bacteria","Pseudomonadota","Pseudomonadota"
"297","ASV138","22E203-142",0.0156168662155128,"A22E203.142","22E203-142","22E203.142","24YF502",502,"Parents","Father","F0_24Y_Father",24,76,"B12_deficient","24y","Male","Bacteria","Cyanobacteriota","Cyanobacteriota"
"2494","ASV7","M22E203018",0.0156099903938521,"M22E203.018","M22E203018","M22E203018","18CB44",44,"Children","Boys","F1_18Y_child_boys",18,131.3,"B12_deficient","18y","Male","Bacteria","Bacteroidota","Bacteroidota"
"2325","ASV7","22E203-050",0.0155920775389802,"A22E203.050","22E203-050","22E203.050","18CB534",534,"Children","Boys","F1_18Y_placebo_boys",18,338,"B12_sufficient","18y","Male","Bacteria","Bacteroidota","Bacteroidota"
"181","ASV1017","22E203-207",0.0155440414507772,"A22E203.207","22E203-207","22E203.207","24YM655",655,"Parents","Mother","F0_24Y_Mothers",24,128,"B12_deficient","24y","Female","Bacteria","Verrucomicrobiota","Other"
"304","ASV138","M22E203034",0.0152123035773989,"M22E203.034","M22E203034","M22E203034","18CB312",312,"Children","Boys","F1_18Y_child_boys",18,380.5,"B12_sufficient","18y","Male","Bacteria","Cyanobacteriota","Cyanobacteriota"
"334","ASV138","22E203-043",0.0150057086935247,"A22E203.043","22E203-043","22E203.043","18CB433",433,"Children","Boys","F1_18Y_placebo_boys",18,75,"B12_deficient","18y","Male","Bacteria","Cyanobacteriota","Cyanobacteriota"
"441","ASV17","22E203-139",0.0149434571890145,"A22E203.139","22E203-139","22E203.139","24YF468",468,"Parents","Father","F0_24Y_Father",24,144.7,"B12_deficient","24y","Male","Bacteria","Actinomycetota","Actinomycetota"
"519","ASV17","22E203-145",0.0148986889153754,"A22E203.145","22E203-145","22E203.145","24YF547",547,"Parents","Father","F0_24Y_Father",24,123,"B12_deficient","24y","Male","Bacteria","Actinomycetota","Actinomycetota"
"537","ASV17","22E203-199",0.0148550724637681,"A22E203.199","22E203-199","22E203.199","24YM510",510,"Parents","Mother","F0_24Y_Mothers",24,132,"B12_deficient","24y","Female","Bacteria","Actinomycetota","Actinomycetota"
"436","ASV17","22E203-161",0.0148008927522612,"A22E203.161","22E203-161","22E203.161","24YM36",36,"Parents","Mother","F0_24Y_Mothers",24,185,"B12_sufficient","24y","Female","Bacteria","Actinomycetota","Actinomycetota"
"360","ASV138","22E203-149",0.0146949680866855,"A22E203.149","22E203-149","22E203.149","24YF578",578,"Parents","Father","F0_24Y_Father",24,255,"B12_sufficient","24y","Male","Bacteria","Cyanobacteriota","Cyanobacteriota"
"2355","ASV7","M22E203083",0.0142679900744417,"M22E203.083","M22E203083","M22E203083","18CG346",346,"Children","Girls","F1_18Y_child_girl",18,140,"B12_deficient","18y","Female","Bacteria","Bacteroidota","Bacteroidota"
"231","ASV138","22E203-136",0.0138816588582336,"A22E203.136","22E203-136","22E203.136","24YF441",441,"Parents","Father","F0_24Y_Father",24,340,"B12_sufficient","24y","Male","Bacteria","Cyanobacteriota","Cyanobacteriota"
"2455","ASV7","22E203-172",0.0136864028562928,"A22E203.172","22E203-172","22E203.172","24YM185",185,"Parents","Mother","F0_24Y_Mothers",24,118,"B12_deficient","24y","Female","Bacteria","Bacteroidota","Bacteroidota"
"2364","ASV7","M22E203095",0.013532065110806,"M22E203.095","M22E203095","M22E203095","18CG512",512,"Children","Girls","F1_18Y_child_girl",18,98,"B12_deficient","18y","Female","Bacteria","Bacteroidota","Bacteroidota"
"907","ASV2","22E203-200",0.0135176651305684,"A22E203.200","22E203-200","22E203.200","24YM511",511,"Parents","Mother","F0_24Y_Mothers",24,117,"B12_deficient","24y","Female","Bacteria","Pseudomonadota","Pseudomonadota"
"2499","ASV7","M22E203069",0.0134859651873922,"M22E203.069","M22E203069","M22E203069","18CG64",64,"Children","Girls","F1_18Y_child_girl",18,143,"B12_deficient","18y","Female","Bacteria","Bacteroidota","Bacteroidota"
"389","ASV17","22E203-053",0.0133649128743021,"A22E203.053","22E203-053","22E203.053","18CB544",544,"Children","Boys","F1_18Y_placebo_boys",18,94,"B12_deficient","18y","Male","Bacteria","Actinomycetota","Actinomycetota"
"387","ASV17","22E203-080",0.0132357082511968,"A22E203.080","22E203-080","22E203.080","18CG294",294,"Children","Girls","F1_18Y_placebo_girls",18,213.3,"B12_sufficient","18y","Female","Bacteria","Actinomycetota","Actinomycetota"
"88","ASV1017","22E203-048",0.0132309005548442,"A22E203.048","22E203-048","22E203.048","18CB503",503,"Children","Boys","F1_18Y_placebo_boys",18,191,"B12_sufficient","18y","Male","Bacteria","Verrucomicrobiota","Other"
"2395","ASV7","22E203-154",0.0132217573221757,"A22E203.154","22E203-154","22E203.154","24YF625",625,"Parents","Father","F0_24Y_Father",24,138,"B12_deficient","24y","Male","Bacteria","Bacteroidota","Bacteroidota"
"528","ASV17","22E203-188",0.0131108462455304,"A22E203.188","22E203-188","22E203.188","24YM415",415,"Parents","Mother","F0_24Y_Mothers",24,277,"B12_sufficient","24y","Female","Bacteria","Actinomycetota","Actinomycetota"
"2379","ASV7","22E203-061",0.0130119769333136,"A22E203.061","22E203-061","22E203.061","18CB669",669,"Children","Boys","F1_18Y_placebo_boys",18,NA,NA,"18y","Male","Bacteria","Bacteroidota","Bacteroidota"
"54","ASV1017","M22E203097",0.01294033069734,"M22E203.097","M22E203097","M22E203097","18CG539",539,"Children","Girls","F1_18Y_child_girl",18,148,"B12_deficient","18y","Female","Bacteria","Verrucomicrobiota","Other"
"848","ASV2","22E203-117",0.0128401953942777,"A22E203.117","22E203-117","22E203.117","24YF116",116,"Parents","Father","F0_24Y_Father",24,291,"B12_sufficient","24y","Male","Bacteria","Pseudomonadota","Pseudomonadota"
"481","ASV17","22E203-027",0.012742188863676,"A22E203.027","22E203-027","22E203.027","18CB223",223,"Children","Boys","F1_18Y_placebo_boys",18,199.1,"B12_sufficient","18y","Male","Bacteria","Actinomycetota","Actinomycetota"
"925","ASV2","M22E203034",0.0127047810096958,"M22E203.034","M22E203034","M22E203034","18CB312",312,"Children","Boys","F1_18Y_child_boys",18,380.5,"B12_sufficient","18y","Male","Bacteria","Pseudomonadota","Pseudomonadota"
"1231","ASV3","22E203-038",0.0126960418222554,"A22E203.038","22E203-038","22E203.038","18CB375",375,"Children","Boys","F1_18Y_placebo_boys",18,149.5,"B12_deficient","18y","Male","Bacteria","Bacillota","Bacillota"
"397","ASV17","22E203-130",0.0126459143968872,"A22E203.130","22E203-130","22E203.130","24YF369",369,"Parents","Father","F0_24Y_Father",24,34,"B12_deficient","24y","Male","Bacteria","Actinomycetota","Actinomycetota"
"568","ASV17","M22E203076",0.0126112759643917,"M22E203.076","M22E203076","M22E203076","18CG233",233,"Children","Girls","F1_18Y_child_girl",18,112,"B12_deficient","18y","Female","Bacteria","Actinomycetota","Actinomycetota"
"546","ASV17","22E203-181",0.0126041878430575,"A22E203.181","22E203-181","22E203.181","24YM278",278,"Parents","Mother","F0_24Y_Mothers",24,96,"B12_deficient","24y","Female","Bacteria","Actinomycetota","Actinomycetota"
"2426","ASV7","22E203-037",0.0125251621561172,"A22E203.037","22E203-037","22E203.037","18CB371",371,"Children","Boys","F1_18Y_placebo_boys",18,188,"B12_sufficient","18y","Male","Bacteria","Bacteroidota","Bacteroidota"
"2495","ASV7","22E203-204",0.0123938879456706,"A22E203.204","22E203-204","22E203.204","24YM560",560,"Parents","Mother","F0_24Y_Mothers",24,136,"B12_deficient","24y","Female","Bacteria","Bacteroidota","Bacteroidota"
"365","ASV138","22E203-178",0.0123018689377809,"A22E203.178","22E203-178","22E203.178","24YM237",237,"Parents","Mother","F0_24Y_Mothers",24,189,"B12_sufficient","24y","Female","Bacteria","Cyanobacteriota","Cyanobacteriota"
"69","ASV1017","22E203-143",0.0122676579925651,"A22E203.143","22E203-143","22E203.143","24YF503",503,"Parents","Father","F0_24Y_Father",24,104,"B12_deficient","24y","Male","Bacteria","Verrucomicrobiota","Other"
"356","ASV138","22E203-177",0.0119975070115301,"A22E203.177","22E203-177","22E203.177","24YM233",233,"Parents","Mother","F0_24Y_Mothers",24,494,"B12_sufficient","24y","Female","Bacteria","Cyanobacteriota","Cyanobacteriota"
"471","ASV17","22E203-164",0.0119687522396617,"A22E203.164","22E203-164","22E203.164","24YM51",51,"Parents","Mother","F0_24Y_Mothers",24,123,"B12_deficient","24y","Female","Bacteria","Actinomycetota","Actinomycetota"
"2471","ASV7","M22E203064",0.0118931565607331,"M22E203.064","M22E203064","M22E203064","18CG5",5,"Children","Girls","F1_18Y_child_girl",18,172.6,"B12_sufficient","18y","Female","Bacteria","Bacteroidota","Bacteroidota"
"926","ASV2","M22E203085",0.0118500604594921,"M22E203.085","M22E203085","M22E203085","18CG401",401,"Children","Girls","F1_18Y_child_girl",18,263,"B12_sufficient","18y","Female","Bacteria","Pseudomonadota","Pseudomonadota"
"576","ASV17","22E203-177",0.011685883452789,"A22E203.177","22E203-177","22E203.177","24YM233",233,"Parents","Mother","F0_24Y_Mothers",24,494,"B12_sufficient","24y","Female","Bacteria","Actinomycetota","Actinomycetota"
"430","ASV17","M22E203082",0.0116731517509728,"M22E203.082","M22E203082","M22E203082","18CG341",341,"Children","Girls","F1_18Y_child_girl",18,116.6,"B12_deficient","18y","Female","Bacteria","Actinomycetota","Actinomycetota"
"461","ASV17","M22E203086",0.0115877712031558,"M22E203.086","M22E203086","M22E203086","18CG414",414,"Children","Girls","F1_18Y_child_girl",18,134,"B12_deficient","18y","Female","Bacteria","Actinomycetota","Actinomycetota"
"438","ASV17","M22E203033",0.0115464452516866,"M22E203.033","M22E203033","M22E203033","18CB307",307,"Children","Boys","F1_18Y_child_boys",18,117,"B12_deficient","18y","Male","Bacteria","Actinomycetota","Actinomycetota"
"2474","ASV7","22E203-043",0.0112542815201435,"A22E203.043","22E203-043","22E203.043","18CB433",433,"Children","Boys","F1_18Y_placebo_boys",18,75,"B12_deficient","18y","Male","Bacteria","Bacteroidota","Bacteroidota"
"437","ASV17","22E203-190",0.0111757018611149,"A22E203.190","22E203-190","22E203.190","24YM427",427,"Parents","Mother","F0_24Y_Mothers",24,178,"B12_sufficient","24y","Female","Bacteria","Actinomycetota","Actinomycetota"
"721","ASV1938","22E203-207",0.0111598246313272,"A22E203.207","22E203-207","22E203.207","24YM655",655,"Parents","Mother","F0_24Y_Mothers",24,128,"B12_deficient","24y","Female","Bacteria","Spirochaetota","Other"
"1418","ASV3375","M22E203108",0.0110481586402266,"M22E203.108","M22E203108","M22E203108","18CG678",678,"Children","Girls","F1_18Y_child_girl",18,131.3,"B12_deficient","18y","Female","Bacteria","Fusobacteriota","Other"
"412","ASV17","22E203-128",0.0107033639143731,"A22E203.128","22E203-128","22E203.128","24YF348",348,"Parents","Father","F0_24Y_Father",24,164,"B12_sufficient","24y","Male","Bacteria","Actinomycetota","Actinomycetota"
"979","ASV2475","22E203-131",0.0106936822850711,"A22E203.131","22E203-131","22E203.131","24YF383",383,"Parents","Father","F0_24Y_Father",24,154,"B12_sufficient","24y","Male","Archaea","Methanobacteriota","Other"
"1039","ASV2475","22E203-201",0.010499522748966,"A22E203.201","22E203-201","22E203.201","24YM541",541,"Parents","Mother","F0_24Y_Mothers",24,240,"B12_sufficient","24y","Female","Archaea","Methanobacteriota","Other"
"540","ASV17","22E203-183",0.0104293797847554,"A22E203.183","22E203-183","22E203.183","24YM294",294,"Parents","Mother","F0_24Y_Mothers",24,128,"B12_deficient","24y","Female","Bacteria","Actinomycetota","Actinomycetota"
"485","ASV17","22E203-195",0.0103871576959396,"A22E203.195","22E203-195","22E203.195","24YM465",465,"Parents","Mother","F0_24Y_Mothers",24,258,"B12_sufficient","24y","Female","Bacteria","Actinomycetota","Actinomycetota"
"484","ASV17","22E203-165",0.0103314101704012,"A22E203.165","22E203-165","22E203.165","24YM54",54,"Parents","Mother","F0_24Y_Mothers",24,164,"B12_sufficient","24y","Female","Bacteria","Actinomycetota","Actinomycetota"
"567","ASV17","M22E203022",0.0102258201959949,"M22E203.022","M22E203022","M22E203022","18CB152",152,"Children","Boys","F1_18Y_child_boys",18,118.1,"B12_deficient","18y","Male","Bacteria","Actinomycetota","Actinomycetota"
"534","ASV17","M22E203069",0.0100360671161988,"M22E203.069","M22E203069","M22E203069","18CG64",64,"Children","Girls","F1_18Y_child_girl",18,143,"B12_deficient","18y","Female","Bacteria","Actinomycetota","Actinomycetota"
"503","ASV17","M22E203023",0.0100344036697248,"M22E203.023","M22E203023","M22E203023","18CB183",183,"Children","Boys","F1_18Y_child_boys",18,117,"B12_deficient","18y","Male","Bacteria","Actinomycetota","Actinomycetota"
"781","ASV2","22E203-179",0.00957756114246622,"A22E203.179","22E203-179","22E203.179","24YM239",239,"Parents","Mother","F0_24Y_Mothers",24,101,"B12_deficient","24y","Female","Bacteria","Pseudomonadota","Pseudomonadota"
"1437","ASV3375","22E203-162",0.0095650874308773,"A22E203.162","22E203-162","22E203.162","24YM38",38,"Parents","Mother","F0_24Y_Mothers",24,753,"B12_sufficient","24y","Female","Bacteria","Fusobacteriota","Other"
"347","ASV138","22E203-205",0.00954719039825423,"A22E203.205","22E203-205","22E203.205","24YM563",563,"Parents","Mother","F0_24Y_Mothers",24,239,"B12_sufficient","24y","Female","Bacteria","Cyanobacteriota","Cyanobacteriota"
"1022","ASV2475","22E203-176",0.00950570342205323,"A22E203.176","22E203-176","22E203.176","24YM221",221,"Parents","Mother","F0_24Y_Mothers",24,213,"B12_sufficient","24y","Female","Archaea","Methanobacteriota","Other"
"252","ASV138","22E203-063",0.00946452933151432,"A22E203.063","22E203-063","22E203.063","18CB702",702,"Children","Boys","F1_18Y_placebo_boys",18,152.6,"B12_sufficient","18y","Male","Bacteria","Cyanobacteriota","Cyanobacteriota"
"2441","ASV7","M22E203106",0.00936454849498328,"M22E203.106","M22E203106","M22E203106","18CG648",648,"Children","Girls","F1_18Y_child_girl",18,181.2,"B12_sufficient","18y","Female","Bacteria","Bacteroidota","Bacteroidota"
"476","ASV17","22E203-151",0.00925576123913865,"A22E203.151","22E203-151","22E203.151","24YF590",590,"Parents","Father","F0_24Y_Father",24,169,"B12_sufficient","24y","Male","Bacteria","Actinomycetota","Actinomycetota"
"342","ASV138","22E203-185",0.00913535769428719,"A22E203.185","22E203-185","22E203.185","24YM342",342,"Parents","Mother","F0_24Y_Mothers",24,121,"B12_deficient","24y","Female","Bacteria","Cyanobacteriota","Cyanobacteriota"
"413","ASV17","22E203-100",0.00913003782444242,"A22E203.100","22E203-100","22E203.100","18CG584",584,"Children","Girls","F1_18Y_placebo_girls",18,109,"B12_deficient","18y","Female","Bacteria","Actinomycetota","Actinomycetota"
"435","ASV17","M22E203094",0.00897934750074828,"M22E203.094","M22E203094","M22E203094","18CG490",490,"Children","Girls","F1_18Y_child_girl",18,208,"B12_sufficient","18y","Female","Bacteria","Actinomycetota","Actinomycetota"
"386","ASV138","M22E203180",0.00891364902506964,"M22E203.180","M22E203180","M22E203180","24YM258",258,"Parents","Mother","F0_24Y_Mothers",24,114,"B12_deficient","24y","Female","Bacteria","Cyanobacteriota","Cyanobacteriota"
"2480","ASV7","M22E203076",0.00890207715133531,"M22E203.076","M22E203076","M22E203076","18CG233",233,"Children","Girls","F1_18Y_child_girl",18,112,"B12_deficient","18y","Female","Bacteria","Bacteroidota","Bacteroidota"
"535","ASV17","M22E203104",0.00875710554616685,"M22E203.104","M22E203104","M22E203104","18CG628",628,"Children","Girls","F1_18Y_child_girl",18,205,"B12_sufficient","18y","Female","Bacteria","Actinomycetota","Actinomycetota"
"2505","ASV7","22E203-206",0.00871313672922252,"A22E203.206","22E203-206","22E203.206","24YM638",638,"Parents","Mother","F0_24Y_Mothers",24,146,"B12_deficient","24y","Female","Bacteria","Bacteroidota","Bacteroidota"
"2388","ASV7","22E203-109",0.00867121637896427,"A22E203.109","22E203-109","22E203.109","18CG684",684,"Children","Girls","F1_18Y_placebo_girls",18,174,"B12_sufficient","18y","Female","Bacteria","Bacteroidota","Bacteroidota"
"281","ASV138","22E203-179",0.00855139387720198,"A22E203.179","22E203-179","22E203.179","24YM239",239,"Parents","Mother","F0_24Y_Mothers",24,101,"B12_deficient","24y","Female","Bacteria","Cyanobacteriota","Cyanobacteriota"
"788","ASV2","22E203-131",0.00844238075137189,"A22E203.131","22E203-131","22E203.131","24YF383",383,"Parents","Father","F0_24Y_Father",24,154,"B12_sufficient","24y","Male","Bacteria","Pseudomonadota","Pseudomonadota"
"1695","ASV426","M22E203051",0.00823436262866192,"M22E203.051","M22E203051","M22E203051","18CB540",540,"Children","Boys","F1_18Y_child_boys",18,136,"B12_deficient","18y","Male","Bacteria","Patescibacteria","Other"
"203","ASV138","22E203-131",0.00816096805965949,"A22E203.131","22E203-131","22E203.131","24YF383",383,"Parents","Father","F0_24Y_Father",24,154,"B12_sufficient","24y","Male","Bacteria","Cyanobacteriota","Cyanobacteriota"
"1157","ASV2475","M22E203076",0.00816023738872404,"M22E203.076","M22E203076","M22E203076","18CG233",233,"Children","Girls","F1_18Y_child_girl",18,112,"B12_deficient","18y","Female","Archaea","Methanobacteriota","Other"
"551","ASV17","22E203-182",0.00798071327624906,"A22E203.182","22E203-182","22E203.182","24YM292",292,"Parents","Mother","F0_24Y_Mothers",24,231,"B12_sufficient","24y","Female","Bacteria","Actinomycetota","Actinomycetota"
"259","ASV138","22E203-187",0.00796076480204705,"A22E203.187","22E203-187","22E203.187","24YM414",414,"Parents","Mother","F0_24Y_Mothers",24,102,"B12_deficient","24y","Female","Bacteria","Cyanobacteriota","Cyanobacteriota"
"538","ASV17","22E203-209",0.00788867222123737,"A22E203.209","22E203-209","22E203.209","24YM708",708,"Parents","Mother","F0_24Y_Mothers",24,83,"B12_deficient","24y","Female","Bacteria","Actinomycetota","Actinomycetota"
"466","ASV17","22E203-112",0.00778740387423343,"A22E203.112","22E203-112","22E203.112","24YF54",54,"Parents","Father","F0_24Y_Father",24,116,"B12_deficient","24y","Male","Bacteria","Actinomycetota","Actinomycetota"
"558","ASV17","M22E203107",0.00777037741833175,"M22E203.107","M22E203107","M22E203107","18CG649",649,"Children","Girls","F1_18Y_child_girl",18,245,"B12_sufficient","18y","Female","Bacteria","Actinomycetota","Actinomycetota"
"2418","ASV7","M22E203052",0.00776273885350318,"M22E203.052","M22E203052","M22E203052","18CB542",542,"Children","Boys","F1_18Y_child_boys",18,246.5,"B12_sufficient","18y","Male","Bacteria","Bacteroidota","Bacteroidota"
"2454","ASV7","M22E203107",0.00761179828734539,"M22E203.107","M22E203107","M22E203107","18CG649",649,"Children","Girls","F1_18Y_child_girl",18,245,"B12_sufficient","18y","Female","Bacteria","Bacteroidota","Bacteroidota"
"452","ASV17","M22E203085",0.00749697702539299,"M22E203.085","M22E203085","M22E203085","18CG401",401,"Children","Girls","F1_18Y_child_girl",18,263,"B12_sufficient","18y","Female","Bacteria","Actinomycetota","Actinomycetota"
"346","ASV138","22E203-175",0.00737515550026657,"A22E203.175","22E203-175","22E203.175","24YM220",220,"Parents","Mother","F0_24Y_Mothers",24,231,"B12_sufficient","24y","Female","Bacteria","Cyanobacteriota","Cyanobacteriota"
"895","ASV2","M22E203052",0.0071656050955414,"M22E203.052","M22E203052","M22E203052","18CB542",542,"Children","Boys","F1_18Y_child_boys",18,246.5,"B12_sufficient","18y","Male","Bacteria","Pseudomonadota","Pseudomonadota"
"524","ASV17","22E203-198",0.00714024166971805,"A22E203.198","22E203-198","22E203.198","24YM498",498,"Parents","Mother","F0_24Y_Mothers",24,134,"B12_deficient","24y","Female","Bacteria","Actinomycetota","Actinomycetota"
"2450","ASV7","22E203-185",0.0070766855378281,"A22E203.185","22E203-185","22E203.185","24YM342",342,"Parents","Mother","F0_24Y_Mothers",24,121,"B12_deficient","24y","Female","Bacteria","Bacteroidota","Bacteroidota"
"2405","ASV7","22E203-067",0.00707158010528797,"A22E203.067","22E203-067","22E203.067","18CG35",35,"Children","Girls","F1_18Y_placebo_girls",18,143.9,"B12_deficient","18y","Female","Bacteria","Bacteroidota","Bacteroidota"
"85","ASV1017","M22E203102",0.00701371571072319,"M22E203.102","M22E203102","M22E203102","18CG601",601,"Children","Girls","F1_18Y_child_girl",18,168,"B12_sufficient","18y","Female","Bacteria","Verrucomicrobiota","Other"
"831","ASV2","22E203-125",0.00692063096203005,"A22E203.125","22E203-125","22E203.125","24YF292",292,"Parents","Father","F0_24Y_Father",24,148,"B12_deficient","24y","Male","Bacteria","Pseudomonadota","Pseudomonadota"
"2456","ASV7","22E203-024",0.00687001923605386,"A22E203.024","22E203-024","22E203.024","18CB200",200,"Children","Boys","F1_18Y_placebo_boys",18,144,"B12_deficient","18y","Male","Bacteria","Bacteroidota","Bacteroidota"
"299","ASV138","22E203-201",0.00684059815462934,"A22E203.201","22E203-201","22E203.201","24YM541",541,"Parents","Mother","F0_24Y_Mothers",24,240,"B12_sufficient","24y","Female","Bacteria","Cyanobacteriota","Cyanobacteriota"
"407","ASV17","22E203-048",0.00682885189927443,"A22E203.048","22E203-048","22E203.048","18CB503",503,"Children","Boys","F1_18Y_placebo_boys",18,191,"B12_sufficient","18y","Male","Bacteria","Actinomycetota","Actinomycetota"
"963","ASV2","M22E203069",0.0067429825936961,"M22E203.069","M22E203069","M22E203069","18CG64",64,"Children","Girls","F1_18Y_child_girl",18,143,"B12_deficient","18y","Female","Bacteria","Pseudomonadota","Pseudomonadota"
"2343","ASV7","22E203-159",0.00671465406102278,"A22E203.159","22E203-159","22E203.159","24YF710",710,"Parents","Father","F0_24Y_Father",24,106,"B12_deficient","24y","Male","Bacteria","Bacteroidota","Bacteroidota"
"2448","ASV7","M22E203034",0.00668672684720829,"M22E203.034","M22E203034","M22E203034","18CB312",312,"Children","Boys","F1_18Y_child_boys",18,380.5,"B12_sufficient","18y","Male","Bacteria","Bacteroidota","Bacteroidota"
"454","ASV17","22E203-140",0.00664784627993807,"A22E203.140","22E203-140","22E203.140","24YF472",472,"Parents","Father","F0_24Y_Father",24,116,"B12_deficient","24y","Male","Bacteria","Actinomycetota","Actinomycetota"
"167","ASV1017","22E203-205",0.00654664484451719,"A22E203.205","22E203-205","22E203.205","24YM563",563,"Parents","Mother","F0_24Y_Mothers",24,239,"B12_sufficient","24y","Female","Bacteria","Verrucomicrobiota","Other"
"336","ASV138","M22E203089",0.00642627632988218,"M22E203.089","M22E203089","M22E203089","18CG436",436,"Children","Girls","F1_18Y_child_girl",18,131,"B12_deficient","18y","Female","Bacteria","Cyanobacteriota","Cyanobacteriota"
"1740","ASV588","22E203-075",0.00639726374461616,"A22E203.075","22E203-075","22E203.075","18CG219",219,"Children","Girls","F1_18Y_placebo_girls",18,146.5,"B12_deficient","18y","Female","Bacteria","Elusimicrobiota","Other"
"891","ASV2","22E203-111",0.00638919313618109,"A22E203.111","22E203-111","22E203.111","24YF36",36,"Parents","Father","F0_24Y_Father",24,106,"B12_deficient","24y","Male","Bacteria","Pseudomonadota","Pseudomonadota"
"517","ASV17","M22E203078",0.00630221310274073,"M22E203.078","M22E203078","M22E203078","18CG283",283,"Children","Girls","F1_18Y_child_girl",18,133.4,"B12_deficient","18y","Female","Bacteria","Actinomycetota","Actinomycetota"
"73","ASV1017","22E203-166",0.00623862750194957,"A22E203.166","22E203-166","22E203.166","24YM70",70,"Parents","Mother","F0_24Y_Mothers",24,519,"B12_sufficient","24y","Female","Bacteria","Verrucomicrobiota","Other"
"850","ASV2","22E203-175",0.00622001066287542,"A22E203.175","22E203-175","22E203.175","24YM220",220,"Parents","Mother","F0_24Y_Mothers",24,231,"B12_sufficient","24y","Female","Bacteria","Pseudomonadota","Pseudomonadota"
"255","ASV138","22E203-197",0.00621255824273353,"A22E203.197","22E203-197","22E203.197","24YM475",475,"Parents","Mother","F0_24Y_Mothers",24,305,"B12_sufficient","24y","Female","Bacteria","Cyanobacteriota","Cyanobacteriota"
"889","ASV2","22E203-178",0.00615093446889047,"A22E203.178","22E203-178","22E203.178","24YM237",237,"Parents","Mother","F0_24Y_Mothers",24,189,"B12_sufficient","24y","Female","Bacteria","Pseudomonadota","Pseudomonadota"
"271","ASV138","22E203-140",0.0061014479555596,"A22E203.140","22E203-140","22E203.140","24YF472",472,"Parents","Father","F0_24Y_Father",24,116,"B12_deficient","24y","Male","Bacteria","Cyanobacteriota","Cyanobacteriota"
"406","ASV17","22E203-131",0.00605037287181652,"A22E203.131","22E203-131","22E203.131","24YF383",383,"Parents","Father","F0_24Y_Father",24,154,"B12_sufficient","24y","Male","Bacteria","Actinomycetota","Actinomycetota"
"102","ASV1017","M22E203092",0.00604699378023497,"M22E203.092","M22E203092","M22E203092","18CG460",460,"Children","Girls","F1_18Y_child_girl",18,NA,NA,"18y","Female","Bacteria","Verrucomicrobiota","Other"
"529","ASV17","M22E203029",0.00594710869290143,"M22E203.029","M22E203029","M22E203029","18CB246",246,"Children","Boys","F1_18Y_child_boys",18,94,"B12_deficient","18y","Male","Bacteria","Actinomycetota","Actinomycetota"
"18","ASV1017","22E203-136",0.00589970501474926,"A22E203.136","22E203-136","22E203.136","24YF441",441,"Parents","Father","F0_24Y_Father",24,340,"B12_sufficient","24y","Male","Bacteria","Verrucomicrobiota","Other"
"170","ASV1017","22E203-175",0.00586458148213968,"A22E203.175","22E203-175","22E203.175","24YM220",220,"Parents","Mother","F0_24Y_Mothers",24,231,"B12_sufficient","24y","Female","Bacteria","Verrucomicrobiota","Other"
"2482","ASV7","M22E203051",0.0058590657165479,"M22E203.051","M22E203051","M22E203051","18CB540",540,"Children","Boys","F1_18Y_child_boys",18,136,"B12_deficient","18y","Male","Bacteria","Bacteroidota","Bacteroidota"
"921","ASV2","M22E203056",0.00585717503942329,"M22E203.056","M22E203056","M22E203056","18CB604",604,"Children","Boys","F1_18Y_child_boys",18,101,"B12_deficient","18y","Male","Bacteria","Pseudomonadota","Pseudomonadota"
"943","ASV2","M22E203073",0.00583312198833376,"M22E203.073","M22E203073","M22E203073","18CG199",199,"Children","Girls","F1_18Y_child_girl",18,106,"B12_deficient","18y","Female","Bacteria","Pseudomonadota","Pseudomonadota"
"434","ASV17","M22E203055",0.00570553854717506,"M22E203.055","M22E203055","M22E203055","18CB595",595,"Children","Boys","F1_18Y_child_boys",18,233,"B12_sufficient","18y","Male","Bacteria","Actinomycetota","Actinomycetota"
"784","ASV2","22E203-141",0.00557577634941532,"A22E203.141","22E203-141","22E203.141","24YF490",490,"Parents","Father","F0_24Y_Father",24,144,"B12_deficient","24y","Male","Bacteria","Pseudomonadota","Pseudomonadota"
"501","ASV17","22E203-156",0.00550328421800107,"A22E203.156","22E203-156","22E203.156","24YF640",640,"Parents","Father","F0_24Y_Father",24,83,"B12_deficient","24y","Male","Bacteria","Actinomycetota","Actinomycetota"
"1924","ASV588","M22E203014",0.00543478260869565,"M22E203.014","M22E203014","M22E203014","18CB22",22,"Children","Boys","F1_18Y_child_boys",18,146,"B12_deficient","18y","Male","Bacteria","Elusimicrobiota","Other"
"500","ASV17","M22E203090",0.00542684199540806,"M22E203.090","M22E203090","M22E203090","18CG437",437,"Children","Girls","F1_18Y_child_girl",18,162.3,"B12_sufficient","18y","Female","Bacteria","Actinomycetota","Actinomycetota"
"2326","ASV7","22E203-080",0.00540692762602084,"A22E203.080","22E203-080","22E203.080","18CG294",294,"Children","Girls","F1_18Y_placebo_girls",18,213.3,"B12_sufficient","18y","Female","Bacteria","Bacteroidota","Bacteroidota"
"2367","ASV7","M22E203089",0.00535523027490182,"M22E203.089","M22E203089","M22E203089","18CG436",436,"Children","Girls","F1_18Y_child_girl",18,131,"B12_deficient","18y","Female","Bacteria","Bacteroidota","Bacteroidota"
"2","ASV1017","22E203-080",0.00535060546324979,"A22E203.080","22E203-080","22E203.080","18CG294",294,"Children","Girls","F1_18Y_placebo_girls",18,213.3,"B12_sufficient","18y","Female","Bacteria","Verrucomicrobiota","Other"
"198","ASV138","22E203-080",0.00529428330047874,"A22E203.080","22E203-080","22E203.080","18CG294",294,"Children","Girls","F1_18Y_placebo_girls",18,213.3,"B12_sufficient","18y","Female","Bacteria","Cyanobacteriota","Cyanobacteriota"
"338","ASV138","22E203-204",0.00526315789473684,"A22E203.204","22E203-204","22E203.204","24YM560",560,"Parents","Mother","F0_24Y_Mothers",24,136,"B12_deficient","24y","Female","Bacteria","Cyanobacteriota","Cyanobacteriota"
"864","ASV2","22E203-030",0.00519570488396259,"A22E203.030","22E203-030","22E203.030","18CB258",258,"Children","Boys","F1_18Y_placebo_boys",18,182,"B12_sufficient","18y","Male","Bacteria","Pseudomonadota","Pseudomonadota"
"20","ASV1017","22E203-017",0.00515234399847338,"A22E203.017","22E203-017","22E203.017","18CB43",43,"Children","Boys","F1_18Y_placebo_boys",18,309,"B12_sufficient","18y","Male","Bacteria","Verrucomicrobiota","Other"
"354","ASV138","M22E203102",0.00514339152119701,"M22E203.102","M22E203102","M22E203102","18CG601",601,"Children","Girls","F1_18Y_child_girl",18,168,"B12_sufficient","18y","Female","Bacteria","Cyanobacteriota","Cyanobacteriota"
"293","ASV138","22E203-151",0.00510011333585191,"A22E203.151","22E203-151","22E203.151","24YF590",590,"Parents","Father","F0_24Y_Father",24,169,"B12_sufficient","24y","Male","Bacteria","Cyanobacteriota","Cyanobacteriota"
"390","ASV17","22E203-081",0.00503095975232198,"A22E203.081","22E203-081","22E203.081","18CG314",314,"Children","Girls","F1_18Y_placebo_girls",18,175,"B12_sufficient","18y","Female","Bacteria","Actinomycetota","Actinomycetota"
"2457","ASV7","M22E203059",0.0049683830171635,"M22E203.059","M22E203059","M22E203059","18CB645",645,"Children","Boys","F1_18Y_child_boys",18,173.2,"B12_sufficient","18y","Male","Bacteria","Bacteroidota","Bacteroidota"
"122","ASV1017","22E203-190",0.00495696453517192,"A22E203.190","22E203-190","22E203.190","24YM427",427,"Parents","Mother","F0_24Y_Mothers",24,178,"B12_sufficient","24y","Female","Bacteria","Verrucomicrobiota","Other"
"314","ASV138","M22E203096",0.00483904902167052,"M22E203.096","M22E203096","M22E203096","18CG514",514,"Children","Girls","F1_18Y_child_girl",18,161.9,"B12_sufficient","18y","Female","Bacteria","Cyanobacteriota","Cyanobacteriota"
"1539","ASV3375","M22E203076",0.00482195845697329,"M22E203.076","M22E203076","M22E203076","18CG233",233,"Children","Girls","F1_18Y_child_girl",18,112,"B12_deficient","18y","Female","Bacteria","Fusobacteriota","Other"
"2476","ASV7","22E203-201",0.00471948244776753,"A22E203.201","22E203-201","22E203.201","24YM541",541,"Parents","Mother","F0_24Y_Mothers",24,240,"B12_sufficient","24y","Female","Bacteria","Bacteroidota","Bacteroidota"
"952","ASV2","M22E203064",0.00467927471241958,"M22E203.064","M22E203064","M22E203064","18CG5",5,"Children","Girls","F1_18Y_child_girl",18,172.6,"B12_sufficient","18y","Female","Bacteria","Pseudomonadota","Pseudomonadota"
"2479","ASV7","22E203-046",0.00467694439632773,"A22E203.046","22E203-046","22E203.046","18CB477",477,"Children","Boys","F1_18Y_placebo_boys",18,152.8,"B12_sufficient","18y","Male","Bacteria","Bacteroidota","Bacteroidota"
"1152","ASV2475","M22E203082",0.00463220307578284,"M22E203.082","M22E203082","M22E203082","18CG341",341,"Children","Girls","F1_18Y_child_girl",18,116.6,"B12_deficient","18y","Female","Archaea","Methanobacteriota","Other"
"832","ASV2","22E203-154",0.00460251046025105,"A22E203.154","22E203-154","22E203.154","24YF625",625,"Parents","Father","F0_24Y_Father",24,138,"B12_deficient","24y","Male","Bacteria","Pseudomonadota","Pseudomonadota"
"1632","ASV426","22E203-101",0.00458120180193938,"A22E203.101","22E203-101","22E203.101","18CG587",587,"Children","Girls","F1_18Y_placebo_girls",18,160,"B12_sufficient","18y","Female","Bacteria","Patescibacteria","Other"
"564","ASV17","M22E203160",0.00455486542443064,"M22E203.160","M22E203160","M22E203160","24YM14",14,"Parents","Mother","F0_24Y_Mothers",24,146,"B12_deficient","24y","Female","Bacteria","Actinomycetota","Actinomycetota"
"13","ASV1017","22E203-100",0.00449980435633233,"A22E203.100","22E203-100","22E203.100","18CG584",584,"Children","Girls","F1_18Y_placebo_girls",18,109,"B12_deficient","18y","Female","Bacteria","Verrucomicrobiota","Other"
"127","ASV1017","22E203-201",0.0044543429844098,"A22E203.201","22E203-201","22E203.201","24YM541",541,"Parents","Mother","F0_24Y_Mothers",24,240,"B12_sufficient","24y","Female","Bacteria","Verrucomicrobiota","Other"
"36","ASV1017","M22E203095",0.00431457148460482,"M22E203.095","M22E203095","M22E203095","18CG512",512,"Children","Girls","F1_18Y_child_girl",18,98,"B12_deficient","18y","Female","Bacteria","Verrucomicrobiota","Other"
"31","ASV1017","22E203-054",0.00426470588235294,"A22E203.054","22E203-054","22E203.054","18CB579",579,"Children","Boys","F1_18Y_placebo_boys",18,103,"B12_deficient","18y","Male","Bacteria","Verrucomicrobiota","Other"
"2435","ASV7","M22E203033",0.0041515308770109,"M22E203.033","M22E203033","M22E203033","18CB307",307,"Children","Boys","F1_18Y_child_boys",18,117,"B12_deficient","18y","Male","Bacteria","Bacteroidota","Bacteroidota"
"2406","ASV7","M22E203092",0.00414651002073255,"M22E203.092","M22E203092","M22E203092","18CG460",460,"Children","Girls","F1_18Y_child_girl",18,NA,NA,"18y","Female","Bacteria","Bacteroidota","Bacteroidota"
"2493","ASV7","M22E203066",0.00414269275028769,"M22E203.066","M22E203066","M22E203066","18CG28",28,"Children","Girls","F1_18Y_child_girl",18,115,"B12_deficient","18y","Female","Bacteria","Bacteroidota","Bacteroidota"
"805","ASV2","22E203-123",0.0040595399188092,"A22E203.123","22E203-123","22E203.123","24YF244",244,"Parents","Father","F0_24Y_Father",24,259,"B12_sufficient","24y","Male","Bacteria","Pseudomonadota","Pseudomonadota"
"2496","ASV7","M22E203022",0.00404772049424798,"M22E203.022","M22E203022","M22E203022","18CB152",152,"Children","Boys","F1_18Y_child_boys",18,118.1,"B12_deficient","18y","Male","Bacteria","Bacteroidota","Bacteroidota"
"947","ASV2","M22E203062",0.00398704211313232,"M22E203.062","M22E203062","M22E203062","18CB695",695,"Children","Boys","F1_18Y_child_boys",18,122,"B12_deficient","18y","Male","Bacteria","Pseudomonadota","Pseudomonadota"
"1119","ASV2475","22E203-046",0.00398406374501992,"A22E203.046","22E203-046","22E203.046","18CB477",477,"Children","Boys","F1_18Y_placebo_boys",18,152.8,"B12_sufficient","18y","Male","Archaea","Methanobacteriota","Other"
"1383","ASV3375","M22E203105",0.00395170142700329,"M22E203.105","M22E203105","M22E203105","18CG638",638,"Children","Girls","F1_18Y_child_girl",18,290,"B12_sufficient","18y","Female","Bacteria","Fusobacteriota","Other"
"954","ASV2","M22E203180",0.00389972144846797,"M22E203.180","M22E203180","M22E203180","24YM258",258,"Parents","Mother","F0_24Y_Mothers",24,114,"B12_deficient","24y","Female","Bacteria","Pseudomonadota","Pseudomonadota"
"1645","ASV426","22E203-109",0.00389401846647933,"A22E203.109","22E203-109","22E203.109","18CG684",684,"Children","Girls","F1_18Y_placebo_girls",18,174,"B12_sufficient","18y","Female","Bacteria","Patescibacteria","Other"
"492","ASV17","22E203-114",0.0038107335662115,"A22E203.114","22E203-114","22E203.114","24YF85",85,"Parents","Father","F0_24Y_Father",24,187,"B12_sufficient","24y","Male","Bacteria","Actinomycetota","Actinomycetota"
"269","ASV138","22E203-035",0.00369731328567907,"A22E203.035","22E203-035","22E203.035","18CB315",315,"Children","Boys","F1_18Y_placebo_boys",18,195,"B12_sufficient","18y","Male","Bacteria","Cyanobacteriota","Cyanobacteriota"
"208","ASV138","22E203-133",0.00366580113028868,"A22E203.133","22E203-133","22E203.133","24YF429",429,"Parents","Father","F0_24Y_Father",24,329,"B12_sufficient","24y","Male","Bacteria","Cyanobacteriota","Cyanobacteriota"
"910","ASV2","M22E203045",0.00363953996214878,"M22E203.045","M22E203045","M22E203045","18CB474",474,"Children","Boys","F1_18Y_child_boys",18,133,"B12_deficient","18y","Male","Bacteria","Pseudomonadota","Pseudomonadota"
"841","ASV2","22E203-165",0.00362270226754327,"A22E203.165","22E203-165","22E203.165","24YM54",54,"Parents","Mother","F0_24Y_Mothers",24,164,"B12_sufficient","24y","Female","Bacteria","Pseudomonadota","Pseudomonadota"
"897","ASV2","M22E203044",0.00357909806728704,"M22E203.044","M22E203044","M22E203044","18CB447",447,"Children","Boys","F1_18Y_child_boys",18,145.5,"B12_deficient","18y","Male","Bacteria","Pseudomonadota","Pseudomonadota"
"2440","ASV7","M22E203071",0.00355329949238579,"M22E203.071","M22E203071","M22E203071","18CG163",163,"Children","Girls","F1_18Y_child_girl",18,194,"B12_sufficient","18y","Female","Bacteria","Bacteroidota","Bacteroidota"
"1659","ASV426","M22E203103",0.0034965034965035,"M22E203.103","M22E203103","M22E203103","18CG615",615,"Children","Girls","F1_18Y_child_girl",18,244,"B12_sufficient","18y","Female","Bacteria","Patescibacteria","Other"
"200","ASV138","22E203-189",0.00329942260104482,"A22E203.189","22E203-189","22E203.189","24YM418",418,"Parents","Mother","F0_24Y_Mothers",24,107,"B12_deficient","24y","Female","Bacteria","Cyanobacteriota","Cyanobacteriota"
"2339","ASV7","22E203-137",0.00329785639334433,"A22E203.137","22E203-137","22E203.137","24YF454",454,"Parents","Father","F0_24Y_Father",24,124,"B12_deficient","24y","Male","Bacteria","Bacteroidota","Bacteroidota"
"2376","ASV7","M22E203099",0.00329439952081462,"M22E203.099","M22E203099","M22E203099","18CG565",565,"Children","Girls","F1_18Y_child_girl",18,86,"B12_deficient","18y","Female","Bacteria","Bacteroidota","Bacteroidota"
"243","ASV138","22E203-061",0.0032529942333284,"A22E203.061","22E203-061","22E203.061","18CB669",669,"Children","Boys","F1_18Y_placebo_boys",18,NA,NA,"18y","Male","Bacteria","Cyanobacteriota","Cyanobacteriota"
"228","ASV138","22E203-165",0.0032201797933718,"A22E203.165","22E203-165","22E203.165","24YM54",54,"Parents","Mother","F0_24Y_Mothers",24,164,"B12_sufficient","24y","Female","Bacteria","Cyanobacteriota","Cyanobacteriota"
"317","ASV138","M22E203090",0.00313087038196619,"M22E203.090","M22E203090","M22E203090","18CG437",437,"Children","Girls","F1_18Y_child_girl",18,162.3,"B12_sufficient","18y","Female","Bacteria","Cyanobacteriota","Cyanobacteriota"
"1133","ASV2475","M22E203026",0.00303951367781155,"M22E203.026","M22E203026","M22E203026","18CB218",218,"Children","Boys","F1_18Y_child_boys",18,86,"B12_deficient","18y","Male","Archaea","Methanobacteriota","Other"
"487","ASV17","M22E203089",0.00303463048911103,"M22E203.089","M22E203089","M22E203089","18CG436",436,"Children","Girls","F1_18Y_child_girl",18,131,"B12_deficient","18y","Female","Bacteria","Actinomycetota","Actinomycetota"
"855","ASV2","22E203-196",0.0030110562220654,"A22E203.196","22E203-196","22E203.196","24YM472",472,"Parents","Mother","F0_24Y_Mothers",24,105,"B12_deficient","24y","Female","Bacteria","Pseudomonadota","Pseudomonadota"
"1733","ASV426","M22E203022",0.00298253089049851,"M22E203.022","M22E203022","M22E203022","18CB152",152,"Children","Boys","F1_18Y_child_boys",18,118.1,"B12_deficient","18y","Male","Bacteria","Patescibacteria","Other"
"543","ASV17","M22E203014",0.00296442687747036,"M22E203.014","M22E203014","M22E203014","18CB22",22,"Children","Boys","F1_18Y_child_boys",18,146,"B12_deficient","18y","Male","Bacteria","Actinomycetota","Actinomycetota"
"463","ASV17","22E203-150",0.00293767923340561,"A22E203.150","22E203-150","22E203.150","24YF582",582,"Parents","Father","F0_24Y_Father",24,195,"B12_sufficient","24y","Male","Bacteria","Actinomycetota","Actinomycetota"
"827","ASV2","22E203-135",0.00289971808296416,"A22E203.135","22E203-135","22E203.135","24YF438",438,"Parents","Father","F0_24Y_Father",24,312,"B12_sufficient","24y","Male","Bacteria","Pseudomonadota","Pseudomonadota"
"417","ASV17","22E203-129",0.00289813070569483,"A22E203.129","22E203-129","22E203.129","24YF351",351,"Parents","Father","F0_24Y_Father",24,139,"B12_deficient","24y","Male","Bacteria","Actinomycetota","Actinomycetota"
"173","ASV1017","22E203-183",0.00288472206812382,"A22E203.183","22E203-183","22E203.183","24YM294",294,"Parents","Mother","F0_24Y_Mothers",24,128,"B12_deficient","24y","Female","Bacteria","Verrucomicrobiota","Other"
"474","ASV17","M22E203088",0.00287947346770876,"M22E203.088","M22E203088","M22E203088","18CG434",434,"Children","Girls","F1_18Y_child_girl",18,197,"B12_sufficient","18y","Female","Bacteria","Actinomycetota","Actinomycetota"
"515","ASV17","22E203-187",0.00284313028644538,"A22E203.187","22E203-187","22E203.187","24YM414",414,"Parents","Mother","F0_24Y_Mothers",24,102,"B12_deficient","24y","Female","Bacteria","Actinomycetota","Actinomycetota"
"118","ASV1017","22E203-200",0.00284178187403994,"A22E203.200","22E203-200","22E203.200","24YM511",511,"Parents","Mother","F0_24Y_Mothers",24,117,"B12_deficient","24y","Female","Bacteria","Verrucomicrobiota","Other"
"1385","ASV3375","22E203-144",0.00279012090523923,"A22E203.144","22E203-144","22E203.144","24YF528",528,"Parents","Father","F0_24Y_Father",24,159,"B12_sufficient","24y","Male","Bacteria","Fusobacteriota","Other"
"2497","ASV7","22E203-031",0.00276582667486171,"A22E203.031","22E203-031","22E203.031","18CB287",287,"Children","Boys","F1_18Y_placebo_boys",18,296,"B12_sufficient","18y","Male","Bacteria","Bacteroidota","Bacteroidota"
"775","ASV2","22E203-130",0.00275616083009079,"A22E203.130","22E203-130","22E203.130","24YF369",369,"Parents","Father","F0_24Y_Father",24,34,"B12_deficient","24y","Male","Bacteria","Pseudomonadota","Pseudomonadota"
"265","ASV138","22E203-049",0.00274394943733621,"A22E203.049","22E203-049","22E203.049","18CB517",517,"Children","Boys","F1_18Y_placebo_boys",18,182,"B12_sufficient","18y","Male","Bacteria","Cyanobacteriota","Cyanobacteriota"
"2345","ASV7","M22E203096",0.00273511466442247,"M22E203.096","M22E203096","M22E203096","18CG514",514,"Children","Girls","F1_18Y_child_girl",18,161.9,"B12_sufficient","18y","Female","Bacteria","Bacteroidota","Bacteroidota"
"298","ASV138","22E203-171",0.00262123197903014,"A22E203.171","22E203-171","22E203.171","24YM180",180,"Parents","Mother","F0_24Y_Mothers",24,227,"B12_sufficient","24y","Female","Bacteria","Cyanobacteriota","Cyanobacteriota"
"796","ASV2","22E203-113",0.00256457226598278,"A22E203.113","22E203-113","22E203.113","24YF76",76,"Parents","Father","F0_24Y_Father",24,108,"B12_deficient","24y","Male","Bacteria","Pseudomonadota","Pseudomonadota"
"898","ASV2","M22E203036",0.00255102040816327,"M22E203.036","M22E203036","M22E203036","18CB340",340,"Children","Boys","F1_18Y_child_boys",18,250,"B12_sufficient","18y","Male","Bacteria","Pseudomonadota","Pseudomonadota"
"1130","ASV2475","M22E203036",0.00255102040816327,"M22E203.036","M22E203036","M22E203036","18CB340",340,"Children","Boys","F1_18Y_child_boys",18,250,"B12_sufficient","18y","Male","Archaea","Methanobacteriota","Other"
"253","ASV138","22E203-119",0.00250655121339866,"A22E203.119","22E203-119","22E203.119","24YF192",192,"Parents","Father","F0_24Y_Father",24,295,"B12_sufficient","24y","Male","Bacteria","Cyanobacteriota","Cyanobacteriota"
"306","ASV138","22E203-152",0.00248138957816377,"A22E203.152","22E203-152","22E203.152","24YF602",602,"Parents","Father","F0_24Y_Father",24,310,"B12_sufficient","24y","Male","Bacteria","Cyanobacteriota","Cyanobacteriota"
"300","ASV138","M22E203056",0.00247803559360216,"M22E203.056","M22E203056","M22E203056","18CB604",604,"Children","Boys","F1_18Y_child_boys",18,101,"B12_deficient","18y","Male","Bacteria","Cyanobacteriota","Cyanobacteriota"
"341","ASV138","22E203-146",0.00244578509701614,"A22E203.146","22E203-146","22E203.146","24YF563",563,"Parents","Father","F0_24Y_Father",24,185,"B12_sufficient","24y","Male","Bacteria","Cyanobacteriota","Cyanobacteriota"
"230","ASV138","22E203-100",0.00241293856788835,"A22E203.100","22E203-100","22E203.100","18CG584",584,"Children","Girls","F1_18Y_placebo_girls",18,109,"B12_deficient","18y","Female","Bacteria","Cyanobacteriota","Cyanobacteriota"
"902","ASV2","M22E203018",0.00240153698366955,"M22E203.018","M22E203018","M22E203018","18CB44",44,"Children","Boys","F1_18Y_child_boys",18,131.3,"B12_deficient","18y","Male","Bacteria","Pseudomonadota","Pseudomonadota"
"1364","ASV3375","M22E203102",0.00233790523690773,"M22E203.102","M22E203102","M22E203102","18CG601",601,"Children","Girls","F1_18Y_child_girl",18,168,"B12_sufficient","18y","Female","Bacteria","Fusobacteriota","Other"
"1669","ASV426","22E203-202",0.00226116449971735,"A22E203.202","22E203-202","22E203.202","24YM556",556,"Parents","Mother","F0_24Y_Mothers",24,161,"B12_sufficient","24y","Female","Bacteria","Patescibacteria","Other"
"258","ASV138","22E203-139",0.00222132471728595,"A22E203.139","22E203-139","22E203.139","24YF468",468,"Parents","Father","F0_24Y_Father",24,144.7,"B12_deficient","24y","Male","Bacteria","Cyanobacteriota","Cyanobacteriota"
"755","ASV1938","M22E203086",0.0022189349112426,"M22E203.086","M22E203086","M22E203086","18CG414",414,"Children","Girls","F1_18Y_child_girl",18,134,"B12_deficient","18y","Female","Bacteria","Spirochaetota","Other"
"1377","ASV3375","22E203-111",0.00219058050383352,"A22E203.111","22E203-111","22E203.111","24YF36",36,"Parents","Father","F0_24Y_Father",24,106,"B12_deficient","24y","Male","Bacteria","Fusobacteriota","Other"
"2348","ASV7","22E203-057",0.00215196159576229,"A22E203.057","22E203-057","22E203.057","18CB629",629,"Children","Boys","F1_18Y_placebo_boys",18,96,"B12_deficient","18y","Male","Bacteria","Bacteroidota","Bacteroidota"
"1026","ASV2475","22E203-200",0.0021505376344086,"A22E203.200","22E203-200","22E203.200","24YM511",511,"Parents","Mother","F0_24Y_Mothers",24,117,"B12_deficient","24y","Female","Archaea","Methanobacteriota","Other"
"284","ASV138","22E203-141",0.00209091613103074,"A22E203.141","22E203-141","22E203.141","24YF490",490,"Parents","Father","F0_24Y_Father",24,144,"B12_deficient","24y","Male","Bacteria","Cyanobacteriota","Cyanobacteriota"
"95","ASV1017","22E203-168",0.00208333333333333,"A22E203.168","22E203-168","22E203.168","24YM100",100,"Parents","Mother","F0_24Y_Mothers",24,173,"B12_sufficient","24y","Female","Bacteria","Verrucomicrobiota","Other"
"531","ASV17","22E203-149",0.00207807629508683,"A22E203.149","22E203-149","22E203.149","24YF578",578,"Parents","Father","F0_24Y_Father",24,255,"B12_sufficient","24y","Male","Bacteria","Actinomycetota","Actinomycetota"
"506","ASV17","22E203-144",0.00206675622610313,"A22E203.144","22E203-144","22E203.144","24YF528",528,"Parents","Father","F0_24Y_Father",24,159,"B12_sufficient","24y","Male","Bacteria","Actinomycetota","Actinomycetota"
"885","ASV2","22E203-188",0.0020432487655372,"A22E203.188","22E203-188","22E203.188","24YM415",415,"Parents","Mother","F0_24Y_Mothers",24,277,"B12_sufficient","24y","Female","Bacteria","Pseudomonadota","Pseudomonadota"
"1581","ASV426","22E203-194",0.00203362255965293,"A22E203.194","22E203-194","22E203.194","24YM452",452,"Parents","Mother","F0_24Y_Mothers",24,174,"B12_sufficient","24y","Female","Bacteria","Patescibacteria","Other"
"421","ASV17","M22E203052",0.00199044585987261,"M22E203.052","M22E203052","M22E203052","18CB542",542,"Children","Boys","F1_18Y_child_boys",18,246.5,"B12_sufficient","18y","Male","Bacteria","Actinomycetota","Actinomycetota"
"869","ASV2","22E203-063",0.00196111869031378,"A22E203.063","22E203-063","22E203.063","18CB702",702,"Children","Boys","F1_18Y_placebo_boys",18,152.6,"B12_sufficient","18y","Male","Bacteria","Pseudomonadota","Pseudomonadota"
"144","ASV1017","22E203-150",0.00195845282227041,"A22E203.150","22E203-150","22E203.150","24YF582",582,"Parents","Father","F0_24Y_Father",24,195,"B12_sufficient","24y","Male","Bacteria","Verrucomicrobiota","Other"
"388","ASV17","22E203-075",0.00183683810488979,"A22E203.075","22E203-075","22E203.075","18CG219",219,"Children","Girls","F1_18Y_placebo_girls",18,146.5,"B12_deficient","18y","Female","Bacteria","Actinomycetota","Actinomycetota"
"807","ASV2","22E203-182",0.00182891345914041,"A22E203.182","22E203-182","22E203.182","24YM292",292,"Parents","Mother","F0_24Y_Mothers",24,231,"B12_sufficient","24y","Female","Bacteria","Pseudomonadota","Pseudomonadota"
"854","ASV2","22E203-166",0.00181959968806862,"A22E203.166","22E203-166","22E203.166","24YM70",70,"Parents","Mother","F0_24Y_Mothers",24,519,"B12_sufficient","24y","Female","Bacteria","Pseudomonadota","Pseudomonadota"
"409","ASV17","22E203-125",0.00180809277386371,"A22E203.125","22E203-125","22E203.125","24YF292",292,"Parents","Father","F0_24Y_Father",24,148,"B12_deficient","24y","Male","Bacteria","Actinomycetota","Actinomycetota"
"276","ASV138","M22E203044",0.00178954903364352,"M22E203.044","M22E203044","M22E203044","18CB447",447,"Children","Boys","F1_18Y_child_boys",18,145.5,"B12_deficient","18y","Male","Bacteria","Cyanobacteriota","Cyanobacteriota"
"280","ASV138","22E203-150",0.00174861859131286,"A22E203.150","22E203-150","22E203.150","24YF582",582,"Parents","Father","F0_24Y_Father",24,195,"B12_sufficient","24y","Male","Bacteria","Cyanobacteriota","Cyanobacteriota"
"867","ASV2","22E203-167",0.00172520024645718,"A22E203.167","22E203-167","22E203.167","24YM76",76,"Parents","Mother","F0_24Y_Mothers",24,NA,NA,"24y","Female","Bacteria","Pseudomonadota","Pseudomonadota"
"375","ASV138","M22E203020",0.00170648464163823,"M22E203.020","M22E203020","M22E203020","18CB97",97,"Children","Boys","F1_18Y_child_boys",18,157.7,"B12_sufficient","18y","Male","Bacteria","Cyanobacteriota","Cyanobacteriota"
"1031","ASV2475","22E203-187",0.00167033904328666,"A22E203.187","22E203-187","22E203.187","24YM414",414,"Parents","Mother","F0_24Y_Mothers",24,102,"B12_deficient","24y","Female","Archaea","Methanobacteriota","Other"
"802","ASV2","22E203-162",0.00164399940218204,"A22E203.162","22E203-162","22E203.162","24YM38",38,"Parents","Mother","F0_24Y_Mothers",24,753,"B12_sufficient","24y","Female","Bacteria","Pseudomonadota","Pseudomonadota"
"289","ASV138","M22E203045",0.00160139758334547,"M22E203.045","M22E203045","M22E203045","18CB474",474,"Children","Boys","F1_18Y_child_boys",18,133,"B12_deficient","18y","Male","Bacteria","Cyanobacteriota","Cyanobacteriota"
"579","ASV17","22E203-178",0.00157716268433089,"A22E203.178","22E203-178","22E203.178","24YM237",237,"Parents","Mother","F0_24Y_Mothers",24,189,"B12_sufficient","24y","Female","Bacteria","Actinomycetota","Actinomycetota"
"1716","ASV426","M22E203069",0.00156813548690607,"M22E203.069","M22E203069","M22E203069","18CG64",64,"Children","Girls","F1_18Y_child_girl",18,143,"B12_deficient","18y","Female","Bacteria","Patescibacteria","Other"
"216","ASV138","22E203-057",0.00148981956629697,"A22E203.057","22E203-057","22E203.057","18CB629",629,"Children","Boys","F1_18Y_placebo_boys",18,96,"B12_deficient","18y","Male","Bacteria","Cyanobacteriota","Cyanobacteriota"
"510","ASV17","22E203-167",0.00147874306839187,"A22E203.167","22E203-167","22E203.167","24YM76",76,"Parents","Mother","F0_24Y_Mothers",24,NA,NA,"24y","Female","Bacteria","Actinomycetota","Actinomycetota"
"2382","ASV7","22E203-153",0.00147684823212579,"A22E203.153","22E203-153","22E203.153","24YF624",624,"Parents","Father","F0_24Y_Father",24,326,"B12_sufficient","24y","Male","Bacteria","Bacteroidota","Bacteroidota"
"1543","ASV3375","M22E203018",0.00144092219020173,"M22E203.018","M22E203018","M22E203018","18CB44",44,"Children","Boys","F1_18Y_child_boys",18,131.3,"B12_deficient","18y","Male","Bacteria","Fusobacteriota","Other"
"63","ASV1017","22E203-126",0.00143184421534937,"A22E203.126","22E203-126","22E203.126","24YF294",294,"Parents","Father","F0_24Y_Father",24,81,"B12_deficient","24y","Male","Bacteria","Verrucomicrobiota","Other"
"859","ASV2","22E203-186",0.00138179633523581,"A22E203.186","22E203-186","22E203.186","24YM387",387,"Parents","Mother","F0_24Y_Mothers",24,180,"B12_sufficient","24y","Female","Bacteria","Pseudomonadota","Pseudomonadota"
"215","ASV138","22E203-024",0.00137400384721077,"A22E203.024","22E203-024","22E203.024","18CB200",200,"Children","Boys","F1_18Y_placebo_boys",18,144,"B12_deficient","18y","Male","Bacteria","Cyanobacteriota","Cyanobacteriota"
"1033","ASV2475","22E203-119",0.0013672097527629,"A22E203.119","22E203-119","22E203.119","24YF192",192,"Parents","Father","F0_24Y_Father",24,295,"B12_sufficient","24y","Male","Archaea","Methanobacteriota","Other"
"205","ASV138","22E203-190",0.00135189941868325,"A22E203.190","22E203-190","22E203.190","24YM427",427,"Parents","Mother","F0_24Y_Mothers",24,178,"B12_sufficient","24y","Female","Bacteria","Cyanobacteriota","Cyanobacteriota"
"2344","ASV7","22E203-084",0.00132339966669934,"A22E203.084","22E203-084","22E203.084","18CG386",386,"Children","Girls","F1_18Y_placebo_girls",18,157,"B12_sufficient","18y","Female","Bacteria","Bacteroidota","Bacteroidota"
"287","ASV138","M22E203055",0.00125243529084331,"M22E203.055","M22E203055","M22E203055","18CB595",595,"Children","Boys","F1_18Y_child_boys",18,233,"B12_sufficient","18y","Male","Bacteria","Cyanobacteriota","Cyanobacteriota"
"1597","ASV426","22E203-084",0.00122537006175865,"A22E203.084","22E203-084","22E203.084","18CG386",386,"Children","Girls","F1_18Y_placebo_girls",18,157,"B12_sufficient","18y","Female","Bacteria","Patescibacteria","Other"
"179","ASV1017","22E203-181",0.00121976011384428,"A22E203.181","22E203-181","22E203.181","24YM278",278,"Parents","Mother","F0_24Y_Mothers",24,96,"B12_deficient","24y","Female","Bacteria","Verrucomicrobiota","Other"
"794","ASV2","22E203-181",0.00121976011384428,"A22E203.181","22E203-181","22E203.181","24YM278",278,"Parents","Mother","F0_24Y_Mothers",24,96,"B12_deficient","24y","Female","Bacteria","Pseudomonadota","Pseudomonadota"
"1391","ASV3375","22E203-122",0.00121802679658952,"A22E203.122","22E203-122","22E203.122","24YF203",203,"Parents","Father","F0_24Y_Father",24,77,"B12_deficient","24y","Male","Bacteria","Fusobacteriota","Other"
"343","ASV138","22E203-046",0.00121254113978867,"A22E203.046","22E203-046","22E203.046","18CB477",477,"Children","Boys","F1_18Y_placebo_boys",18,152.8,"B12_sufficient","18y","Male","Bacteria","Cyanobacteriota","Cyanobacteriota"
"194","ASV138","22E203-075",0.00120344565492779,"A22E203.075","22E203-075","22E203.075","18CG219",219,"Children","Girls","F1_18Y_placebo_girls",18,146.5,"B12_deficient","18y","Female","Bacteria","Cyanobacteriota","Cyanobacteriota"
"72","ASV1017","M22E203099",0.00119796346211441,"M22E203.099","M22E203099","M22E203099","18CG565",565,"Children","Girls","F1_18Y_child_girl",18,86,"B12_deficient","18y","Female","Bacteria","Verrucomicrobiota","Other"
"2464","ASV7","M22E203023",0.00114678899082569,"M22E203.023","M22E203023","M22E203023","18CB183",183,"Children","Boys","F1_18Y_child_boys",18,117,"B12_deficient","18y","Male","Bacteria","Bacteroidota","Bacteroidota"
"59","ASV1017","M22E203098",0.00113507377979569,"M22E203.098","M22E203098","M22E203098","18CG558",558,"Children","Girls","F1_18Y_child_girl",18,225,"B12_sufficient","18y","Female","Bacteria","Verrucomicrobiota","Other"
"226","ASV138","22E203-125",0.0011222644803292,"A22E203.125","22E203-125","22E203.125","24YF292",292,"Parents","Father","F0_24Y_Father",24,148,"B12_deficient","24y","Male","Bacteria","Cyanobacteriota","Cyanobacteriota"
"309","ASV138","22E203-114",0.00111146395681169,"A22E203.114","22E203-114","22E203.114","24YF85",85,"Parents","Father","F0_24Y_Father",24,187,"B12_sufficient","24y","Male","Bacteria","Cyanobacteriota","Cyanobacteriota"
"1027","ASV2475","22E203-197",0.00110938540048813,"A22E203.197","22E203-197","22E203.197","24YM475",475,"Parents","Mother","F0_24Y_Mothers",24,305,"B12_sufficient","24y","Female","Archaea","Methanobacteriota","Other"
"2498","ASV7","22E203-203",0.00109689213893967,"A22E203.203","22E203-203","22E203.203","24YM558",558,"Parents","Mother","F0_24Y_Mothers",24,1073,"B12_sufficient","24y","Female","Bacteria","Bacteroidota","Bacteroidota"
"1397","ASV3375","22E203-129",0.00108679901463556,"A22E203.129","22E203-129","22E203.129","24YF351",351,"Parents","Father","F0_24Y_Father",24,139,"B12_deficient","24y","Male","Bacteria","Fusobacteriota","Other"
"376","ASV138","M22E203022",0.00106518960374947,"M22E203.022","M22E203022","M22E203022","18CB152",152,"Children","Boys","F1_18Y_child_boys",18,118.1,"B12_deficient","18y","Male","Bacteria","Cyanobacteriota","Cyanobacteriota"
"1636","ASV426","22E203-047",0.00105100463678516,"A22E203.047","22E203-047","22E203.047","18CB492",492,"Children","Boys","F1_18Y_placebo_boys",18,105,"B12_deficient","18y","Male","Bacteria","Patescibacteria","Other"
"399","ASV17","22E203-127",0.00103190982695666,"A22E203.127","22E203-127","22E203.127","24YF299",299,"Parents","Father","F0_24Y_Father",24,166,"B12_sufficient","24y","Male","Bacteria","Actinomycetota","Actinomycetota"
"846","ASV2","22E203-185",0.00102933607822954,"A22E203.185","22E203-185","22E203.185","24YM342",342,"Parents","Mother","F0_24Y_Mothers",24,121,"B12_deficient","24y","Female","Bacteria","Pseudomonadota","Pseudomonadota"
"1488","ASV3375","22E203-192",0.00099676052828308,"A22E203.192","22E203-192","22E203.192","24YM444",444,"Parents","Mother","F0_24Y_Mothers",24,435,"B12_sufficient","24y","Female","Bacteria","Fusobacteriota","Other"
"477","ASV17","22E203-043",0.000978633175664655,"A22E203.043","22E203-043","22E203.043","18CB433",433,"Children","Boys","F1_18Y_placebo_boys",18,75,"B12_deficient","18y","Male","Bacteria","Actinomycetota","Actinomycetota"
"319","ASV138","22E203-144",0.000930040301746409,"A22E203.144","22E203-144","22E203.144","24YF528",528,"Parents","Father","F0_24Y_Father",24,159,"B12_sufficient","24y","Male","Bacteria","Cyanobacteriota","Cyanobacteriota"
"240","ASV138","22E203-127",0.000912843308461661,"A22E203.127","22E203-127","22E203.127","24YF299",299,"Parents","Father","F0_24Y_Father",24,166,"B12_sufficient","24y","Male","Bacteria","Cyanobacteriota","Cyanobacteriota"
"1400","ASV3375","22E203-123",0.0009021199819576,"A22E203.123","22E203-123","22E203.123","24YF244",244,"Parents","Father","F0_24Y_Father",24,259,"B12_sufficient","24y","Male","Bacteria","Fusobacteriota","Other"
"4","ASV1017","22E203-075",0.000886749429946795,"A22E203.075","22E203-075","22E203.075","18CG219",219,"Children","Girls","F1_18Y_placebo_girls",18,146.5,"B12_deficient","18y","Female","Bacteria","Verrucomicrobiota","Other"
"366","ASV138","M22E203029",0.000885739592559787,"M22E203.029","M22E203029","M22E203029","18CB246",246,"Children","Boys","F1_18Y_child_boys",18,94,"B12_deficient","18y","Male","Bacteria","Cyanobacteriota","Cyanobacteriota"
"1582","ASV426","22E203-019",0.000874571824211063,"A22E203.019","22E203-019","22E203.019","18CB50",50,"Children","Boys","F1_18Y_placebo_boys",18,145,"B12_deficient","18y","Male","Bacteria","Patescibacteria","Other"
"199","ASV138","22E203-159",0.000859475719810915,"A22E203.159","22E203-159","22E203.159","24YF710",710,"Parents","Father","F0_24Y_Father",24,106,"B12_deficient","24y","Male","Bacteria","Cyanobacteriota","Cyanobacteriota"
"2108","ASV5902","22E203-182",0.000831324299609278,"A22E203.182","22E203-182","22E203.182","24YM292",292,"Parents","Mother","F0_24Y_Mothers",24,231,"B12_sufficient","24y","Female","Bacteria","Thermodesulfobacteriota","Other"
"779","ASV2","22E203-121",0.000828794695713947,"A22E203.121","22E203-121","22E203.121","24YF198",198,"Parents","Father","F0_24Y_Father",24,220,"B12_sufficient","24y","Male","Bacteria","Pseudomonadota","Pseudomonadota"
"1764","ASV588","22E203-139",0.000807754442649435,"A22E203.139","22E203-139","22E203.139","24YF468",468,"Parents","Father","F0_24Y_Father",24,144.7,"B12_deficient","24y","Male","Bacteria","Elusimicrobiota","Other"
"2258","ASV6301","M22E203033",0.000778412039439543,"M22E203.033","M22E203033","M22E203033","18CB307",307,"Children","Boys","F1_18Y_child_boys",18,117,"B12_deficient","18y","Male","Bacteria","Campylobacterota","Other"
"7","ASV1017","22E203-133",0.000763708568810142,"A22E203.133","22E203-133","22E203.133","24YF429",429,"Parents","Father","F0_24Y_Father",24,329,"B12_sufficient","24y","Male","Bacteria","Verrucomicrobiota","Other"
"89","ASV1017","M22E203091",0.000744971442761361,"M22E203.091","M22E203091","M22E203091","18CG438",438,"Children","Girls","F1_18Y_child_girl",18,208.2,"B12_sufficient","18y","Female","Bacteria","Verrucomicrobiota","Other"
"1678","ASV426","22E203-203",0.000731261425959781,"A22E203.203","22E203-203","22E203.203","24YM558",558,"Parents","Mother","F0_24Y_Mothers",24,1073,"B12_sufficient","24y","Female","Bacteria","Patescibacteria","Other"
"99","ASV1017","22E203-158",0.000704721634954193,"A22E203.158","22E203-158","22E203.158","24YF708",708,"Parents","Father","F0_24Y_Father",24,496,"B12_sufficient","24y","Male","Bacteria","Verrucomicrobiota","Other"
"211","ASV138","22E203-054",0.000698529411764706,"A22E203.054","22E203-054","22E203.054","18CB579",579,"Children","Boys","F1_18Y_placebo_boys",18,103,"B12_deficient","18y","Male","Bacteria","Cyanobacteriota","Cyanobacteriota"
"808","ASV2","22E203-040",0.000665814424203686,"A22E203.040","22E203-040","22E203.040","18CB400",400,"Children","Boys","F1_18Y_placebo_boys",18,244,"B12_sufficient","18y","Male","Bacteria","Pseudomonadota","Pseudomonadota"
"1609","ASV426","22E203-063",0.000596862210095498,"A22E203.063","22E203-063","22E203.063","18CB702",702,"Children","Boys","F1_18Y_placebo_boys",18,152.6,"B12_sufficient","18y","Male","Bacteria","Patescibacteria","Other"
"1682","ASV426","M22E203045",0.000582326393943806,"M22E203.045","M22E203045","M22E203045","18CB474",474,"Children","Boys","F1_18Y_child_boys",18,133,"B12_deficient","18y","Male","Bacteria","Patescibacteria","Other"
"1477","ASV3375","22E203-067",0.000550011785966842,"A22E203.067","22E203-067","22E203.067","18CG35",35,"Children","Girls","F1_18Y_placebo_girls",18,143.9,"B12_deficient","18y","Female","Bacteria","Fusobacteriota","Other"
"619","ASV1938","22E203-140",0.000546398324378472,"A22E203.140","22E203-140","22E203.140","24YF472",472,"Parents","Father","F0_24Y_Father",24,116,"B12_deficient","24y","Male","Bacteria","Spirochaetota","Other"
"202","ASV138","22E203-053",0.000507528336998816,"A22E203.053","22E203-053","22E203.053","18CB544",544,"Children","Boys","F1_18Y_placebo_boys",18,94,"B12_deficient","18y","Male","Bacteria","Cyanobacteriota","Cyanobacteriota"
"1011","ASV2475","22E203-101",0.000496296861876766,"A22E203.101","22E203-101","22E203.101","18CG587",587,"Children","Girls","F1_18Y_placebo_girls",18,160,"B12_sufficient","18y","Female","Archaea","Methanobacteriota","Other"
"1404","ASV3375","22E203-114",0.000423414840690166,"A22E203.114","22E203-114","22E203.114","24YF85",85,"Parents","Father","F0_24Y_Father",24,187,"B12_sufficient","24y","Male","Bacteria","Fusobacteriota","Other"
"2447","ASV7","22E203-191",0.000407083248524323,"A22E203.191","22E203-191","22E203.191","24YM429",429,"Parents","Mother","F0_24Y_Mothers",24,138,"B12_deficient","24y","Female","Bacteria","Bacteroidota","Bacteroidota"
"870","ASV2","22E203-128",0.000402382102044101,"A22E203.128","22E203-128","22E203.128","24YF348",348,"Parents","Father","F0_24Y_Father",24,164,"B12_sufficient","24y","Male","Bacteria","Pseudomonadota","Pseudomonadota"
"1708","ASV426","22E203-116",0.000397193168277506,"A22E203.116","22E203-116","22E203.116","24YF100",100,"Parents","Father","F0_24Y_Father",24,101.5,"B12_deficient","24y","Male","Bacteria","Patescibacteria","Other"
"1982","ASV5902","22E203-125",0.000374088160109733,"A22E203.125","22E203-125","22E203.125","24YF292",292,"Parents","Father","F0_24Y_Father",24,148,"B12_deficient","24y","Male","Bacteria","Thermodesulfobacteriota","Other"
"101","ASV1017","22E203-049",0.000369970710652073,"A22E203.049","22E203-049","22E203.049","18CB517",517,"Children","Boys","F1_18Y_placebo_boys",18,182,"B12_sufficient","18y","Male","Bacteria","Verrucomicrobiota","Other"
"285","ASV138","22E203-170",0.000360133249302242,"A22E203.170","22E203-170","22E203.170","24YM171",171,"Parents","Mother","F0_24Y_Mothers",24,100,"B12_deficient","24y","Female","Bacteria","Cyanobacteriota","Cyanobacteriota"
"1592","ASV426","22E203-054",0.000330882352941176,"A22E203.054","22E203-054","22E203.054","18CB579",579,"Children","Boys","F1_18Y_placebo_boys",18,103,"B12_deficient","18y","Male","Bacteria","Patescibacteria","Other"
"2409","ASV7","22E203-049",0.000215816247880376,"A22E203.049","22E203-049","22E203.049","18CB517",517,"Children","Boys","F1_18Y_placebo_boys",18,182,"B12_sufficient","18y","Male","Bacteria","Bacteroidota","Bacteroidota"
"1938","ASV5902","22E203-101",0.000190883408414141,"A22E203.101","22E203-101","22E203.101","18CG587",587,"Children","Girls","F1_18Y_placebo_girls",18,160,"B12_sufficient","18y","Female","Bacteria","Thermodesulfobacteriota","Other"
"2478","ASV7","22E203-027",0.000174550532379124,"A22E203.027","22E203-027","22E203.027","18CB223",223,"Children","Boys","F1_18Y_placebo_boys",18,199.1,"B12_sufficient","18y","Male","Bacteria","Bacteroidota","Bacteroidota"
"1","ASV1017","22E203-084",0,"A22E203.084","22E203-084","22E203.084","18CG386",386,"Children","Girls","F1_18Y_placebo_girls",18,157,"B12_sufficient","18y","Female","Bacteria","Verrucomicrobiota","Other"
"3","ASV1017","22E203-063",0,"A22E203.063","22E203-063","22E203.063","18CB702",702,"Children","Boys","F1_18Y_placebo_boys",18,152.6,"B12_sufficient","18y","Male","Bacteria","Verrucomicrobiota","Other"
"5","ASV1017","22E203-130",0,"A22E203.130","22E203-130","22E203.130","24YF369",369,"Parents","Father","F0_24Y_Father",24,34,"B12_deficient","24y","Male","Bacteria","Verrucomicrobiota","Other"
"8","ASV1017","22E203-134",0,"A22E203.134","22E203-134","22E203.134","24YF437",437,"Parents","Father","F0_24Y_Father",24,219,"B12_sufficient","24y","Male","Bacteria","Verrucomicrobiota","Other"
"9","ASV1017","22E203-135",0,"A22E203.135","22E203-135","22E203.135","24YF438",438,"Parents","Father","F0_24Y_Father",24,312,"B12_sufficient","24y","Male","Bacteria","Verrucomicrobiota","Other"
"10","ASV1017","22E203-061",0,"A22E203.061","22E203-061","22E203.061","18CB669",669,"Children","Boys","F1_18Y_placebo_boys",18,NA,NA,"18y","Male","Bacteria","Verrucomicrobiota","Other"
"11","ASV1017","22E203-137",0,"A22E203.137","22E203-137","22E203.137","24YF454",454,"Parents","Father","F0_24Y_Father",24,124,"B12_deficient","24y","Male","Bacteria","Verrucomicrobiota","Other"
"12","ASV1017","22E203-087",0,"A22E203.087","22E203-087","22E203.087","18CG429",429,"Children","Girls","F1_18Y_placebo_girls",18,203,"B12_sufficient","18y","Female","Bacteria","Verrucomicrobiota","Other"
"14","ASV1017","22E203-131",0,"A22E203.131","22E203-131","22E203.131","24YF383",383,"Parents","Father","F0_24Y_Father",24,154,"B12_sufficient","24y","Male","Bacteria","Verrucomicrobiota","Other"
"15","ASV1017","22E203-127",0,"A22E203.127","22E203-127","22E203.127","24YF299",299,"Parents","Father","F0_24Y_Father",24,166,"B12_sufficient","24y","Male","Bacteria","Verrucomicrobiota","Other"
"16","ASV1017","22E203-067",0,"A22E203.067","22E203-067","22E203.067","18CG35",35,"Children","Girls","F1_18Y_placebo_girls",18,143.9,"B12_deficient","18y","Female","Bacteria","Verrucomicrobiota","Other"
"17","ASV1017","M22E203052",0,"M22E203.052","M22E203052","M22E203052","18CB542",542,"Children","Boys","F1_18Y_child_boys",18,246.5,"B12_sufficient","18y","Male","Bacteria","Verrucomicrobiota","Other"
"19","ASV1017","22E203-109",0,"A22E203.109","22E203-109","22E203.109","18CG684",684,"Children","Girls","F1_18Y_placebo_girls",18,174,"B12_sufficient","18y","Female","Bacteria","Verrucomicrobiota","Other"
"21","ASV1017","22E203-050",0,"A22E203.050","22E203-050","22E203.050","18CB534",534,"Children","Boys","F1_18Y_placebo_boys",18,338,"B12_sufficient","18y","Male","Bacteria","Verrucomicrobiota","Other"
"22","ASV1017","22E203-101",0,"A22E203.101","22E203-101","22E203.101","18CG587",587,"Children","Girls","F1_18Y_placebo_girls",18,160,"B12_sufficient","18y","Female","Bacteria","Verrucomicrobiota","Other"
"23","ASV1017","M22E203094",0,"M22E203.094","M22E203094","M22E203094","18CG490",490,"Children","Girls","F1_18Y_child_girl",18,208,"B12_sufficient","18y","Female","Bacteria","Verrucomicrobiota","Other"
"24","ASV1017","22E203-138",0,"A22E203.138","22E203-138","22E203.138","24YF465",465,"Parents","Father","F0_24Y_Father",24,184,"B12_sufficient","24y","Male","Bacteria","Verrucomicrobiota","Other"
"25","ASV1017","22E203-019",0,"A22E203.019","22E203-019","22E203.019","18CB50",50,"Children","Boys","F1_18Y_placebo_boys",18,145,"B12_deficient","18y","Male","Bacteria","Verrucomicrobiota","Other"
"26","ASV1017","M22E203093",0,"M22E203.093","M22E203093","M22E203093","18CG482",482,"Children","Girls","F1_18Y_child_girl",18,183,"B12_sufficient","18y","Female","Bacteria","Verrucomicrobiota","Other"
"27","ASV1017","M22E203056",0,"M22E203.056","M22E203056","M22E203056","18CB604",604,"Children","Boys","F1_18Y_child_boys",18,101,"B12_deficient","18y","Male","Bacteria","Verrucomicrobiota","Other"
"28","ASV1017","22E203-128",0,"A22E203.128","22E203-128","22E203.128","24YF348",348,"Parents","Father","F0_24Y_Father",24,164,"B12_sufficient","24y","Male","Bacteria","Verrucomicrobiota","Other"
"29","ASV1017","22E203-139",0,"A22E203.139","22E203-139","22E203.139","24YF468",468,"Parents","Father","F0_24Y_Father",24,144.7,"B12_deficient","24y","Male","Bacteria","Verrucomicrobiota","Other"
"30","ASV1017","M22E203055",0,"M22E203.055","M22E203055","M22E203055","18CB595",595,"Children","Boys","F1_18Y_child_boys",18,233,"B12_sufficient","18y","Male","Bacteria","Verrucomicrobiota","Other"
"32","ASV1017","22E203-110",0,"A22E203.110","22E203-110","22E203.110","24YF14",14,"Parents","Father","F0_24Y_Father",24,151,"B12_sufficient","24y","Male","Bacteria","Verrucomicrobiota","Other"
"33","ASV1017","22E203-129",0,"A22E203.129","22E203-129","22E203.129","24YF351",351,"Parents","Father","F0_24Y_Father",24,139,"B12_deficient","24y","Male","Bacteria","Verrucomicrobiota","Other"
"34","ASV1017","22E203-053",0,"A22E203.053","22E203-053","22E203.053","18CB544",544,"Children","Boys","F1_18Y_placebo_boys",18,94,"B12_deficient","18y","Male","Bacteria","Verrucomicrobiota","Other"
"35","ASV1017","22E203-024",0,"A22E203.024","22E203-024","22E203.024","18CB200",200,"Children","Boys","F1_18Y_placebo_boys",18,144,"B12_deficient","18y","Male","Bacteria","Verrucomicrobiota","Other"
"37","ASV1017","22E203-111",0,"A22E203.111","22E203-111","22E203.111","24YF36",36,"Parents","Father","F0_24Y_Father",24,106,"B12_deficient","24y","Male","Bacteria","Verrucomicrobiota","Other"
"38","ASV1017","22E203-021",0,"A22E203.021","22E203-021","22E203.021","18CB150",150,"Children","Boys","F1_18Y_placebo_boys",18,195,"B12_sufficient","18y","Male","Bacteria","Verrucomicrobiota","Other"
"39","ASV1017","22E203-159",0,"A22E203.159","22E203-159","22E203.159","24YF710",710,"Parents","Father","F0_24Y_Father",24,106,"B12_deficient","24y","Male","Bacteria","Verrucomicrobiota","Other"
"40","ASV1017","M22E203059",0,"M22E203.059","M22E203059","M22E203059","18CB645",645,"Children","Boys","F1_18Y_child_boys",18,173.2,"B12_sufficient","18y","Male","Bacteria","Verrucomicrobiota","Other"
"41","ASV1017","M22E203096",0,"M22E203.096","M22E203096","M22E203096","18CG514",514,"Children","Girls","F1_18Y_child_girl",18,161.9,"B12_sufficient","18y","Female","Bacteria","Verrucomicrobiota","Other"
"42","ASV1017","22E203-140",0,"A22E203.140","22E203-140","22E203.140","24YF472",472,"Parents","Father","F0_24Y_Father",24,116,"B12_deficient","24y","Male","Bacteria","Verrucomicrobiota","Other"
"43","ASV1017","22E203-118",0,"A22E203.118","22E203-118","22E203.118","24YF179",179,"Parents","Father","F0_24Y_Father",24,122,"B12_deficient","24y","Male","Bacteria","Verrucomicrobiota","Other"
"44","ASV1017","22E203-057",0,"A22E203.057","22E203-057","22E203.057","18CB629",629,"Children","Boys","F1_18Y_placebo_boys",18,96,"B12_deficient","18y","Male","Bacteria","Verrucomicrobiota","Other"
"45","ASV1017","22E203-124",0,"A22E203.124","22E203-124","22E203.124","24YF265",265,"Parents","Father","F0_24Y_Father",24,80,"B12_deficient","24y","Male","Bacteria","Verrucomicrobiota","Other"
"46","ASV1017","22E203-163",0,"A22E203.163","22E203-163","22E203.163","24YM40",40,"Parents","Mother","F0_24Y_Mothers",24,466,"B12_sufficient","24y","Female","Bacteria","Verrucomicrobiota","Other"
"47","ASV1017","22E203-141",0,"A22E203.141","22E203-141","22E203.141","24YF490",490,"Parents","Father","F0_24Y_Father",24,144,"B12_deficient","24y","Male","Bacteria","Verrucomicrobiota","Other"
"48","ASV1017","22E203-025",0,"A22E203.025","22E203-025","22E203.025","18CB202",202,"Children","Boys","F1_18Y_placebo_boys",18,188,"B12_sufficient","18y","Male","Bacteria","Verrucomicrobiota","Other"
"49","ASV1017","M22E203062",0,"M22E203.062","M22E203062","M22E203062","18CB695",695,"Children","Boys","F1_18Y_child_boys",18,122,"B12_deficient","18y","Male","Bacteria","Verrucomicrobiota","Other"
"50","ASV1017","22E203-112",0,"A22E203.112","22E203-112","22E203.112","24YF54",54,"Parents","Father","F0_24Y_Father",24,116,"B12_deficient","24y","Male","Bacteria","Verrucomicrobiota","Other"
"51","ASV1017","22E203-164",0,"A22E203.164","22E203-164","22E203.164","24YM51",51,"Parents","Mother","F0_24Y_Mothers",24,123,"B12_deficient","24y","Female","Bacteria","Verrucomicrobiota","Other"
"52","ASV1017","22E203-161",0,"A22E203.161","22E203-161","22E203.161","24YM36",36,"Parents","Mother","F0_24Y_Mothers",24,185,"B12_sufficient","24y","Female","Bacteria","Verrucomicrobiota","Other"
"53","ASV1017","22E203-058",0,"A22E203.058","22E203-058","22E203.058","18CB644",644,"Children","Boys","F1_18Y_placebo_boys",18,60.2,"B12_deficient","18y","Male","Bacteria","Verrucomicrobiota","Other"
"55","ASV1017","22E203-113",0,"A22E203.113","22E203-113","22E203.113","24YF76",76,"Parents","Father","F0_24Y_Father",24,108,"B12_deficient","24y","Male","Bacteria","Verrucomicrobiota","Other"
"56","ASV1017","22E203-119",0,"A22E203.119","22E203-119","22E203.119","24YF192",192,"Parents","Father","F0_24Y_Father",24,295,"B12_sufficient","24y","Male","Bacteria","Verrucomicrobiota","Other"
"57","ASV1017","22E203-027",0,"A22E203.027","22E203-027","22E203.027","18CB223",223,"Children","Boys","F1_18Y_placebo_boys",18,199.1,"B12_sufficient","18y","Male","Bacteria","Verrucomicrobiota","Other"
"58","ASV1017","22E203-125",0,"A22E203.125","22E203-125","22E203.125","24YF292",292,"Parents","Father","F0_24Y_Father",24,148,"B12_deficient","24y","Male","Bacteria","Verrucomicrobiota","Other"
"60","ASV1017","22E203-142",0,"A22E203.142","22E203-142","22E203.142","24YF502",502,"Parents","Father","F0_24Y_Father",24,76,"B12_deficient","24y","Male","Bacteria","Verrucomicrobiota","Other"
"61","ASV1017","22E203-162",0,"A22E203.162","22E203-162","22E203.162","24YM38",38,"Parents","Mother","F0_24Y_Mothers",24,753,"B12_sufficient","24y","Female","Bacteria","Verrucomicrobiota","Other"
"62","ASV1017","M22E203064",0,"M22E203.064","M22E203064","M22E203064","18CG5",5,"Children","Girls","F1_18Y_child_girl",18,172.6,"B12_sufficient","18y","Female","Bacteria","Verrucomicrobiota","Other"
"64","ASV1017","22E203-165",0,"A22E203.165","22E203-165","22E203.165","24YM54",54,"Parents","Mother","F0_24Y_Mothers",24,164,"B12_sufficient","24y","Female","Bacteria","Verrucomicrobiota","Other"
"65","ASV1017","22E203-120",0,"A22E203.120","22E203-120","22E203.120","24YF196",196,"Parents","Father","F0_24Y_Father",24,90,"B12_deficient","24y","Male","Bacteria","Verrucomicrobiota","Other"
"66","ASV1017","22E203-060",0,"A22E203.060","22E203-060","22E203.060","18CB651",651,"Children","Boys","F1_18Y_placebo_boys",18,141,"B12_deficient","18y","Male","Bacteria","Verrucomicrobiota","Other"
"67","ASV1017","M22E203065",0,"M22E203.065","M22E203065","M22E203065","18CG17",17,"Children","Girls","F1_18Y_child_girl",18,86,"B12_deficient","18y","Female","Bacteria","Verrucomicrobiota","Other"
"68","ASV1017","22E203-114",0,"A22E203.114","22E203-114","22E203.114","24YF85",85,"Parents","Father","F0_24Y_Father",24,187,"B12_sufficient","24y","Male","Bacteria","Verrucomicrobiota","Other"
"70","ASV1017","22E203-028",0,"A22E203.028","22E203-028","22E203.028","18CB234",234,"Children","Boys","F1_18Y_placebo_boys",18,179,"B12_sufficient","18y","Male","Bacteria","Verrucomicrobiota","Other"
"71","ASV1017","M22E203044",0,"M22E203.044","M22E203044","M22E203044","18CB447",447,"Children","Boys","F1_18Y_child_boys",18,145.5,"B12_deficient","18y","Male","Bacteria","Verrucomicrobiota","Other"
"74","ASV1017","22E203-196",0,"A22E203.196","22E203-196","22E203.196","24YM472",472,"Parents","Mother","F0_24Y_Mothers",24,105,"B12_deficient","24y","Female","Bacteria","Verrucomicrobiota","Other"
"75","ASV1017","22E203-047",0,"A22E203.047","22E203-047","22E203.047","18CB492",492,"Children","Boys","F1_18Y_placebo_boys",18,105,"B12_deficient","18y","Male","Bacteria","Verrucomicrobiota","Other"
"76","ASV1017","M22E203090",0,"M22E203.090","M22E203090","M22E203090","18CG437",437,"Children","Girls","F1_18Y_child_girl",18,162.3,"B12_sufficient","18y","Female","Bacteria","Verrucomicrobiota","Other"
"77","ASV1017","22E203-156",0,"A22E203.156","22E203-156","22E203.156","24YF640",640,"Parents","Father","F0_24Y_Father",24,83,"B12_deficient","24y","Male","Bacteria","Verrucomicrobiota","Other"
"78","ASV1017","22E203-121",0,"A22E203.121","22E203-121","22E203.121","24YF198",198,"Parents","Father","F0_24Y_Father",24,220,"B12_sufficient","24y","Male","Bacteria","Verrucomicrobiota","Other"
"79","ASV1017","22E203-030",0,"A22E203.030","22E203-030","22E203.030","18CB258",258,"Children","Boys","F1_18Y_placebo_boys",18,182,"B12_sufficient","18y","Male","Bacteria","Verrucomicrobiota","Other"
"80","ASV1017","M22E203066",0,"M22E203.066","M22E203066","M22E203066","18CG28",28,"Children","Girls","F1_18Y_child_girl",18,115,"B12_deficient","18y","Female","Bacteria","Verrucomicrobiota","Other"
"81","ASV1017","22E203-115",0,"A22E203.115","22E203-115","22E203.115","24YF92",92,"Parents","Father","F0_24Y_Father",24,45,"B12_deficient","24y","Male","Bacteria","Verrucomicrobiota","Other"
"82","ASV1017","22E203-144",0,"A22E203.144","22E203-144","22E203.144","24YF528",528,"Parents","Father","F0_24Y_Father",24,159,"B12_sufficient","24y","Male","Bacteria","Verrucomicrobiota","Other"
"83","ASV1017","22E203-197",0,"A22E203.197","22E203-197","22E203.197","24YM475",475,"Parents","Mother","F0_24Y_Mothers",24,305,"B12_sufficient","24y","Female","Bacteria","Verrucomicrobiota","Other"
"84","ASV1017","M22E203045",0,"M22E203.045","M22E203045","M22E203045","18CB474",474,"Children","Boys","F1_18Y_child_boys",18,133,"B12_deficient","18y","Male","Bacteria","Verrucomicrobiota","Other"
"86","ASV1017","22E203-167",0,"A22E203.167","22E203-167","22E203.167","24YM76",76,"Parents","Mother","F0_24Y_Mothers",24,NA,NA,"24y","Female","Bacteria","Verrucomicrobiota","Other"
"87","ASV1017","22E203-122",0,"A22E203.122","22E203-122","22E203.122","24YF203",203,"Parents","Father","F0_24Y_Father",24,77,"B12_deficient","24y","Male","Bacteria","Verrucomicrobiota","Other"
"90","ASV1017","22E203-157",0,"A22E203.157","22E203-157","22E203.157","24YF677",677,"Parents","Father","F0_24Y_Father",24,108,"B12_deficient","24y","Male","Bacteria","Verrucomicrobiota","Other"
"91","ASV1017","22E203-145",0,"A22E203.145","22E203-145","22E203.145","24YF547",547,"Parents","Father","F0_24Y_Father",24,123,"B12_deficient","24y","Male","Bacteria","Verrucomicrobiota","Other"
"92","ASV1017","22E203-031",0,"A22E203.031","22E203-031","22E203.031","18CB287",287,"Children","Boys","F1_18Y_placebo_boys",18,296,"B12_sufficient","18y","Male","Bacteria","Verrucomicrobiota","Other"
"93","ASV1017","M22E203068",0,"M22E203.068","M22E203068","M22E203068","18CG53",53,"Children","Girls","F1_18Y_child_girl",18,186.4,"B12_sufficient","18y","Female","Bacteria","Verrucomicrobiota","Other"
"94","ASV1017","22E203-116",0,"A22E203.116","22E203-116","22E203.116","24YF100",100,"Parents","Father","F0_24Y_Father",24,101.5,"B12_deficient","24y","Male","Bacteria","Verrucomicrobiota","Other"
"96","ASV1017","22E203-198",0,"A22E203.198","22E203-198","22E203.198","24YM498",498,"Parents","Mother","F0_24Y_Mothers",24,134,"B12_deficient","24y","Female","Bacteria","Verrucomicrobiota","Other"
"97","ASV1017","M22E203051",0,"M22E203.051","M22E203051","M22E203051","18CB540",540,"Children","Boys","F1_18Y_child_boys",18,136,"B12_deficient","18y","Male","Bacteria","Verrucomicrobiota","Other"
"98","ASV1017","M22E203103",0,"M22E203.103","M22E203103","M22E203103","18CG615",615,"Children","Girls","F1_18Y_child_girl",18,244,"B12_sufficient","18y","Female","Bacteria","Verrucomicrobiota","Other"
"100","ASV1017","22E203-123",0,"A22E203.123","22E203-123","22E203.123","24YF244",244,"Parents","Father","F0_24Y_Father",24,259,"B12_sufficient","24y","Male","Bacteria","Verrucomicrobiota","Other"
"103","ASV1017","22E203-117",0,"A22E203.117","22E203-117","22E203.117","24YF116",116,"Parents","Father","F0_24Y_Father",24,291,"B12_sufficient","24y","Male","Bacteria","Verrucomicrobiota","Other"
"104","ASV1017","22E203-146",0,"A22E203.146","22E203-146","22E203.146","24YF563",563,"Parents","Father","F0_24Y_Father",24,185,"B12_sufficient","24y","Male","Bacteria","Verrucomicrobiota","Other"
"105","ASV1017","22E203-035",0,"A22E203.035","22E203-035","22E203.035","18CB315",315,"Children","Boys","F1_18Y_placebo_boys",18,195,"B12_sufficient","18y","Male","Bacteria","Verrucomicrobiota","Other"
"106","ASV1017","M22E203069",0,"M22E203.069","M22E203069","M22E203069","18CG64",64,"Children","Girls","F1_18Y_child_girl",18,143,"B12_deficient","18y","Female","Bacteria","Verrucomicrobiota","Other"
"107","ASV1017","M22E203104",0,"M22E203.104","M22E203104","M22E203104","18CG628",628,"Children","Girls","F1_18Y_child_girl",18,205,"B12_sufficient","18y","Female","Bacteria","Verrucomicrobiota","Other"
"108","ASV1017","22E203-169",0,"A22E203.169","22E203-169","22E203.169","24YM123",123,"Parents","Mother","F0_24Y_Mothers",24,288,"B12_sufficient","24y","Female","Bacteria","Verrucomicrobiota","Other"
"109","ASV1017","22E203-199",0,"A22E203.199","22E203-199","22E203.199","24YM510",510,"Parents","Mother","F0_24Y_Mothers",24,132,"B12_deficient","24y","Female","Bacteria","Verrucomicrobiota","Other"
"110","ASV1017","M22E203032",0,"M22E203.032","M22E203032","M22E203032","18CB304",304,"Children","Boys","F1_18Y_child_boys",18,216,"B12_sufficient","18y","Male","Bacteria","Verrucomicrobiota","Other"
"111","ASV1017","M22E203082",0,"M22E203.082","M22E203082","M22E203082","18CG341",341,"Children","Girls","F1_18Y_child_girl",18,116.6,"B12_deficient","18y","Female","Bacteria","Verrucomicrobiota","Other"
"112","ASV1017","22E203-192",0,"A22E203.192","22E203-192","22E203.192","24YM444",444,"Parents","Mother","F0_24Y_Mothers",24,435,"B12_sufficient","24y","Female","Bacteria","Verrucomicrobiota","Other"
"113","ASV1017","22E203-189",0,"A22E203.189","22E203-189","22E203.189","24YM418",418,"Parents","Mother","F0_24Y_Mothers",24,107,"B12_deficient","24y","Female","Bacteria","Verrucomicrobiota","Other"
"114","ASV1017","22E203-037",0,"A22E203.037","22E203-037","22E203.037","18CB371",371,"Children","Boys","F1_18Y_placebo_boys",18,188,"B12_sufficient","18y","Male","Bacteria","Verrucomicrobiota","Other"
"115","ASV1017","M22E203070",0,"M22E203.070","M22E203070","M22E203070","18CG84",84,"Children","Girls","F1_18Y_child_girl",18,282,"B12_sufficient","18y","Female","Bacteria","Verrucomicrobiota","Other"
"116","ASV1017","M22E203077",0,"M22E203.077","M22E203077","M22E203077","18CG236",236,"Children","Girls","F1_18Y_child_girl",18,185,"B12_sufficient","18y","Female","Bacteria","Verrucomicrobiota","Other"
"117","ASV1017","22E203-147",0,"A22E203.147","22E203-147","22E203.147","24YF572",572,"Parents","Father","F0_24Y_Father",24,83,"B12_deficient","24y","Male","Bacteria","Verrucomicrobiota","Other"
"119","ASV1017","M22E203033",0,"M22E203.033","M22E203033","M22E203033","18CB307",307,"Children","Boys","F1_18Y_child_boys",18,117,"B12_deficient","18y","Male","Bacteria","Verrucomicrobiota","Other"
"120","ASV1017","M22E203105",0,"M22E203.105","M22E203105","M22E203105","18CG638",638,"Children","Girls","F1_18Y_child_girl",18,290,"B12_sufficient","18y","Female","Bacteria","Verrucomicrobiota","Other"
"121","ASV1017","22E203-170",0,"A22E203.170","22E203-170","22E203.170","24YM171",171,"Parents","Mother","F0_24Y_Mothers",24,100,"B12_deficient","24y","Female","Bacteria","Verrucomicrobiota","Other"
"123","ASV1017","22E203-038",0,"A22E203.038","22E203-038","22E203.038","18CB375",375,"Children","Boys","F1_18Y_placebo_boys",18,149.5,"B12_deficient","18y","Male","Bacteria","Verrucomicrobiota","Other"
"124","ASV1017","M22E203083",0,"M22E203.083","M22E203083","M22E203083","18CG346",346,"Children","Girls","F1_18Y_child_girl",18,140,"B12_deficient","18y","Female","Bacteria","Verrucomicrobiota","Other"
"125","ASV1017","22E203-194",0,"A22E203.194","22E203-194","22E203.194","24YM452",452,"Parents","Mother","F0_24Y_Mothers",24,174,"B12_sufficient","24y","Female","Bacteria","Verrucomicrobiota","Other"
"126","ASV1017","22E203-148",0,"A22E203.148","22E203-148","22E203.148","24YF577",577,"Parents","Father","F0_24Y_Father",24,124,"B12_deficient","24y","Male","Bacteria","Verrucomicrobiota","Other"
"129","ASV1017","M22E203078",0,"M22E203.078","M22E203078","M22E203078","18CG283",283,"Children","Girls","F1_18Y_child_girl",18,133.4,"B12_deficient","18y","Female","Bacteria","Verrucomicrobiota","Other"
"130","ASV1017","22E203-171",0,"A22E203.171","22E203-171","22E203.171","24YM180",180,"Parents","Mother","F0_24Y_Mothers",24,227,"B12_sufficient","24y","Female","Bacteria","Verrucomicrobiota","Other"
"131","ASV1017","22E203-191",0,"A22E203.191","22E203-191","22E203.191","24YM429",429,"Parents","Mother","F0_24Y_Mothers",24,138,"B12_deficient","24y","Female","Bacteria","Verrucomicrobiota","Other"
"132","ASV1017","M22E203034",0,"M22E203.034","M22E203034","M22E203034","18CB312",312,"Children","Boys","F1_18Y_child_boys",18,380.5,"B12_sufficient","18y","Male","Bacteria","Verrucomicrobiota","Other"
"133","ASV1017","M22E203106",0,"M22E203.106","M22E203106","M22E203106","18CG648",648,"Children","Girls","F1_18Y_child_girl",18,181.2,"B12_sufficient","18y","Female","Bacteria","Verrucomicrobiota","Other"
"134","ASV1017","22E203-195",0,"A22E203.195","22E203-195","22E203.195","24YM465",465,"Parents","Mother","F0_24Y_Mothers",24,258,"B12_sufficient","24y","Female","Bacteria","Verrucomicrobiota","Other"
"135","ASV1017","22E203-149",0,"A22E203.149","22E203-149","22E203.149","24YF578",578,"Parents","Father","F0_24Y_Father",24,255,"B12_sufficient","24y","Male","Bacteria","Verrucomicrobiota","Other"
"136","ASV1017","22E203-040",0,"A22E203.040","22E203-040","22E203.040","18CB400",400,"Children","Boys","F1_18Y_placebo_boys",18,244,"B12_sufficient","18y","Male","Bacteria","Verrucomicrobiota","Other"
"137","ASV1017","M22E203085",0,"M22E203.085","M22E203085","M22E203085","18CG401",401,"Children","Girls","F1_18Y_child_girl",18,263,"B12_sufficient","18y","Female","Bacteria","Verrucomicrobiota","Other"
"138","ASV1017","M22E203079",0,"M22E203.079","M22E203079","M22E203079","18CG288",288,"Children","Girls","F1_18Y_child_girl",18,288,"B12_sufficient","18y","Female","Bacteria","Verrucomicrobiota","Other"
"139","ASV1017","22E203-172",0,"A22E203.172","22E203-172","22E203.172","24YM185",185,"Parents","Mother","F0_24Y_Mothers",24,118,"B12_deficient","24y","Female","Bacteria","Verrucomicrobiota","Other"
"140","ASV1017","22E203-202",0,"A22E203.202","22E203-202","22E203.202","24YM556",556,"Parents","Mother","F0_24Y_Mothers",24,161,"B12_sufficient","24y","Female","Bacteria","Verrucomicrobiota","Other"
"141","ASV1017","M22E203072",0,"M22E203.072","M22E203072","M22E203072","18CG198",198,"Children","Girls","F1_18Y_child_girl",18,284.1,"B12_sufficient","18y","Female","Bacteria","Verrucomicrobiota","Other"
"142","ASV1017","M22E203107",0,"M22E203.107","M22E203107","M22E203107","18CG649",649,"Children","Girls","F1_18Y_child_girl",18,245,"B12_sufficient","18y","Female","Bacteria","Verrucomicrobiota","Other"
"143","ASV1017","22E203-153",0,"A22E203.153","22E203-153","22E203.153","24YF624",624,"Parents","Father","F0_24Y_Father",24,326,"B12_sufficient","24y","Male","Bacteria","Verrucomicrobiota","Other"
"145","ASV1017","M22E203036",0,"M22E203.036","M22E203036","M22E203036","18CB340",340,"Children","Boys","F1_18Y_child_boys",18,250,"B12_sufficient","18y","Male","Bacteria","Verrucomicrobiota","Other"
"146","ASV1017","M22E203086",0,"M22E203.086","M22E203086","M22E203086","18CG414",414,"Children","Girls","F1_18Y_child_girl",18,134,"B12_deficient","18y","Female","Bacteria","Verrucomicrobiota","Other"
"147","ASV1017","M22E203108",0,"M22E203.108","M22E203108","M22E203108","18CG678",678,"Children","Girls","F1_18Y_child_girl",18,131.3,"B12_deficient","18y","Female","Bacteria","Verrucomicrobiota","Other"
"148","ASV1017","22E203-173",0,"A22E203.173","22E203-173","22E203.173","24YM196",196,"Parents","Mother","F0_24Y_Mothers",24,198,"B12_sufficient","24y","Female","Bacteria","Verrucomicrobiota","Other"
"149","ASV1017","22E203-041",0,"A22E203.041","22E203-041","22E203.041","18CB416",416,"Children","Boys","F1_18Y_placebo_boys",18,135,"B12_deficient","18y","Male","Bacteria","Verrucomicrobiota","Other"
"150","ASV1017","M22E203073",0,"M22E203.073","M22E203073","M22E203073","18CG199",199,"Children","Girls","F1_18Y_child_girl",18,106,"B12_deficient","18y","Female","Bacteria","Verrucomicrobiota","Other"
"151","ASV1017","M22E203088",0,"M22E203.088","M22E203088","M22E203088","18CG434",434,"Children","Girls","F1_18Y_child_girl",18,197,"B12_sufficient","18y","Female","Bacteria","Verrucomicrobiota","Other"
"152","ASV1017","22E203-154",0,"A22E203.154","22E203-154","22E203.154","24YF625",625,"Parents","Father","F0_24Y_Father",24,138,"B12_deficient","24y","Male","Bacteria","Verrucomicrobiota","Other"
"153","ASV1017","22E203-203",0,"A22E203.203","22E203-203","22E203.203","24YM558",558,"Parents","Mother","F0_24Y_Mothers",24,1073,"B12_sufficient","24y","Female","Bacteria","Verrucomicrobiota","Other"
"154","ASV1017","M22E203039",0,"M22E203.039","M22E203039","M22E203039","18CB391",391,"Children","Boys","F1_18Y_child_boys",18,119.3,"B12_deficient","18y","Male","Bacteria","Verrucomicrobiota","Other"
"155","ASV1017","M22E203074",0,"M22E203.074","M22E203074","M22E203074","18CG207",207,"Children","Girls","F1_18Y_child_girl",18,123.1,"B12_deficient","18y","Female","Bacteria","Verrucomicrobiota","Other"
"156","ASV1017","M22E203160",0,"M22E203.160","M22E203160","M22E203160","24YM14",14,"Parents","Mother","F0_24Y_Mothers",24,146,"B12_deficient","24y","Female","Bacteria","Verrucomicrobiota","Other"
"157","ASV1017","22E203-151",0,"A22E203.151","22E203-151","22E203.151","24YF590",590,"Parents","Father","F0_24Y_Father",24,169,"B12_sufficient","24y","Male","Bacteria","Verrucomicrobiota","Other"
"158","ASV1017","22E203-043",0,"A22E203.043","22E203-043","22E203.043","18CB433",433,"Children","Boys","F1_18Y_placebo_boys",18,75,"B12_deficient","18y","Male","Bacteria","Verrucomicrobiota","Other"
"159","ASV1017","M22E203042",0,"M22E203.042","M22E203042","M22E203042","18CB426",426,"Children","Boys","F1_18Y_child_boys",18,130.2,"B12_deficient","18y","Male","Bacteria","Verrucomicrobiota","Other"
"160","ASV1017","M22E203089",0,"M22E203.089","M22E203089","M22E203089","18CG436",436,"Children","Girls","F1_18Y_child_girl",18,131,"B12_deficient","18y","Female","Bacteria","Verrucomicrobiota","Other"
"163","ASV1017","22E203-046",0,"A22E203.046","22E203-046","22E203.046","18CB477",477,"Children","Boys","F1_18Y_placebo_boys",18,152.8,"B12_sufficient","18y","Male","Bacteria","Verrucomicrobiota","Other"
"164","ASV1017","M22E203076",0,"M22E203.076","M22E203076","M22E203076","18CG233",233,"Children","Girls","F1_18Y_child_girl",18,112,"B12_deficient","18y","Female","Bacteria","Verrucomicrobiota","Other"
"165","ASV1017","22E203-155",0,"A22E203.155","22E203-155","22E203.155","24YF638",638,"Parents","Father","F0_24Y_Father",24,135,"B12_deficient","24y","Male","Bacteria","Verrucomicrobiota","Other"
"166","ASV1017","22E203-152",0,"A22E203.152","22E203-152","22E203.152","24YF602",602,"Parents","Father","F0_24Y_Father",24,310,"B12_sufficient","24y","Male","Bacteria","Verrucomicrobiota","Other"
"168","ASV1017","M22E203023",0,"M22E203.023","M22E203023","M22E203023","18CB183",183,"Children","Boys","F1_18Y_child_boys",18,117,"B12_deficient","18y","Male","Bacteria","Verrucomicrobiota","Other"
"169","ASV1017","M22E203180",0,"M22E203.180","M22E203180","M22E203180","24YM258",258,"Parents","Mother","F0_24Y_Mothers",24,114,"B12_deficient","24y","Female","Bacteria","Verrucomicrobiota","Other"
"171","ASV1017","22E203-186",0,"A22E203.186","22E203-186","22E203.186","24YM387",387,"Parents","Mother","F0_24Y_Mothers",24,180,"B12_sufficient","24y","Female","Bacteria","Verrucomicrobiota","Other"
"172","ASV1017","22E203-206",0,"A22E203.206","22E203-206","22E203.206","24YM638",638,"Parents","Mother","F0_24Y_Mothers",24,146,"B12_deficient","24y","Female","Bacteria","Verrucomicrobiota","Other"
"174","ASV1017","22E203-179",0,"A22E203.179","22E203-179","22E203.179","24YM239",239,"Parents","Mother","F0_24Y_Mothers",24,101,"B12_deficient","24y","Female","Bacteria","Verrucomicrobiota","Other"
"175","ASV1017","22E203-176",0,"A22E203.176","22E203-176","22E203.176","24YM221",221,"Parents","Mother","F0_24Y_Mothers",24,213,"B12_sufficient","24y","Female","Bacteria","Verrucomicrobiota","Other"
"176","ASV1017","22E203-187",0,"A22E203.187","22E203-187","22E203.187","24YM414",414,"Parents","Mother","F0_24Y_Mothers",24,102,"B12_deficient","24y","Female","Bacteria","Verrucomicrobiota","Other"
"177","ASV1017","M22E203026",0,"M22E203.026","M22E203026","M22E203026","18CB218",218,"Children","Boys","F1_18Y_child_boys",18,86,"B12_deficient","18y","Male","Bacteria","Verrucomicrobiota","Other"
"178","ASV1017","22E203-184",0,"A22E203.184","22E203-184","22E203.184","24YM316",316,"Parents","Mother","F0_24Y_Mothers",24,161,"B12_sufficient","24y","Female","Bacteria","Verrucomicrobiota","Other"
"180","ASV1017","22E203-177",0,"A22E203.177","22E203-177","22E203.177","24YM233",233,"Parents","Mother","F0_24Y_Mothers",24,494,"B12_sufficient","24y","Female","Bacteria","Verrucomicrobiota","Other"
"182","ASV1017","M22E203029",0,"M22E203.029","M22E203029","M22E203029","18CB246",246,"Children","Boys","F1_18Y_child_boys",18,94,"B12_deficient","18y","Male","Bacteria","Verrucomicrobiota","Other"
"183","ASV1017","22E203-185",0,"A22E203.185","22E203-185","22E203.185","24YM342",342,"Parents","Mother","F0_24Y_Mothers",24,121,"B12_deficient","24y","Female","Bacteria","Verrucomicrobiota","Other"
"185","ASV1017","22E203-188",0,"A22E203.188","22E203-188","22E203.188","24YM415",415,"Parents","Mother","F0_24Y_Mothers",24,277,"B12_sufficient","24y","Female","Bacteria","Verrucomicrobiota","Other"
"186","ASV1017","22E203-208",0,"A22E203.208","22E203-208","22E203.208","24YM667",667,"Parents","Mother","F0_24Y_Mothers",24,98,"B12_deficient","24y","Female","Bacteria","Verrucomicrobiota","Other"
"187","ASV1017","22E203-209",0,"A22E203.209","22E203-209","22E203.209","24YM708",708,"Parents","Mother","F0_24Y_Mothers",24,83,"B12_deficient","24y","Female","Bacteria","Verrucomicrobiota","Other"
"188","ASV1017","M22E203014",0,"M22E203.014","M22E203014","M22E203014","18CB22",22,"Children","Boys","F1_18Y_child_boys",18,146,"B12_deficient","18y","Male","Bacteria","Verrucomicrobiota","Other"
"189","ASV1017","22E203-178",0,"A22E203.178","22E203-178","22E203.178","24YM237",237,"Parents","Mother","F0_24Y_Mothers",24,189,"B12_sufficient","24y","Female","Bacteria","Verrucomicrobiota","Other"
"190","ASV1017","M22E203018",0,"M22E203.018","M22E203018","M22E203018","18CB44",44,"Children","Boys","F1_18Y_child_boys",18,131.3,"B12_deficient","18y","Male","Bacteria","Verrucomicrobiota","Other"
"191","ASV1017","M22E203020",0,"M22E203.020","M22E203020","M22E203020","18CB97",97,"Children","Boys","F1_18Y_child_boys",18,157.7,"B12_sufficient","18y","Male","Bacteria","Verrucomicrobiota","Other"
"192","ASV1017","M22E203022",0,"M22E203.022","M22E203022","M22E203022","18CB152",152,"Children","Boys","F1_18Y_child_boys",18,118.1,"B12_deficient","18y","Male","Bacteria","Verrucomicrobiota","Other"
"193","ASV1017","M22E203015",0,"M22E203.015","M22E203015","M22E203015","18CB24",24,"Children","Boys","F1_18Y_child_boys",18,114,"B12_deficient","18y","Male","Bacteria","Verrucomicrobiota","Other"
"195","ASV138","22E203-130",0,"A22E203.130","22E203-130","22E203.130","24YF369",369,"Parents","Father","F0_24Y_Father",24,34,"B12_deficient","24y","Male","Bacteria","Cyanobacteriota","Cyanobacteriota"
"196","ASV138","22E203-017",0,"A22E203.017","22E203-017","22E203.017","18CB43",43,"Children","Boys","F1_18Y_placebo_boys",18,309,"B12_sufficient","18y","Male","Bacteria","Cyanobacteriota","Cyanobacteriota"
"197","ASV138","22E203-050",0,"A22E203.050","22E203-050","22E203.050","18CB534",534,"Children","Boys","F1_18Y_placebo_boys",18,338,"B12_sufficient","18y","Male","Bacteria","Cyanobacteriota","Cyanobacteriota"
"201","ASV138","22E203-019",0,"A22E203.019","22E203-019","22E203.019","18CB50",50,"Children","Boys","F1_18Y_placebo_boys",18,145,"B12_deficient","18y","Male","Bacteria","Cyanobacteriota","Cyanobacteriota"
"204","ASV138","22E203-161",0,"A22E203.161","22E203-161","22E203.161","24YM36",36,"Parents","Mother","F0_24Y_Mothers",24,185,"B12_sufficient","24y","Female","Bacteria","Cyanobacteriota","Cyanobacteriota"
"206","ASV138","22E203-021",0,"A22E203.021","22E203-021","22E203.021","18CB150",150,"Children","Boys","F1_18Y_placebo_boys",18,195,"B12_sufficient","18y","Male","Bacteria","Cyanobacteriota","Cyanobacteriota"
"207","ASV138","22E203-081",0,"A22E203.081","22E203-081","22E203.081","18CG314",314,"Children","Girls","F1_18Y_placebo_girls",18,175,"B12_sufficient","18y","Female","Bacteria","Cyanobacteriota","Cyanobacteriota"
"209","ASV138","22E203-162",0,"A22E203.162","22E203-162","22E203.162","24YM38",38,"Parents","Mother","F0_24Y_Mothers",24,753,"B12_sufficient","24y","Female","Bacteria","Cyanobacteriota","Cyanobacteriota"
"210","ASV138","22E203-191",0,"A22E203.191","22E203-191","22E203.191","24YM429",429,"Parents","Mother","F0_24Y_Mothers",24,138,"B12_deficient","24y","Female","Bacteria","Cyanobacteriota","Cyanobacteriota"
"212","ASV138","22E203-084",0,"A22E203.084","22E203-084","22E203.084","18CG386",386,"Children","Girls","F1_18Y_placebo_girls",18,157,"B12_sufficient","18y","Female","Bacteria","Cyanobacteriota","Cyanobacteriota"
"213","ASV138","22E203-134",0,"A22E203.134","22E203-134","22E203.134","24YF437",437,"Parents","Father","F0_24Y_Father",24,219,"B12_sufficient","24y","Male","Bacteria","Cyanobacteriota","Cyanobacteriota"
"214","ASV138","22E203-163",0,"A22E203.163","22E203-163","22E203.163","24YM40",40,"Parents","Mother","F0_24Y_Mothers",24,466,"B12_sufficient","24y","Female","Bacteria","Cyanobacteriota","Cyanobacteriota"
"217","ASV138","22E203-124",0,"A22E203.124","22E203-124","22E203.124","24YF265",265,"Parents","Father","F0_24Y_Father",24,80,"B12_deficient","24y","Male","Bacteria","Cyanobacteriota","Cyanobacteriota"
"218","ASV138","22E203-121",0,"A22E203.121","22E203-121","22E203.121","24YF198",198,"Parents","Father","F0_24Y_Father",24,220,"B12_sufficient","24y","Male","Bacteria","Cyanobacteriota","Cyanobacteriota"
"219","ASV138","22E203-192",0,"A22E203.192","22E203-192","22E203.192","24YM444",444,"Parents","Mother","F0_24Y_Mothers",24,435,"B12_sufficient","24y","Female","Bacteria","Cyanobacteriota","Cyanobacteriota"
"220","ASV138","22E203-025",0,"A22E203.025","22E203-025","22E203.025","18CB202",202,"Children","Boys","F1_18Y_placebo_boys",18,188,"B12_sufficient","18y","Male","Bacteria","Cyanobacteriota","Cyanobacteriota"
"221","ASV138","22E203-087",0,"A22E203.087","22E203-087","22E203.087","18CG429",429,"Children","Girls","F1_18Y_placebo_girls",18,203,"B12_sufficient","18y","Female","Bacteria","Cyanobacteriota","Cyanobacteriota"
"222","ASV138","22E203-135",0,"A22E203.135","22E203-135","22E203.135","24YF438",438,"Parents","Father","F0_24Y_Father",24,312,"B12_sufficient","24y","Male","Bacteria","Cyanobacteriota","Cyanobacteriota"
"223","ASV138","22E203-164",0,"A22E203.164","22E203-164","22E203.164","24YM51",51,"Parents","Mother","F0_24Y_Mothers",24,123,"B12_deficient","24y","Female","Bacteria","Cyanobacteriota","Cyanobacteriota"
"224","ASV138","22E203-194",0,"A22E203.194","22E203-194","22E203.194","24YM452",452,"Parents","Mother","F0_24Y_Mothers",24,174,"B12_sufficient","24y","Female","Bacteria","Cyanobacteriota","Cyanobacteriota"
"225","ASV138","22E203-058",0,"A22E203.058","22E203-058","22E203.058","18CB644",644,"Children","Boys","F1_18Y_placebo_boys",18,60.2,"B12_deficient","18y","Male","Bacteria","Cyanobacteriota","Cyanobacteriota"
"227","ASV138","22E203-122",0,"A22E203.122","22E203-122","22E203.122","24YF203",203,"Parents","Father","F0_24Y_Father",24,77,"B12_deficient","24y","Male","Bacteria","Cyanobacteriota","Cyanobacteriota"
"229","ASV138","22E203-027",0,"A22E203.027","22E203-027","22E203.027","18CB223",223,"Children","Boys","F1_18Y_placebo_boys",18,199.1,"B12_sufficient","18y","Male","Bacteria","Cyanobacteriota","Cyanobacteriota"
"232","ASV138","22E203-123",0,"A22E203.123","22E203-123","22E203.123","24YF244",244,"Parents","Father","F0_24Y_Father",24,259,"B12_sufficient","24y","Male","Bacteria","Cyanobacteriota","Cyanobacteriota"
"234","ASV138","22E203-060",0,"A22E203.060","22E203-060","22E203.060","18CB651",651,"Children","Boys","F1_18Y_placebo_boys",18,141,"B12_deficient","18y","Male","Bacteria","Cyanobacteriota","Cyanobacteriota"
"235","ASV138","22E203-126",0,"A22E203.126","22E203-126","22E203.126","24YF294",294,"Parents","Father","F0_24Y_Father",24,81,"B12_deficient","24y","Male","Bacteria","Cyanobacteriota","Cyanobacteriota"
"236","ASV138","22E203-137",0,"A22E203.137","22E203-137","22E203.137","24YF454",454,"Parents","Father","F0_24Y_Father",24,124,"B12_deficient","24y","Male","Bacteria","Cyanobacteriota","Cyanobacteriota"
"238","ASV138","22E203-028",0,"A22E203.028","22E203-028","22E203.028","18CB234",234,"Children","Boys","F1_18Y_placebo_boys",18,179,"B12_sufficient","18y","Male","Bacteria","Cyanobacteriota","Cyanobacteriota"
"239","ASV138","22E203-101",0,"A22E203.101","22E203-101","22E203.101","18CG587",587,"Children","Girls","F1_18Y_placebo_girls",18,160,"B12_sufficient","18y","Female","Bacteria","Cyanobacteriota","Cyanobacteriota"
"241","ASV138","22E203-156",0,"A22E203.156","22E203-156","22E203.156","24YF640",640,"Parents","Father","F0_24Y_Father",24,83,"B12_deficient","24y","Male","Bacteria","Cyanobacteriota","Cyanobacteriota"
"242","ASV138","22E203-196",0,"A22E203.196","22E203-196","22E203.196","24YM472",472,"Parents","Mother","F0_24Y_Mothers",24,105,"B12_deficient","24y","Female","Bacteria","Cyanobacteriota","Cyanobacteriota"
"244","ASV138","22E203-118",0,"A22E203.118","22E203-118","22E203.118","24YF179",179,"Parents","Father","F0_24Y_Father",24,122,"B12_deficient","24y","Male","Bacteria","Cyanobacteriota","Cyanobacteriota"
"245","ASV138","22E203-138",0,"A22E203.138","22E203-138","22E203.138","24YF465",465,"Parents","Father","F0_24Y_Father",24,184,"B12_sufficient","24y","Male","Bacteria","Cyanobacteriota","Cyanobacteriota"
"246","ASV138","22E203-186",0,"A22E203.186","22E203-186","22E203.186","24YM387",387,"Parents","Mother","F0_24Y_Mothers",24,180,"B12_sufficient","24y","Female","Bacteria","Cyanobacteriota","Cyanobacteriota"
"247","ASV138","22E203-047",0,"A22E203.047","22E203-047","22E203.047","18CB492",492,"Children","Boys","F1_18Y_placebo_boys",18,105,"B12_deficient","18y","Male","Bacteria","Cyanobacteriota","Cyanobacteriota"
"248","ASV138","22E203-109",0,"A22E203.109","22E203-109","22E203.109","18CG684",684,"Children","Girls","F1_18Y_placebo_girls",18,174,"B12_sufficient","18y","Female","Bacteria","Cyanobacteriota","Cyanobacteriota"
"249","ASV138","22E203-128",0,"A22E203.128","22E203-128","22E203.128","24YF348",348,"Parents","Father","F0_24Y_Father",24,164,"B12_sufficient","24y","Male","Bacteria","Cyanobacteriota","Cyanobacteriota"
"250","ASV138","22E203-167",0,"A22E203.167","22E203-167","22E203.167","24YM76",76,"Parents","Mother","F0_24Y_Mothers",24,NA,NA,"24y","Female","Bacteria","Cyanobacteriota","Cyanobacteriota"
"254","ASV138","22E203-157",0,"A22E203.157","22E203-157","22E203.157","24YF677",677,"Parents","Father","F0_24Y_Father",24,108,"B12_deficient","24y","Male","Bacteria","Cyanobacteriota","Cyanobacteriota"
"256","ASV138","22E203-048",0,"A22E203.048","22E203-048","22E203.048","18CB503",503,"Children","Boys","F1_18Y_placebo_boys",18,191,"B12_sufficient","18y","Male","Bacteria","Cyanobacteriota","Cyanobacteriota"
"260","ASV138","22E203-031",0,"A22E203.031","22E203-031","22E203.031","18CB287",287,"Children","Boys","F1_18Y_placebo_boys",18,296,"B12_sufficient","18y","Male","Bacteria","Cyanobacteriota","Cyanobacteriota"
"261","ASV138","22E203-067",0,"A22E203.067","22E203-067","22E203.067","18CG35",35,"Children","Girls","F1_18Y_placebo_girls",18,143.9,"B12_deficient","18y","Female","Bacteria","Cyanobacteriota","Cyanobacteriota"
"262","ASV138","22E203-129",0,"A22E203.129","22E203-129","22E203.129","24YF351",351,"Parents","Father","F0_24Y_Father",24,139,"B12_deficient","24y","Male","Bacteria","Cyanobacteriota","Cyanobacteriota"
"264","ASV138","22E203-198",0,"A22E203.198","22E203-198","22E203.198","24YM498",498,"Parents","Mother","F0_24Y_Mothers",24,134,"B12_deficient","24y","Female","Bacteria","Cyanobacteriota","Cyanobacteriota"
"266","ASV138","22E203-120",0,"A22E203.120","22E203-120","22E203.120","24YF196",196,"Parents","Father","F0_24Y_Father",24,90,"B12_deficient","24y","Male","Bacteria","Cyanobacteriota","Cyanobacteriota"
"272","ASV138","22E203-169",0,"A22E203.169","22E203-169","22E203.169","24YM123",123,"Parents","Mother","F0_24Y_Mothers",24,288,"B12_sufficient","24y","Female","Bacteria","Cyanobacteriota","Cyanobacteriota"
"273","ASV138","22E203-199",0,"A22E203.199","22E203-199","22E203.199","24YM510",510,"Parents","Mother","F0_24Y_Mothers",24,132,"B12_deficient","24y","Female","Bacteria","Cyanobacteriota","Cyanobacteriota"
"274","ASV138","M22E203052",0,"M22E203.052","M22E203052","M22E203052","18CB542",542,"Children","Boys","F1_18Y_child_boys",18,246.5,"B12_sufficient","18y","Male","Bacteria","Cyanobacteriota","Cyanobacteriota"
"275","ASV138","M22E203093",0,"M22E203.093","M22E203093","M22E203093","18CG482",482,"Children","Girls","F1_18Y_child_girl",18,183,"B12_sufficient","18y","Female","Bacteria","Cyanobacteriota","Cyanobacteriota"
"277","ASV138","M22E203036",0,"M22E203.036","M22E203036","M22E203036","18CB340",340,"Children","Boys","F1_18Y_child_boys",18,250,"B12_sufficient","18y","Male","Bacteria","Cyanobacteriota","Cyanobacteriota"
"278","ASV138","M22E203032",0,"M22E203.032","M22E203032","M22E203032","18CB304",304,"Children","Boys","F1_18Y_child_boys",18,216,"B12_sufficient","18y","Male","Bacteria","Cyanobacteriota","Cyanobacteriota"
"279","ASV138","M22E203082",0,"M22E203.082","M22E203082","M22E203082","18CG341",341,"Children","Girls","F1_18Y_child_girl",18,116.6,"B12_deficient","18y","Female","Bacteria","Cyanobacteriota","Cyanobacteriota"
"282","ASV138","22E203-037",0,"A22E203.037","22E203-037","22E203.037","18CB371",371,"Children","Boys","F1_18Y_placebo_boys",18,188,"B12_sufficient","18y","Male","Bacteria","Cyanobacteriota","Cyanobacteriota"
"283","ASV138","22E203-112",0,"A22E203.112","22E203-112","22E203.112","24YF54",54,"Parents","Father","F0_24Y_Father",24,116,"B12_deficient","24y","Male","Bacteria","Cyanobacteriota","Cyanobacteriota"
"286","ASV138","22E203-200",0,"A22E203.200","22E203-200","22E203.200","24YM511",511,"Parents","Mother","F0_24Y_Mothers",24,117,"B12_deficient","24y","Female","Bacteria","Cyanobacteriota","Cyanobacteriota"
"288","ASV138","M22E203094",0,"M22E203.094","M22E203094","M22E203094","18CG490",490,"Children","Girls","F1_18Y_child_girl",18,208,"B12_sufficient","18y","Female","Bacteria","Cyanobacteriota","Cyanobacteriota"
"291","ASV138","M22E203033",0,"M22E203.033","M22E203033","M22E203033","18CB307",307,"Children","Boys","F1_18Y_child_boys",18,117,"B12_deficient","18y","Male","Bacteria","Cyanobacteriota","Cyanobacteriota"
"292","ASV138","M22E203083",0,"M22E203.083","M22E203083","M22E203083","18CG346",346,"Children","Girls","F1_18Y_child_girl",18,140,"B12_deficient","18y","Female","Bacteria","Cyanobacteriota","Cyanobacteriota"
"295","ASV138","22E203-038",0,"A22E203.038","22E203-038","22E203.038","18CB375",375,"Children","Boys","F1_18Y_placebo_boys",18,149.5,"B12_deficient","18y","Male","Bacteria","Cyanobacteriota","Cyanobacteriota"
"296","ASV138","22E203-113",0,"A22E203.113","22E203-113","22E203.113","24YF76",76,"Parents","Father","F0_24Y_Father",24,108,"B12_deficient","24y","Male","Bacteria","Cyanobacteriota","Cyanobacteriota"
"301","ASV138","M22E203095",0,"M22E203.095","M22E203095","M22E203095","18CG512",512,"Children","Girls","F1_18Y_child_girl",18,98,"B12_deficient","18y","Female","Bacteria","Cyanobacteriota","Cyanobacteriota"
"302","ASV138","M22E203051",0,"M22E203.051","M22E203051","M22E203051","18CB540",540,"Children","Boys","F1_18Y_child_boys",18,136,"B12_deficient","18y","Male","Bacteria","Cyanobacteriota","Cyanobacteriota"
"303","ASV138","M22E203042",0,"M22E203.042","M22E203042","M22E203042","18CB426",426,"Children","Boys","F1_18Y_child_boys",18,130.2,"B12_deficient","18y","Male","Bacteria","Cyanobacteriota","Cyanobacteriota"
"305","ASV138","M22E203085",0,"M22E203.085","M22E203085","M22E203085","18CG401",401,"Children","Girls","F1_18Y_child_girl",18,263,"B12_sufficient","18y","Female","Bacteria","Cyanobacteriota","Cyanobacteriota"
"307","ASV138","22E203-182",0,"A22E203.182","22E203-182","22E203.182","24YM292",292,"Parents","Mother","F0_24Y_Mothers",24,231,"B12_sufficient","24y","Female","Bacteria","Cyanobacteriota","Cyanobacteriota"
"308","ASV138","22E203-040",0,"A22E203.040","22E203-040","22E203.040","18CB400",400,"Children","Boys","F1_18Y_placebo_boys",18,244,"B12_sufficient","18y","Male","Bacteria","Cyanobacteriota","Cyanobacteriota"
"310","ASV138","22E203-143",0,"A22E203.143","22E203-143","22E203.143","24YF503",503,"Parents","Father","F0_24Y_Father",24,104,"B12_deficient","24y","Male","Bacteria","Cyanobacteriota","Cyanobacteriota"
"311","ASV138","22E203-172",0,"A22E203.172","22E203-172","22E203.172","24YM185",185,"Parents","Mother","F0_24Y_Mothers",24,118,"B12_deficient","24y","Female","Bacteria","Cyanobacteriota","Cyanobacteriota"
"312","ASV138","22E203-202",0,"A22E203.202","22E203-202","22E203.202","24YM556",556,"Parents","Mother","F0_24Y_Mothers",24,161,"B12_sufficient","24y","Female","Bacteria","Cyanobacteriota","Cyanobacteriota"
"313","ASV138","M22E203059",0,"M22E203.059","M22E203059","M22E203059","18CB645",645,"Children","Boys","F1_18Y_child_boys",18,173.2,"B12_sufficient","18y","Male","Bacteria","Cyanobacteriota","Cyanobacteriota"
"315","ASV138","22E203-153",0,"A22E203.153","22E203-153","22E203.153","24YF624",624,"Parents","Father","F0_24Y_Father",24,326,"B12_sufficient","24y","Male","Bacteria","Cyanobacteriota","Cyanobacteriota"
"316","ASV138","22E203-183",0,"A22E203.183","22E203-183","22E203.183","24YM294",294,"Parents","Mother","F0_24Y_Mothers",24,128,"B12_deficient","24y","Female","Bacteria","Cyanobacteriota","Cyanobacteriota"
"318","ASV138","M22E203086",0,"M22E203.086","M22E203086","M22E203086","18CG414",414,"Children","Girls","F1_18Y_child_girl",18,134,"B12_deficient","18y","Female","Bacteria","Cyanobacteriota","Cyanobacteriota"
"321","ASV138","22E203-041",0,"A22E203.041","22E203-041","22E203.041","18CB416",416,"Children","Boys","F1_18Y_placebo_boys",18,135,"B12_deficient","18y","Male","Bacteria","Cyanobacteriota","Cyanobacteriota"
"322","ASV138","22E203-115",0,"A22E203.115","22E203-115","22E203.115","24YF92",92,"Parents","Father","F0_24Y_Father",24,45,"B12_deficient","24y","Male","Bacteria","Cyanobacteriota","Cyanobacteriota"
"323","ASV138","M22E203097",0,"M22E203.097","M22E203097","M22E203097","18CG539",539,"Children","Girls","F1_18Y_child_girl",18,148,"B12_deficient","18y","Female","Bacteria","Cyanobacteriota","Cyanobacteriota"
"324","ASV138","22E203-154",0,"A22E203.154","22E203-154","22E203.154","24YF625",625,"Parents","Father","F0_24Y_Father",24,138,"B12_deficient","24y","Male","Bacteria","Cyanobacteriota","Cyanobacteriota"
"325","ASV138","22E203-203",0,"A22E203.203","22E203-203","22E203.203","24YM558",558,"Parents","Mother","F0_24Y_Mothers",24,1073,"B12_sufficient","24y","Female","Bacteria","Cyanobacteriota","Cyanobacteriota"
"326","ASV138","M22E203062",0,"M22E203.062","M22E203062","M22E203062","18CB695",695,"Children","Boys","F1_18Y_child_boys",18,122,"B12_deficient","18y","Male","Bacteria","Cyanobacteriota","Cyanobacteriota"
"327","ASV138","M22E203088",0,"M22E203.088","M22E203088","M22E203088","18CG434",434,"Children","Girls","F1_18Y_child_girl",18,197,"B12_sufficient","18y","Female","Bacteria","Cyanobacteriota","Cyanobacteriota"
"328","ASV138","22E203-145",0,"A22E203.145","22E203-145","22E203.145","24YF547",547,"Parents","Father","F0_24Y_Father",24,123,"B12_deficient","24y","Male","Bacteria","Cyanobacteriota","Cyanobacteriota"
"329","ASV138","22E203-184",0,"A22E203.184","22E203-184","22E203.184","24YM316",316,"Parents","Mother","F0_24Y_Mothers",24,161,"B12_sufficient","24y","Female","Bacteria","Cyanobacteriota","Cyanobacteriota"
"330","ASV138","M22E203091",0,"M22E203.091","M22E203091","M22E203091","18CG438",438,"Children","Girls","F1_18Y_child_girl",18,208.2,"B12_sufficient","18y","Female","Bacteria","Cyanobacteriota","Cyanobacteriota"
"331","ASV138","22E203-116",0,"A22E203.116","22E203-116","22E203.116","24YF100",100,"Parents","Father","F0_24Y_Father",24,101.5,"B12_deficient","24y","Male","Bacteria","Cyanobacteriota","Cyanobacteriota"
"332","ASV138","M22E203098",0,"M22E203.098","M22E203098","M22E203098","18CG558",558,"Children","Girls","F1_18Y_child_girl",18,225,"B12_sufficient","18y","Female","Bacteria","Cyanobacteriota","Cyanobacteriota"
"333","ASV138","22E203-174",0,"A22E203.174","22E203-174","22E203.174","24YM201",201,"Parents","Mother","F0_24Y_Mothers",24,330,"B12_sufficient","24y","Female","Bacteria","Cyanobacteriota","Cyanobacteriota"
"335","ASV138","M22E203064",0,"M22E203.064","M22E203064","M22E203064","18CG5",5,"Children","Girls","F1_18Y_child_girl",18,172.6,"B12_sufficient","18y","Female","Bacteria","Cyanobacteriota","Cyanobacteriota"
"337","ASV138","22E203-155",0,"A22E203.155","22E203-155","22E203.155","24YF638",638,"Parents","Father","F0_24Y_Father",24,135,"B12_deficient","24y","Male","Bacteria","Cyanobacteriota","Cyanobacteriota"
"339","ASV138","M22E203092",0,"M22E203.092","M22E203092","M22E203092","18CG460",460,"Children","Girls","F1_18Y_child_girl",18,NA,NA,"18y","Female","Bacteria","Cyanobacteriota","Cyanobacteriota"
"340","ASV138","22E203-117",0,"A22E203.117","22E203-117","22E203.117","24YF116",116,"Parents","Father","F0_24Y_Father",24,291,"B12_sufficient","24y","Male","Bacteria","Cyanobacteriota","Cyanobacteriota"
"344","ASV138","M22E203065",0,"M22E203.065","M22E203065","M22E203065","18CG17",17,"Children","Girls","F1_18Y_child_girl",18,86,"B12_deficient","18y","Female","Bacteria","Cyanobacteriota","Cyanobacteriota"
"345","ASV138","M22E203099",0,"M22E203.099","M22E203099","M22E203099","18CG565",565,"Children","Girls","F1_18Y_child_girl",18,86,"B12_deficient","18y","Female","Bacteria","Cyanobacteriota","Cyanobacteriota"
"349","ASV138","M22E203077",0,"M22E203.077","M22E203077","M22E203077","18CG236",236,"Children","Girls","F1_18Y_child_girl",18,185,"B12_sufficient","18y","Female","Bacteria","Cyanobacteriota","Cyanobacteriota"
"350","ASV138","22E203-147",0,"A22E203.147","22E203-147","22E203.147","24YF572",572,"Parents","Father","F0_24Y_Father",24,83,"B12_deficient","24y","Male","Bacteria","Cyanobacteriota","Cyanobacteriota"
"351","ASV138","22E203-176",0,"A22E203.176","22E203-176","22E203.176","24YM221",221,"Parents","Mother","F0_24Y_Mothers",24,213,"B12_sufficient","24y","Female","Bacteria","Cyanobacteriota","Cyanobacteriota"
"352","ASV138","22E203-206",0,"A22E203.206","22E203-206","22E203.206","24YM638",638,"Parents","Mother","F0_24Y_Mothers",24,146,"B12_deficient","24y","Female","Bacteria","Cyanobacteriota","Cyanobacteriota"
"353","ASV138","M22E203066",0,"M22E203.066","M22E203066","M22E203066","18CG28",28,"Children","Girls","F1_18Y_child_girl",18,115,"B12_deficient","18y","Female","Bacteria","Cyanobacteriota","Cyanobacteriota"
"355","ASV138","22E203-148",0,"A22E203.148","22E203-148","22E203.148","24YF577",577,"Parents","Father","F0_24Y_Father",24,124,"B12_deficient","24y","Male","Bacteria","Cyanobacteriota","Cyanobacteriota"
"357","ASV138","M22E203026",0,"M22E203.026","M22E203026","M22E203026","18CB218",218,"Children","Boys","F1_18Y_child_boys",18,86,"B12_deficient","18y","Male","Bacteria","Cyanobacteriota","Cyanobacteriota"
"358","ASV138","M22E203078",0,"M22E203.078","M22E203078","M22E203078","18CG283",283,"Children","Girls","F1_18Y_child_girl",18,133.4,"B12_deficient","18y","Female","Bacteria","Cyanobacteriota","Cyanobacteriota"
"359","ASV138","M22E203103",0,"M22E203.103","M22E203103","M22E203103","18CG615",615,"Children","Girls","F1_18Y_child_girl",18,244,"B12_sufficient","18y","Female","Bacteria","Cyanobacteriota","Cyanobacteriota"
"362","ASV138","M22E203068",0,"M22E203.068","M22E203068","M22E203068","18CG53",53,"Children","Girls","F1_18Y_child_girl",18,186.4,"B12_sufficient","18y","Female","Bacteria","Cyanobacteriota","Cyanobacteriota"
"364","ASV138","M22E203104",0,"M22E203.104","M22E203104","M22E203104","18CG628",628,"Children","Girls","F1_18Y_child_girl",18,205,"B12_sufficient","18y","Female","Bacteria","Cyanobacteriota","Cyanobacteriota"
"368","ASV138","M22E203070",0,"M22E203.070","M22E203070","M22E203070","18CG84",84,"Children","Girls","F1_18Y_child_girl",18,282,"B12_sufficient","18y","Female","Bacteria","Cyanobacteriota","Cyanobacteriota"
"369","ASV138","M22E203105",0,"M22E203.105","M22E203105","M22E203105","18CG638",638,"Children","Girls","F1_18Y_child_girl",18,290,"B12_sufficient","18y","Female","Bacteria","Cyanobacteriota","Cyanobacteriota"
"370","ASV138","22E203-208",0,"A22E203.208","22E203-208","22E203.208","24YM667",667,"Parents","Mother","F0_24Y_Mothers",24,98,"B12_deficient","24y","Female","Bacteria","Cyanobacteriota","Cyanobacteriota"
"371","ASV138","22E203-209",0,"A22E203.209","22E203-209","22E203.209","24YM708",708,"Parents","Mother","F0_24Y_Mothers",24,83,"B12_deficient","24y","Female","Bacteria","Cyanobacteriota","Cyanobacteriota"
"372","ASV138","M22E203014",0,"M22E203.014","M22E203014","M22E203014","18CB22",22,"Children","Boys","F1_18Y_child_boys",18,146,"B12_deficient","18y","Male","Bacteria","Cyanobacteriota","Cyanobacteriota"
"373","ASV138","M22E203071",0,"M22E203.071","M22E203071","M22E203071","18CG163",163,"Children","Girls","F1_18Y_child_girl",18,194,"B12_sufficient","18y","Female","Bacteria","Cyanobacteriota","Cyanobacteriota"
"374","ASV138","M22E203018",0,"M22E203.018","M22E203018","M22E203018","18CB44",44,"Children","Boys","F1_18Y_child_boys",18,131.3,"B12_deficient","18y","Male","Bacteria","Cyanobacteriota","Cyanobacteriota"
"377","ASV138","M22E203015",0,"M22E203.015","M22E203015","M22E203015","18CB24",24,"Children","Boys","F1_18Y_child_boys",18,114,"B12_deficient","18y","Male","Bacteria","Cyanobacteriota","Cyanobacteriota"
"378","ASV138","M22E203106",0,"M22E203.106","M22E203106","M22E203106","18CG648",648,"Children","Girls","F1_18Y_child_girl",18,181.2,"B12_sufficient","18y","Female","Bacteria","Cyanobacteriota","Cyanobacteriota"
"379","ASV138","M22E203107",0,"M22E203.107","M22E203107","M22E203107","18CG649",649,"Children","Girls","F1_18Y_child_girl",18,245,"B12_sufficient","18y","Female","Bacteria","Cyanobacteriota","Cyanobacteriota"
"380","ASV138","M22E203108",0,"M22E203.108","M22E203108","M22E203108","18CG678",678,"Children","Girls","F1_18Y_child_girl",18,131.3,"B12_deficient","18y","Female","Bacteria","Cyanobacteriota","Cyanobacteriota"
"382","ASV138","M22E203072",0,"M22E203.072","M22E203072","M22E203072","18CG198",198,"Children","Girls","F1_18Y_child_girl",18,284.1,"B12_sufficient","18y","Female","Bacteria","Cyanobacteriota","Cyanobacteriota"
"383","ASV138","M22E203073",0,"M22E203.073","M22E203073","M22E203073","18CG199",199,"Children","Girls","F1_18Y_child_girl",18,106,"B12_deficient","18y","Female","Bacteria","Cyanobacteriota","Cyanobacteriota"
"384","ASV138","M22E203074",0,"M22E203.074","M22E203074","M22E203074","18CG207",207,"Children","Girls","F1_18Y_child_girl",18,123.1,"B12_deficient","18y","Female","Bacteria","Cyanobacteriota","Cyanobacteriota"
"385","ASV138","M22E203076",0,"M22E203.076","M22E203076","M22E203076","18CG233",233,"Children","Girls","F1_18Y_child_girl",18,112,"B12_deficient","18y","Female","Bacteria","Cyanobacteriota","Cyanobacteriota"
"439","ASV17","M22E203083",0,"M22E203.083","M22E203083","M22E203083","18CG346",346,"Children","Girls","F1_18Y_child_girl",18,140,"B12_deficient","18y","Female","Bacteria","Actinomycetota","Actinomycetota"
"453","ASV17","22E203-111",0,"A22E203.111","22E203-111","22E203.111","24YF36",36,"Parents","Father","F0_24Y_Father",24,106,"B12_deficient","24y","Male","Bacteria","Actinomycetota","Actinomycetota"
"480","ASV17","22E203-142",0,"A22E203.142","22E203-142","22E203.142","24YF502",502,"Parents","Father","F0_24Y_Father",24,76,"B12_deficient","24y","Male","Bacteria","Actinomycetota","Actinomycetota"
"521","ASV17","M22E203068",0,"M22E203.068","M22E203068","M22E203068","18CG53",53,"Children","Girls","F1_18Y_child_girl",18,186.4,"B12_sufficient","18y","Female","Bacteria","Actinomycetota","Actinomycetota"
"523","ASV17","22E203-168",0,"A22E203.168","22E203-168","22E203.168","24YM100",100,"Parents","Mother","F0_24Y_Mothers",24,173,"B12_sufficient","24y","Female","Bacteria","Actinomycetota","Actinomycetota"
"552","ASV17","M22E203015",0,"M22E203.015","M22E203015","M22E203015","18CB24",24,"Children","Boys","F1_18Y_child_boys",18,114,"B12_deficient","18y","Male","Bacteria","Actinomycetota","Actinomycetota"
"553","ASV17","M22E203106",0,"M22E203.106","M22E203106","M22E203106","18CG648",648,"Children","Girls","F1_18Y_child_girl",18,181.2,"B12_sufficient","18y","Female","Bacteria","Actinomycetota","Actinomycetota"
"560","ASV17","22E203-173",0,"A22E203.173","22E203-173","22E203.173","24YM196",196,"Parents","Mother","F0_24Y_Mothers",24,198,"B12_sufficient","24y","Female","Bacteria","Actinomycetota","Actinomycetota"
"577","ASV17","22E203-207",0,"A22E203.207","22E203-207","22E203.207","24YM655",655,"Parents","Mother","F0_24Y_Mothers",24,128,"B12_deficient","24y","Female","Bacteria","Actinomycetota","Actinomycetota"
"580","ASV1938","22E203-017",0,"A22E203.017","22E203-017","22E203.017","18CB43",43,"Children","Boys","F1_18Y_placebo_boys",18,309,"B12_sufficient","18y","Male","Bacteria","Spirochaetota","Other"
"581","ASV1938","22E203-075",0,"A22E203.075","22E203-075","22E203.075","18CG219",219,"Children","Girls","F1_18Y_placebo_girls",18,146.5,"B12_deficient","18y","Female","Bacteria","Spirochaetota","Other"
"582","ASV1938","22E203-080",0,"A22E203.080","22E203-080","22E203.080","18CG294",294,"Children","Girls","F1_18Y_placebo_girls",18,213.3,"B12_sufficient","18y","Female","Bacteria","Spirochaetota","Other"
"583","ASV1938","22E203-081",0,"A22E203.081","22E203-081","22E203.081","18CG314",314,"Children","Girls","F1_18Y_placebo_girls",18,175,"B12_sufficient","18y","Female","Bacteria","Spirochaetota","Other"
"584","ASV1938","22E203-084",0,"A22E203.084","22E203-084","22E203.084","18CG386",386,"Children","Girls","F1_18Y_placebo_girls",18,157,"B12_sufficient","18y","Female","Bacteria","Spirochaetota","Other"
"585","ASV1938","22E203-019",0,"A22E203.019","22E203-019","22E203.019","18CB50",50,"Children","Boys","F1_18Y_placebo_boys",18,145,"B12_deficient","18y","Male","Bacteria","Spirochaetota","Other"
"586","ASV1938","22E203-021",0,"A22E203.021","22E203-021","22E203.021","18CB150",150,"Children","Boys","F1_18Y_placebo_boys",18,195,"B12_sufficient","18y","Male","Bacteria","Spirochaetota","Other"
"587","ASV1938","22E203-024",0,"A22E203.024","22E203-024","22E203.024","18CB200",200,"Children","Boys","F1_18Y_placebo_boys",18,144,"B12_deficient","18y","Male","Bacteria","Spirochaetota","Other"
"588","ASV1938","22E203-025",0,"A22E203.025","22E203-025","22E203.025","18CB202",202,"Children","Boys","F1_18Y_placebo_boys",18,188,"B12_sufficient","18y","Male","Bacteria","Spirochaetota","Other"
"589","ASV1938","22E203-134",0,"A22E203.134","22E203-134","22E203.134","24YF437",437,"Parents","Father","F0_24Y_Father",24,219,"B12_sufficient","24y","Male","Bacteria","Spirochaetota","Other"
"590","ASV1938","22E203-130",0,"A22E203.130","22E203-130","22E203.130","24YF369",369,"Parents","Father","F0_24Y_Father",24,34,"B12_deficient","24y","Male","Bacteria","Spirochaetota","Other"
"591","ASV1938","22E203-131",0,"A22E203.131","22E203-131","22E203.131","24YF383",383,"Parents","Father","F0_24Y_Father",24,154,"B12_sufficient","24y","Male","Bacteria","Spirochaetota","Other"
"592","ASV1938","22E203-133",0,"A22E203.133","22E203-133","22E203.133","24YF429",429,"Parents","Father","F0_24Y_Father",24,329,"B12_sufficient","24y","Male","Bacteria","Spirochaetota","Other"
"593","ASV1938","22E203-087",0,"A22E203.087","22E203-087","22E203.087","18CG429",429,"Children","Girls","F1_18Y_placebo_girls",18,203,"B12_sufficient","18y","Female","Bacteria","Spirochaetota","Other"
"594","ASV1938","22E203-135",0,"A22E203.135","22E203-135","22E203.135","24YF438",438,"Parents","Father","F0_24Y_Father",24,312,"B12_sufficient","24y","Male","Bacteria","Spirochaetota","Other"
"595","ASV1938","22E203-136",0,"A22E203.136","22E203-136","22E203.136","24YF441",441,"Parents","Father","F0_24Y_Father",24,340,"B12_sufficient","24y","Male","Bacteria","Spirochaetota","Other"
"596","ASV1938","22E203-137",0,"A22E203.137","22E203-137","22E203.137","24YF454",454,"Parents","Father","F0_24Y_Father",24,124,"B12_deficient","24y","Male","Bacteria","Spirochaetota","Other"
"597","ASV1938","22E203-027",0,"A22E203.027","22E203-027","22E203.027","18CB223",223,"Children","Boys","F1_18Y_placebo_boys",18,199.1,"B12_sufficient","18y","Male","Bacteria","Spirochaetota","Other"
"598","ASV1938","22E203-100",0,"A22E203.100","22E203-100","22E203.100","18CG584",584,"Children","Girls","F1_18Y_placebo_girls",18,109,"B12_deficient","18y","Female","Bacteria","Spirochaetota","Other"
"599","ASV1938","22E203-101",0,"A22E203.101","22E203-101","22E203.101","18CG587",587,"Children","Girls","F1_18Y_placebo_girls",18,160,"B12_sufficient","18y","Female","Bacteria","Spirochaetota","Other"
"600","ASV1938","22E203-127",0,"A22E203.127","22E203-127","22E203.127","24YF299",299,"Parents","Father","F0_24Y_Father",24,166,"B12_sufficient","24y","Male","Bacteria","Spirochaetota","Other"
"601","ASV1938","22E203-166",0,"A22E203.166","22E203-166","22E203.166","24YM70",70,"Parents","Mother","F0_24Y_Mothers",24,519,"B12_sufficient","24y","Female","Bacteria","Spirochaetota","Other"
"602","ASV1938","22E203-028",0,"A22E203.028","22E203-028","22E203.028","18CB234",234,"Children","Boys","F1_18Y_placebo_boys",18,179,"B12_sufficient","18y","Male","Bacteria","Spirochaetota","Other"
"603","ASV1938","22E203-061",0,"A22E203.061","22E203-061","22E203.061","18CB669",669,"Children","Boys","F1_18Y_placebo_boys",18,NA,NA,"18y","Male","Bacteria","Spirochaetota","Other"
"604","ASV1938","22E203-109",0,"A22E203.109","22E203-109","22E203.109","18CG684",684,"Children","Girls","F1_18Y_placebo_girls",18,174,"B12_sufficient","18y","Female","Bacteria","Spirochaetota","Other"
"605","ASV1938","22E203-138",0,"A22E203.138","22E203-138","22E203.138","24YF465",465,"Parents","Father","F0_24Y_Father",24,184,"B12_sufficient","24y","Male","Bacteria","Spirochaetota","Other"
"606","ASV1938","22E203-196",0,"A22E203.196","22E203-196","22E203.196","24YM472",472,"Parents","Mother","F0_24Y_Mothers",24,105,"B12_deficient","24y","Female","Bacteria","Spirochaetota","Other"
"607","ASV1938","22E203-030",0,"A22E203.030","22E203-030","22E203.030","18CB258",258,"Children","Boys","F1_18Y_placebo_boys",18,182,"B12_sufficient","18y","Male","Bacteria","Spirochaetota","Other"
"608","ASV1938","22E203-063",0,"A22E203.063","22E203-063","22E203.063","18CB702",702,"Children","Boys","F1_18Y_placebo_boys",18,152.6,"B12_sufficient","18y","Male","Bacteria","Spirochaetota","Other"
"609","ASV1938","22E203-128",0,"A22E203.128","22E203-128","22E203.128","24YF348",348,"Parents","Father","F0_24Y_Father",24,164,"B12_sufficient","24y","Male","Bacteria","Spirochaetota","Other"
"610","ASV1938","22E203-167",0,"A22E203.167","22E203-167","22E203.167","24YM76",76,"Parents","Mother","F0_24Y_Mothers",24,NA,NA,"24y","Female","Bacteria","Spirochaetota","Other"
"611","ASV1938","22E203-197",0,"A22E203.197","22E203-197","22E203.197","24YM475",475,"Parents","Mother","F0_24Y_Mothers",24,305,"B12_sufficient","24y","Female","Bacteria","Spirochaetota","Other"
"612","ASV1938","22E203-031",0,"A22E203.031","22E203-031","22E203.031","18CB287",287,"Children","Boys","F1_18Y_placebo_boys",18,296,"B12_sufficient","18y","Male","Bacteria","Spirochaetota","Other"
"613","ASV1938","22E203-110",0,"A22E203.110","22E203-110","22E203.110","24YF14",14,"Parents","Father","F0_24Y_Father",24,151,"B12_sufficient","24y","Male","Bacteria","Spirochaetota","Other"
"614","ASV1938","22E203-139",0,"A22E203.139","22E203-139","22E203.139","24YF468",468,"Parents","Father","F0_24Y_Father",24,144.7,"B12_deficient","24y","Male","Bacteria","Spirochaetota","Other"
"615","ASV1938","22E203-168",0,"A22E203.168","22E203-168","22E203.168","24YM100",100,"Parents","Mother","F0_24Y_Mothers",24,173,"B12_sufficient","24y","Female","Bacteria","Spirochaetota","Other"
"616","ASV1938","22E203-198",0,"A22E203.198","22E203-198","22E203.198","24YM498",498,"Parents","Mother","F0_24Y_Mothers",24,134,"B12_deficient","24y","Female","Bacteria","Spirochaetota","Other"
"617","ASV1938","22E203-067",0,"A22E203.067","22E203-067","22E203.067","18CG35",35,"Children","Girls","F1_18Y_placebo_girls",18,143.9,"B12_deficient","18y","Female","Bacteria","Spirochaetota","Other"
"618","ASV1938","22E203-129",0,"A22E203.129","22E203-129","22E203.129","24YF351",351,"Parents","Father","F0_24Y_Father",24,139,"B12_deficient","24y","Male","Bacteria","Spirochaetota","Other"
"620","ASV1938","22E203-169",0,"A22E203.169","22E203-169","22E203.169","24YM123",123,"Parents","Mother","F0_24Y_Mothers",24,288,"B12_sufficient","24y","Female","Bacteria","Spirochaetota","Other"
"621","ASV1938","22E203-035",0,"A22E203.035","22E203-035","22E203.035","18CB315",315,"Children","Boys","F1_18Y_placebo_boys",18,195,"B12_sufficient","18y","Male","Bacteria","Spirochaetota","Other"
"622","ASV1938","22E203-111",0,"A22E203.111","22E203-111","22E203.111","24YF36",36,"Parents","Father","F0_24Y_Father",24,106,"B12_deficient","24y","Male","Bacteria","Spirochaetota","Other"
"623","ASV1938","M22E203093",0,"M22E203.093","M22E203093","M22E203093","18CG482",482,"Children","Girls","F1_18Y_child_girl",18,183,"B12_sufficient","18y","Female","Bacteria","Spirochaetota","Other"
"624","ASV1938","22E203-159",0,"A22E203.159","22E203-159","22E203.159","24YF710",710,"Parents","Father","F0_24Y_Father",24,106,"B12_deficient","24y","Male","Bacteria","Spirochaetota","Other"
"625","ASV1938","22E203-199",0,"A22E203.199","22E203-199","22E203.199","24YM510",510,"Parents","Mother","F0_24Y_Mothers",24,132,"B12_deficient","24y","Female","Bacteria","Spirochaetota","Other"
"626","ASV1938","M22E203052",0,"M22E203.052","M22E203052","M22E203052","18CB542",542,"Children","Boys","F1_18Y_child_boys",18,246.5,"B12_sufficient","18y","Male","Bacteria","Spirochaetota","Other"
"627","ASV1938","22E203-047",0,"A22E203.047","22E203-047","22E203.047","18CB492",492,"Children","Boys","F1_18Y_placebo_boys",18,105,"B12_deficient","18y","Male","Bacteria","Spirochaetota","Other"
"628","ASV1938","22E203-141",0,"A22E203.141","22E203-141","22E203.141","24YF490",490,"Parents","Father","F0_24Y_Father",24,144,"B12_deficient","24y","Male","Bacteria","Spirochaetota","Other"
"629","ASV1938","22E203-189",0,"A22E203.189","22E203-189","22E203.189","24YM418",418,"Parents","Mother","F0_24Y_Mothers",24,107,"B12_deficient","24y","Female","Bacteria","Spirochaetota","Other"
"630","ASV1938","22E203-050",0,"A22E203.050","22E203-050","22E203.050","18CB534",534,"Children","Boys","F1_18Y_placebo_boys",18,338,"B12_sufficient","18y","Male","Bacteria","Spirochaetota","Other"
"631","ASV1938","22E203-112",0,"A22E203.112","22E203-112","22E203.112","24YF54",54,"Parents","Father","F0_24Y_Father",24,116,"B12_deficient","24y","Male","Bacteria","Spirochaetota","Other"
"632","ASV1938","M22E203094",0,"M22E203.094","M22E203094","M22E203094","18CG490",490,"Children","Girls","F1_18Y_child_girl",18,208,"B12_sufficient","18y","Female","Bacteria","Spirochaetota","Other"
"633","ASV1938","22E203-170",0,"A22E203.170","22E203-170","22E203.170","24YM171",171,"Parents","Mother","F0_24Y_Mothers",24,100,"B12_deficient","24y","Female","Bacteria","Spirochaetota","Other"
"634","ASV1938","22E203-037",0,"A22E203.037","22E203-037","22E203.037","18CB371",371,"Children","Boys","F1_18Y_placebo_boys",18,188,"B12_sufficient","18y","Male","Bacteria","Spirochaetota","Other"
"635","ASV1938","M22E203055",0,"M22E203.055","M22E203055","M22E203055","18CB595",595,"Children","Boys","F1_18Y_child_boys",18,233,"B12_sufficient","18y","Male","Bacteria","Spirochaetota","Other"
"636","ASV1938","22E203-048",0,"A22E203.048","22E203-048","22E203.048","18CB503",503,"Children","Boys","F1_18Y_placebo_boys",18,191,"B12_sufficient","18y","Male","Bacteria","Spirochaetota","Other"
"637","ASV1938","22E203-161",0,"A22E203.161","22E203-161","22E203.161","24YM36",36,"Parents","Mother","F0_24Y_Mothers",24,185,"B12_sufficient","24y","Female","Bacteria","Spirochaetota","Other"
"638","ASV1938","22E203-200",0,"A22E203.200","22E203-200","22E203.200","24YM511",511,"Parents","Mother","F0_24Y_Mothers",24,117,"B12_deficient","24y","Female","Bacteria","Spirochaetota","Other"
"639","ASV1938","22E203-053",0,"A22E203.053","22E203-053","22E203.053","18CB544",544,"Children","Boys","F1_18Y_placebo_boys",18,94,"B12_deficient","18y","Male","Bacteria","Spirochaetota","Other"
"640","ASV1938","22E203-113",0,"A22E203.113","22E203-113","22E203.113","24YF76",76,"Parents","Father","F0_24Y_Father",24,108,"B12_deficient","24y","Male","Bacteria","Spirochaetota","Other"
"641","ASV1938","22E203-142",0,"A22E203.142","22E203-142","22E203.142","24YF502",502,"Parents","Father","F0_24Y_Father",24,76,"B12_deficient","24y","Male","Bacteria","Spirochaetota","Other"
"642","ASV1938","22E203-190",0,"A22E203.190","22E203-190","22E203.190","24YM427",427,"Parents","Mother","F0_24Y_Mothers",24,178,"B12_sufficient","24y","Female","Bacteria","Spirochaetota","Other"
"643","ASV1938","22E203-038",0,"A22E203.038","22E203-038","22E203.038","18CB375",375,"Children","Boys","F1_18Y_placebo_boys",18,149.5,"B12_deficient","18y","Male","Bacteria","Spirochaetota","Other"
"644","ASV1938","M22E203056",0,"M22E203.056","M22E203056","M22E203056","18CB604",604,"Children","Boys","F1_18Y_child_boys",18,101,"B12_deficient","18y","Male","Bacteria","Spirochaetota","Other"
"645","ASV1938","M22E203095",0,"M22E203.095","M22E203095","M22E203095","18CG512",512,"Children","Girls","F1_18Y_child_girl",18,98,"B12_deficient","18y","Female","Bacteria","Spirochaetota","Other"
"646","ASV1938","22E203-171",0,"A22E203.171","22E203-171","22E203.171","24YM180",180,"Parents","Mother","F0_24Y_Mothers",24,227,"B12_sufficient","24y","Female","Bacteria","Spirochaetota","Other"
"647","ASV1938","22E203-201",0,"A22E203.201","22E203-201","22E203.201","24YM541",541,"Parents","Mother","F0_24Y_Mothers",24,240,"B12_sufficient","24y","Female","Bacteria","Spirochaetota","Other"
"648","ASV1938","22E203-054",0,"A22E203.054","22E203-054","22E203.054","18CB579",579,"Children","Boys","F1_18Y_placebo_boys",18,103,"B12_deficient","18y","Male","Bacteria","Spirochaetota","Other"
"649","ASV1938","22E203-049",0,"A22E203.049","22E203-049","22E203.049","18CB517",517,"Children","Boys","F1_18Y_placebo_boys",18,182,"B12_sufficient","18y","Male","Bacteria","Spirochaetota","Other"
"650","ASV1938","22E203-162",0,"A22E203.162","22E203-162","22E203.162","24YM38",38,"Parents","Mother","F0_24Y_Mothers",24,753,"B12_sufficient","24y","Female","Bacteria","Spirochaetota","Other"
"651","ASV1938","22E203-191",0,"A22E203.191","22E203-191","22E203.191","24YM429",429,"Parents","Mother","F0_24Y_Mothers",24,138,"B12_deficient","24y","Female","Bacteria","Spirochaetota","Other"
"652","ASV1938","22E203-040",0,"A22E203.040","22E203-040","22E203.040","18CB400",400,"Children","Boys","F1_18Y_placebo_boys",18,244,"B12_sufficient","18y","Male","Bacteria","Spirochaetota","Other"
"653","ASV1938","22E203-114",0,"A22E203.114","22E203-114","22E203.114","24YF85",85,"Parents","Father","F0_24Y_Father",24,187,"B12_sufficient","24y","Male","Bacteria","Spirochaetota","Other"
"654","ASV1938","22E203-143",0,"A22E203.143","22E203-143","22E203.143","24YF503",503,"Parents","Father","F0_24Y_Father",24,104,"B12_deficient","24y","Male","Bacteria","Spirochaetota","Other"
"655","ASV1938","22E203-172",0,"A22E203.172","22E203-172","22E203.172","24YM185",185,"Parents","Mother","F0_24Y_Mothers",24,118,"B12_deficient","24y","Female","Bacteria","Spirochaetota","Other"
"656","ASV1938","22E203-202",0,"A22E203.202","22E203-202","22E203.202","24YM556",556,"Parents","Mother","F0_24Y_Mothers",24,161,"B12_sufficient","24y","Female","Bacteria","Spirochaetota","Other"
"657","ASV1938","M22E203059",0,"M22E203.059","M22E203059","M22E203059","18CB645",645,"Children","Boys","F1_18Y_child_boys",18,173.2,"B12_sufficient","18y","Male","Bacteria","Spirochaetota","Other"
"658","ASV1938","M22E203096",0,"M22E203.096","M22E203096","M22E203096","18CG514",514,"Children","Girls","F1_18Y_child_girl",18,161.9,"B12_sufficient","18y","Female","Bacteria","Spirochaetota","Other"
"659","ASV1938","22E203-163",0,"A22E203.163","22E203-163","22E203.163","24YM40",40,"Parents","Mother","F0_24Y_Mothers",24,466,"B12_sufficient","24y","Female","Bacteria","Spirochaetota","Other"
"660","ASV1938","22E203-192",0,"A22E203.192","22E203-192","22E203.192","24YM444",444,"Parents","Mother","F0_24Y_Mothers",24,435,"B12_sufficient","24y","Female","Bacteria","Spirochaetota","Other"
"661","ASV1938","22E203-057",0,"A22E203.057","22E203-057","22E203.057","18CB629",629,"Children","Boys","F1_18Y_placebo_boys",18,96,"B12_deficient","18y","Male","Bacteria","Spirochaetota","Other"
"662","ASV1938","22E203-124",0,"A22E203.124","22E203-124","22E203.124","24YF265",265,"Parents","Father","F0_24Y_Father",24,80,"B12_deficient","24y","Male","Bacteria","Spirochaetota","Other"
"663","ASV1938","22E203-121",0,"A22E203.121","22E203-121","22E203.121","24YF198",198,"Parents","Father","F0_24Y_Father",24,220,"B12_sufficient","24y","Male","Bacteria","Spirochaetota","Other"
"664","ASV1938","22E203-118",0,"A22E203.118","22E203-118","22E203.118","24YF179",179,"Parents","Father","F0_24Y_Father",24,122,"B12_deficient","24y","Male","Bacteria","Spirochaetota","Other"
"665","ASV1938","22E203-041",0,"A22E203.041","22E203-041","22E203.041","18CB416",416,"Children","Boys","F1_18Y_placebo_boys",18,135,"B12_deficient","18y","Male","Bacteria","Spirochaetota","Other"
"666","ASV1938","22E203-115",0,"A22E203.115","22E203-115","22E203.115","24YF92",92,"Parents","Father","F0_24Y_Father",24,45,"B12_deficient","24y","Male","Bacteria","Spirochaetota","Other"
"667","ASV1938","22E203-144",0,"A22E203.144","22E203-144","22E203.144","24YF528",528,"Parents","Father","F0_24Y_Father",24,159,"B12_sufficient","24y","Male","Bacteria","Spirochaetota","Other"
"668","ASV1938","22E203-173",0,"A22E203.173","22E203-173","22E203.173","24YM196",196,"Parents","Mother","F0_24Y_Mothers",24,198,"B12_sufficient","24y","Female","Bacteria","Spirochaetota","Other"
"669","ASV1938","22E203-203",0,"A22E203.203","22E203-203","22E203.203","24YM558",558,"Parents","Mother","F0_24Y_Mothers",24,1073,"B12_sufficient","24y","Female","Bacteria","Spirochaetota","Other"
"670","ASV1938","M22E203062",0,"M22E203.062","M22E203062","M22E203062","18CB695",695,"Children","Boys","F1_18Y_child_boys",18,122,"B12_deficient","18y","Male","Bacteria","Spirochaetota","Other"
"671","ASV1938","M22E203097",0,"M22E203.097","M22E203097","M22E203097","18CG539",539,"Children","Girls","F1_18Y_child_girl",18,148,"B12_deficient","18y","Female","Bacteria","Spirochaetota","Other"
"672","ASV1938","22E203-164",0,"A22E203.164","22E203-164","22E203.164","24YM51",51,"Parents","Mother","F0_24Y_Mothers",24,123,"B12_deficient","24y","Female","Bacteria","Spirochaetota","Other"
"673","ASV1938","22E203-194",0,"A22E203.194","22E203-194","22E203.194","24YM452",452,"Parents","Mother","F0_24Y_Mothers",24,174,"B12_sufficient","24y","Female","Bacteria","Spirochaetota","Other"
"674","ASV1938","22E203-058",0,"A22E203.058","22E203-058","22E203.058","18CB644",644,"Children","Boys","F1_18Y_placebo_boys",18,60.2,"B12_deficient","18y","Male","Bacteria","Spirochaetota","Other"
"675","ASV1938","22E203-125",0,"A22E203.125","22E203-125","22E203.125","24YF292",292,"Parents","Father","F0_24Y_Father",24,148,"B12_deficient","24y","Male","Bacteria","Spirochaetota","Other"
"676","ASV1938","22E203-122",0,"A22E203.122","22E203-122","22E203.122","24YF203",203,"Parents","Father","F0_24Y_Father",24,77,"B12_deficient","24y","Male","Bacteria","Spirochaetota","Other"
"677","ASV1938","22E203-119",0,"A22E203.119","22E203-119","22E203.119","24YF192",192,"Parents","Father","F0_24Y_Father",24,295,"B12_sufficient","24y","Male","Bacteria","Spirochaetota","Other"
"678","ASV1938","22E203-043",0,"A22E203.043","22E203-043","22E203.043","18CB433",433,"Children","Boys","F1_18Y_placebo_boys",18,75,"B12_deficient","18y","Male","Bacteria","Spirochaetota","Other"
"679","ASV1938","22E203-116",0,"A22E203.116","22E203-116","22E203.116","24YF100",100,"Parents","Father","F0_24Y_Father",24,101.5,"B12_deficient","24y","Male","Bacteria","Spirochaetota","Other"
"680","ASV1938","22E203-145",0,"A22E203.145","22E203-145","22E203.145","24YF547",547,"Parents","Father","F0_24Y_Father",24,123,"B12_deficient","24y","Male","Bacteria","Spirochaetota","Other"
"681","ASV1938","22E203-174",0,"A22E203.174","22E203-174","22E203.174","24YM201",201,"Parents","Mother","F0_24Y_Mothers",24,330,"B12_sufficient","24y","Female","Bacteria","Spirochaetota","Other"
"682","ASV1938","22E203-204",0,"A22E203.204","22E203-204","22E203.204","24YM560",560,"Parents","Mother","F0_24Y_Mothers",24,136,"B12_deficient","24y","Female","Bacteria","Spirochaetota","Other"
"683","ASV1938","M22E203064",0,"M22E203.064","M22E203064","M22E203064","18CG5",5,"Children","Girls","F1_18Y_child_girl",18,172.6,"B12_sufficient","18y","Female","Bacteria","Spirochaetota","Other"
"684","ASV1938","M22E203098",0,"M22E203.098","M22E203098","M22E203098","18CG558",558,"Children","Girls","F1_18Y_child_girl",18,225,"B12_sufficient","18y","Female","Bacteria","Spirochaetota","Other"
"685","ASV1938","22E203-165",0,"A22E203.165","22E203-165","22E203.165","24YM54",54,"Parents","Mother","F0_24Y_Mothers",24,164,"B12_sufficient","24y","Female","Bacteria","Spirochaetota","Other"
"686","ASV1938","22E203-195",0,"A22E203.195","22E203-195","22E203.195","24YM465",465,"Parents","Mother","F0_24Y_Mothers",24,258,"B12_sufficient","24y","Female","Bacteria","Spirochaetota","Other"
"687","ASV1938","22E203-060",0,"A22E203.060","22E203-060","22E203.060","18CB651",651,"Children","Boys","F1_18Y_placebo_boys",18,141,"B12_deficient","18y","Male","Bacteria","Spirochaetota","Other"
"688","ASV1938","22E203-126",0,"A22E203.126","22E203-126","22E203.126","24YF294",294,"Parents","Father","F0_24Y_Father",24,81,"B12_deficient","24y","Male","Bacteria","Spirochaetota","Other"
"689","ASV1938","22E203-123",0,"A22E203.123","22E203-123","22E203.123","24YF244",244,"Parents","Father","F0_24Y_Father",24,259,"B12_sufficient","24y","Male","Bacteria","Spirochaetota","Other"
"690","ASV1938","22E203-120",0,"A22E203.120","22E203-120","22E203.120","24YF196",196,"Parents","Father","F0_24Y_Father",24,90,"B12_deficient","24y","Male","Bacteria","Spirochaetota","Other"
"691","ASV1938","22E203-046",0,"A22E203.046","22E203-046","22E203.046","18CB477",477,"Children","Boys","F1_18Y_placebo_boys",18,152.8,"B12_sufficient","18y","Male","Bacteria","Spirochaetota","Other"
"692","ASV1938","22E203-117",0,"A22E203.117","22E203-117","22E203.117","24YF116",116,"Parents","Father","F0_24Y_Father",24,291,"B12_sufficient","24y","Male","Bacteria","Spirochaetota","Other"
"693","ASV1938","22E203-146",0,"A22E203.146","22E203-146","22E203.146","24YF563",563,"Parents","Father","F0_24Y_Father",24,185,"B12_sufficient","24y","Male","Bacteria","Spirochaetota","Other"
"694","ASV1938","22E203-175",0,"A22E203.175","22E203-175","22E203.175","24YM220",220,"Parents","Mother","F0_24Y_Mothers",24,231,"B12_sufficient","24y","Female","Bacteria","Spirochaetota","Other"
"695","ASV1938","22E203-205",0,"A22E203.205","22E203-205","22E203.205","24YM563",563,"Parents","Mother","F0_24Y_Mothers",24,239,"B12_sufficient","24y","Female","Bacteria","Spirochaetota","Other"
"696","ASV1938","M22E203065",0,"M22E203.065","M22E203065","M22E203065","18CG17",17,"Children","Girls","F1_18Y_child_girl",18,86,"B12_deficient","18y","Female","Bacteria","Spirochaetota","Other"
"697","ASV1938","M22E203099",0,"M22E203.099","M22E203099","M22E203099","18CG565",565,"Children","Girls","F1_18Y_child_girl",18,86,"B12_deficient","18y","Female","Bacteria","Spirochaetota","Other"
"698","ASV1938","22E203-156",0,"A22E203.156","22E203-156","22E203.156","24YF640",640,"Parents","Father","F0_24Y_Father",24,83,"B12_deficient","24y","Male","Bacteria","Spirochaetota","Other"
"699","ASV1938","22E203-186",0,"A22E203.186","22E203-186","22E203.186","24YM387",387,"Parents","Mother","F0_24Y_Mothers",24,180,"B12_sufficient","24y","Female","Bacteria","Spirochaetota","Other"
"700","ASV1938","M22E203044",0,"M22E203.044","M22E203044","M22E203044","18CB447",447,"Children","Boys","F1_18Y_child_boys",18,145.5,"B12_deficient","18y","Male","Bacteria","Spirochaetota","Other"
"701","ASV1938","M22E203090",0,"M22E203.090","M22E203090","M22E203090","18CG437",437,"Children","Girls","F1_18Y_child_girl",18,162.3,"B12_sufficient","18y","Female","Bacteria","Spirochaetota","Other"
"702","ASV1938","22E203-147",0,"A22E203.147","22E203-147","22E203.147","24YF572",572,"Parents","Father","F0_24Y_Father",24,83,"B12_deficient","24y","Male","Bacteria","Spirochaetota","Other"
"703","ASV1938","22E203-176",0,"A22E203.176","22E203-176","22E203.176","24YM221",221,"Parents","Mother","F0_24Y_Mothers",24,213,"B12_sufficient","24y","Female","Bacteria","Spirochaetota","Other"
"704","ASV1938","M22E203023",0,"M22E203.023","M22E203023","M22E203023","18CB183",183,"Children","Boys","F1_18Y_child_boys",18,117,"B12_deficient","18y","Male","Bacteria","Spirochaetota","Other"
"705","ASV1938","M22E203077",0,"M22E203.077","M22E203077","M22E203077","18CG236",236,"Children","Girls","F1_18Y_child_girl",18,185,"B12_sufficient","18y","Female","Bacteria","Spirochaetota","Other"
"706","ASV1938","M22E203102",0,"M22E203.102","M22E203102","M22E203102","18CG601",601,"Children","Girls","F1_18Y_child_girl",18,168,"B12_sufficient","18y","Female","Bacteria","Spirochaetota","Other"
"707","ASV1938","22E203-157",0,"A22E203.157","22E203-157","22E203.157","24YF677",677,"Parents","Father","F0_24Y_Father",24,108,"B12_deficient","24y","Male","Bacteria","Spirochaetota","Other"
"708","ASV1938","22E203-206",0,"A22E203.206","22E203-206","22E203.206","24YM638",638,"Parents","Mother","F0_24Y_Mothers",24,146,"B12_deficient","24y","Female","Bacteria","Spirochaetota","Other"
"709","ASV1938","M22E203066",0,"M22E203.066","M22E203066","M22E203066","18CG28",28,"Children","Girls","F1_18Y_child_girl",18,115,"B12_deficient","18y","Female","Bacteria","Spirochaetota","Other"
"710","ASV1938","M22E203091",0,"M22E203.091","M22E203091","M22E203091","18CG438",438,"Children","Girls","F1_18Y_child_girl",18,208.2,"B12_sufficient","18y","Female","Bacteria","Spirochaetota","Other"
"711","ASV1938","22E203-148",0,"A22E203.148","22E203-148","22E203.148","24YF577",577,"Parents","Father","F0_24Y_Father",24,124,"B12_deficient","24y","Male","Bacteria","Spirochaetota","Other"
"712","ASV1938","22E203-187",0,"A22E203.187","22E203-187","22E203.187","24YM414",414,"Parents","Mother","F0_24Y_Mothers",24,102,"B12_deficient","24y","Female","Bacteria","Spirochaetota","Other"
"713","ASV1938","M22E203045",0,"M22E203.045","M22E203045","M22E203045","18CB474",474,"Children","Boys","F1_18Y_child_boys",18,133,"B12_deficient","18y","Male","Bacteria","Spirochaetota","Other"
"714","ASV1938","M22E203078",0,"M22E203.078","M22E203078","M22E203078","18CG283",283,"Children","Girls","F1_18Y_child_girl",18,133.4,"B12_deficient","18y","Female","Bacteria","Spirochaetota","Other"
"715","ASV1938","M22E203103",0,"M22E203.103","M22E203103","M22E203103","18CG615",615,"Children","Girls","F1_18Y_child_girl",18,244,"B12_sufficient","18y","Female","Bacteria","Spirochaetota","Other"
"716","ASV1938","22E203-177",0,"A22E203.177","22E203-177","22E203.177","24YM233",233,"Parents","Mother","F0_24Y_Mothers",24,494,"B12_sufficient","24y","Female","Bacteria","Spirochaetota","Other"
"717","ASV1938","M22E203026",0,"M22E203.026","M22E203026","M22E203026","18CB218",218,"Children","Boys","F1_18Y_child_boys",18,86,"B12_deficient","18y","Male","Bacteria","Spirochaetota","Other"
"718","ASV1938","M22E203068",0,"M22E203.068","M22E203068","M22E203068","18CG53",53,"Children","Girls","F1_18Y_child_girl",18,186.4,"B12_sufficient","18y","Female","Bacteria","Spirochaetota","Other"
"719","ASV1938","M22E203092",0,"M22E203.092","M22E203092","M22E203092","18CG460",460,"Children","Girls","F1_18Y_child_girl",18,NA,NA,"18y","Female","Bacteria","Spirochaetota","Other"
"720","ASV1938","22E203-158",0,"A22E203.158","22E203-158","22E203.158","24YF708",708,"Parents","Father","F0_24Y_Father",24,496,"B12_sufficient","24y","Male","Bacteria","Spirochaetota","Other"
"722","ASV1938","M22E203051",0,"M22E203.051","M22E203051","M22E203051","18CB540",540,"Children","Boys","F1_18Y_child_boys",18,136,"B12_deficient","18y","Male","Bacteria","Spirochaetota","Other"
"723","ASV1938","M22E203079",0,"M22E203.079","M22E203079","M22E203079","18CG288",288,"Children","Girls","F1_18Y_child_girl",18,288,"B12_sufficient","18y","Female","Bacteria","Spirochaetota","Other"
"724","ASV1938","22E203-149",0,"A22E203.149","22E203-149","22E203.149","24YF578",578,"Parents","Father","F0_24Y_Father",24,255,"B12_sufficient","24y","Male","Bacteria","Spirochaetota","Other"
"725","ASV1938","22E203-188",0,"A22E203.188","22E203-188","22E203.188","24YM415",415,"Parents","Mother","F0_24Y_Mothers",24,277,"B12_sufficient","24y","Female","Bacteria","Spirochaetota","Other"
"726","ASV1938","M22E203029",0,"M22E203.029","M22E203029","M22E203029","18CB246",246,"Children","Boys","F1_18Y_child_boys",18,94,"B12_deficient","18y","Male","Bacteria","Spirochaetota","Other"
"727","ASV1938","M22E203069",0,"M22E203.069","M22E203069","M22E203069","18CG64",64,"Children","Girls","F1_18Y_child_girl",18,143,"B12_deficient","18y","Female","Bacteria","Spirochaetota","Other"
"728","ASV1938","M22E203104",0,"M22E203.104","M22E203104","M22E203104","18CG628",628,"Children","Girls","F1_18Y_child_girl",18,205,"B12_sufficient","18y","Female","Bacteria","Spirochaetota","Other"
"729","ASV1938","22E203-178",0,"A22E203.178","22E203-178","22E203.178","24YM237",237,"Parents","Mother","F0_24Y_Mothers",24,189,"B12_sufficient","24y","Female","Bacteria","Spirochaetota","Other"
"730","ASV1938","22E203-208",0,"A22E203.208","22E203-208","22E203.208","24YM667",667,"Parents","Mother","F0_24Y_Mothers",24,98,"B12_deficient","24y","Female","Bacteria","Spirochaetota","Other"
"731","ASV1938","M22E203032",0,"M22E203.032","M22E203032","M22E203032","18CB304",304,"Children","Boys","F1_18Y_child_boys",18,216,"B12_sufficient","18y","Male","Bacteria","Spirochaetota","Other"
"732","ASV1938","M22E203082",0,"M22E203.082","M22E203082","M22E203082","18CG341",341,"Children","Girls","F1_18Y_child_girl",18,116.6,"B12_deficient","18y","Female","Bacteria","Spirochaetota","Other"
"733","ASV1938","22E203-150",0,"A22E203.150","22E203-150","22E203.150","24YF582",582,"Parents","Father","F0_24Y_Father",24,195,"B12_sufficient","24y","Male","Bacteria","Spirochaetota","Other"
"734","ASV1938","M22E203036",0,"M22E203.036","M22E203036","M22E203036","18CB340",340,"Children","Boys","F1_18Y_child_boys",18,250,"B12_sufficient","18y","Male","Bacteria","Spirochaetota","Other"
"735","ASV1938","22E203-209",0,"A22E203.209","22E203-209","22E203.209","24YM708",708,"Parents","Mother","F0_24Y_Mothers",24,83,"B12_deficient","24y","Female","Bacteria","Spirochaetota","Other"
"736","ASV1938","M22E203070",0,"M22E203.070","M22E203070","M22E203070","18CG84",84,"Children","Girls","F1_18Y_child_girl",18,282,"B12_sufficient","18y","Female","Bacteria","Spirochaetota","Other"
"737","ASV1938","M22E203105",0,"M22E203.105","M22E203105","M22E203105","18CG638",638,"Children","Girls","F1_18Y_child_girl",18,290,"B12_sufficient","18y","Female","Bacteria","Spirochaetota","Other"
"738","ASV1938","22E203-179",0,"A22E203.179","22E203-179","22E203.179","24YM239",239,"Parents","Mother","F0_24Y_Mothers",24,101,"B12_deficient","24y","Female","Bacteria","Spirochaetota","Other"
"739","ASV1938","M22E203039",0,"M22E203.039","M22E203039","M22E203039","18CB391",391,"Children","Boys","F1_18Y_child_boys",18,119.3,"B12_deficient","18y","Male","Bacteria","Spirochaetota","Other"
"740","ASV1938","M22E203033",0,"M22E203.033","M22E203033","M22E203033","18CB307",307,"Children","Boys","F1_18Y_child_boys",18,117,"B12_deficient","18y","Male","Bacteria","Spirochaetota","Other"
"741","ASV1938","M22E203083",0,"M22E203.083","M22E203083","M22E203083","18CG346",346,"Children","Girls","F1_18Y_child_girl",18,140,"B12_deficient","18y","Female","Bacteria","Spirochaetota","Other"
"742","ASV1938","22E203-151",0,"A22E203.151","22E203-151","22E203.151","24YF590",590,"Parents","Father","F0_24Y_Father",24,169,"B12_sufficient","24y","Male","Bacteria","Spirochaetota","Other"
"743","ASV1938","22E203-181",0,"A22E203.181","22E203-181","22E203.181","24YM278",278,"Parents","Mother","F0_24Y_Mothers",24,96,"B12_deficient","24y","Female","Bacteria","Spirochaetota","Other"
"744","ASV1938","M22E203014",0,"M22E203.014","M22E203014","M22E203014","18CB22",22,"Children","Boys","F1_18Y_child_boys",18,146,"B12_deficient","18y","Male","Bacteria","Spirochaetota","Other"
"745","ASV1938","M22E203071",0,"M22E203.071","M22E203071","M22E203071","18CG163",163,"Children","Girls","F1_18Y_child_girl",18,194,"B12_sufficient","18y","Female","Bacteria","Spirochaetota","Other"
"746","ASV1938","M22E203106",0,"M22E203.106","M22E203106","M22E203106","18CG648",648,"Children","Girls","F1_18Y_child_girl",18,181.2,"B12_sufficient","18y","Female","Bacteria","Spirochaetota","Other"
"747","ASV1938","22E203-152",0,"A22E203.152","22E203-152","22E203.152","24YF602",602,"Parents","Father","F0_24Y_Father",24,310,"B12_sufficient","24y","Male","Bacteria","Spirochaetota","Other"
"748","ASV1938","M22E203042",0,"M22E203.042","M22E203042","M22E203042","18CB426",426,"Children","Boys","F1_18Y_child_boys",18,130.2,"B12_deficient","18y","Male","Bacteria","Spirochaetota","Other"
"749","ASV1938","M22E203034",0,"M22E203.034","M22E203034","M22E203034","18CB312",312,"Children","Boys","F1_18Y_child_boys",18,380.5,"B12_sufficient","18y","Male","Bacteria","Spirochaetota","Other"
"750","ASV1938","M22E203085",0,"M22E203.085","M22E203085","M22E203085","18CG401",401,"Children","Girls","F1_18Y_child_girl",18,263,"B12_sufficient","18y","Female","Bacteria","Spirochaetota","Other"
"751","ASV1938","M22E203107",0,"M22E203.107","M22E203107","M22E203107","18CG649",649,"Children","Girls","F1_18Y_child_girl",18,245,"B12_sufficient","18y","Female","Bacteria","Spirochaetota","Other"
"752","ASV1938","22E203-182",0,"A22E203.182","22E203-182","22E203.182","24YM292",292,"Parents","Mother","F0_24Y_Mothers",24,231,"B12_sufficient","24y","Female","Bacteria","Spirochaetota","Other"
"753","ASV1938","M22E203015",0,"M22E203.015","M22E203015","M22E203015","18CB24",24,"Children","Boys","F1_18Y_child_boys",18,114,"B12_deficient","18y","Male","Bacteria","Spirochaetota","Other"
"754","ASV1938","M22E203072",0,"M22E203.072","M22E203072","M22E203072","18CG198",198,"Children","Girls","F1_18Y_child_girl",18,284.1,"B12_sufficient","18y","Female","Bacteria","Spirochaetota","Other"
"756","ASV1938","22E203-153",0,"A22E203.153","22E203-153","22E203.153","24YF624",624,"Parents","Father","F0_24Y_Father",24,326,"B12_sufficient","24y","Male","Bacteria","Spirochaetota","Other"
"757","ASV1938","22E203-183",0,"A22E203.183","22E203-183","22E203.183","24YM294",294,"Parents","Mother","F0_24Y_Mothers",24,128,"B12_deficient","24y","Female","Bacteria","Spirochaetota","Other"
"758","ASV1938","M22E203018",0,"M22E203.018","M22E203018","M22E203018","18CB44",44,"Children","Boys","F1_18Y_child_boys",18,131.3,"B12_deficient","18y","Male","Bacteria","Spirochaetota","Other"
"759","ASV1938","M22E203073",0,"M22E203.073","M22E203073","M22E203073","18CG199",199,"Children","Girls","F1_18Y_child_girl",18,106,"B12_deficient","18y","Female","Bacteria","Spirochaetota","Other"
"760","ASV1938","M22E203108",0,"M22E203.108","M22E203108","M22E203108","18CG678",678,"Children","Girls","F1_18Y_child_girl",18,131.3,"B12_deficient","18y","Female","Bacteria","Spirochaetota","Other"
"761","ASV1938","22E203-154",0,"A22E203.154","22E203-154","22E203.154","24YF625",625,"Parents","Father","F0_24Y_Father",24,138,"B12_deficient","24y","Male","Bacteria","Spirochaetota","Other"
"762","ASV1938","22E203-184",0,"A22E203.184","22E203-184","22E203.184","24YM316",316,"Parents","Mother","F0_24Y_Mothers",24,161,"B12_sufficient","24y","Female","Bacteria","Spirochaetota","Other"
"763","ASV1938","M22E203020",0,"M22E203.020","M22E203020","M22E203020","18CB97",97,"Children","Boys","F1_18Y_child_boys",18,157.7,"B12_sufficient","18y","Male","Bacteria","Spirochaetota","Other"
"764","ASV1938","M22E203088",0,"M22E203.088","M22E203088","M22E203088","18CG434",434,"Children","Girls","F1_18Y_child_girl",18,197,"B12_sufficient","18y","Female","Bacteria","Spirochaetota","Other"
"765","ASV1938","M22E203160",0,"M22E203.160","M22E203160","M22E203160","24YM14",14,"Parents","Mother","F0_24Y_Mothers",24,146,"B12_deficient","24y","Female","Bacteria","Spirochaetota","Other"
"766","ASV1938","22E203-155",0,"A22E203.155","22E203-155","22E203.155","24YF638",638,"Parents","Father","F0_24Y_Father",24,135,"B12_deficient","24y","Male","Bacteria","Spirochaetota","Other"
"767","ASV1938","22E203-185",0,"A22E203.185","22E203-185","22E203.185","24YM342",342,"Parents","Mother","F0_24Y_Mothers",24,121,"B12_deficient","24y","Female","Bacteria","Spirochaetota","Other"
"768","ASV1938","M22E203074",0,"M22E203.074","M22E203074","M22E203074","18CG207",207,"Children","Girls","F1_18Y_child_girl",18,123.1,"B12_deficient","18y","Female","Bacteria","Spirochaetota","Other"
"769","ASV1938","M22E203089",0,"M22E203.089","M22E203089","M22E203089","18CG436",436,"Children","Girls","F1_18Y_child_girl",18,131,"B12_deficient","18y","Female","Bacteria","Spirochaetota","Other"
"770","ASV1938","M22E203180",0,"M22E203.180","M22E203180","M22E203180","24YM258",258,"Parents","Mother","F0_24Y_Mothers",24,114,"B12_deficient","24y","Female","Bacteria","Spirochaetota","Other"
"771","ASV1938","M22E203022",0,"M22E203.022","M22E203022","M22E203022","18CB152",152,"Children","Boys","F1_18Y_child_boys",18,118.1,"B12_deficient","18y","Male","Bacteria","Spirochaetota","Other"
"772","ASV1938","M22E203076",0,"M22E203.076","M22E203076","M22E203076","18CG233",233,"Children","Girls","F1_18Y_child_girl",18,112,"B12_deficient","18y","Female","Bacteria","Spirochaetota","Other"
"777","ASV2","22E203-189",0,"A22E203.189","22E203-189","22E203.189","24YM418",418,"Parents","Mother","F0_24Y_Mothers",24,107,"B12_deficient","24y","Female","Bacteria","Pseudomonadota","Pseudomonadota"
"778","ASV2","22E203-050",0,"A22E203.050","22E203-050","22E203.050","18CB534",534,"Children","Boys","F1_18Y_placebo_boys",18,338,"B12_sufficient","18y","Male","Bacteria","Pseudomonadota","Pseudomonadota"
"780","ASV2","22E203-150",0,"A22E203.150","22E203-150","22E203.150","24YF582",582,"Parents","Father","F0_24Y_Father",24,195,"B12_sufficient","24y","Male","Bacteria","Pseudomonadota","Pseudomonadota"
"783","ASV2","22E203-112",0,"A22E203.112","22E203-112","22E203.112","24YF54",54,"Parents","Father","F0_24Y_Father",24,116,"B12_deficient","24y","Male","Bacteria","Pseudomonadota","Pseudomonadota"
"785","ASV2","22E203-170",0,"A22E203.170","22E203-170","22E203.170","24YM171",171,"Parents","Mother","F0_24Y_Mothers",24,100,"B12_deficient","24y","Female","Bacteria","Pseudomonadota","Pseudomonadota"
"789","ASV2","22E203-161",0,"A22E203.161","22E203-161","22E203.161","24YM36",36,"Parents","Mother","F0_24Y_Mothers",24,185,"B12_sufficient","24y","Female","Bacteria","Pseudomonadota","Pseudomonadota"
"790","ASV2","22E203-190",0,"A22E203.190","22E203-190","22E203.190","24YM427",427,"Parents","Mother","F0_24Y_Mothers",24,178,"B12_sufficient","24y","Female","Bacteria","Pseudomonadota","Pseudomonadota"
"798","ASV2","22E203-171",0,"A22E203.171","22E203-171","22E203.171","24YM180",180,"Parents","Mother","F0_24Y_Mothers",24,227,"B12_sufficient","24y","Female","Bacteria","Pseudomonadota","Pseudomonadota"
"799","ASV2","22E203-021",0,"A22E203.021","22E203-021","22E203.021","18CB150",150,"Children","Boys","F1_18Y_placebo_boys",18,195,"B12_sufficient","18y","Male","Bacteria","Pseudomonadota","Pseudomonadota"
"803","ASV2","22E203-191",0,"A22E203.191","22E203-191","22E203.191","24YM429",429,"Parents","Mother","F0_24Y_Mothers",24,138,"B12_deficient","24y","Female","Bacteria","Pseudomonadota","Pseudomonadota"
"804","ASV2","22E203-054",0,"A22E203.054","22E203-054","22E203.054","18CB579",579,"Children","Boys","F1_18Y_placebo_boys",18,103,"B12_deficient","18y","Male","Bacteria","Pseudomonadota","Pseudomonadota"
"809","ASV2","22E203-114",0,"A22E203.114","22E203-114","22E203.114","24YF85",85,"Parents","Father","F0_24Y_Father",24,187,"B12_sufficient","24y","Male","Bacteria","Pseudomonadota","Pseudomonadota"
"810","ASV2","22E203-143",0,"A22E203.143","22E203-143","22E203.143","24YF503",503,"Parents","Father","F0_24Y_Father",24,104,"B12_deficient","24y","Male","Bacteria","Pseudomonadota","Pseudomonadota"
"814","ASV2","22E203-134",0,"A22E203.134","22E203-134","22E203.134","24YF437",437,"Parents","Father","F0_24Y_Father",24,219,"B12_sufficient","24y","Male","Bacteria","Pseudomonadota","Pseudomonadota"
"815","ASV2","22E203-163",0,"A22E203.163","22E203-163","22E203.163","24YM40",40,"Parents","Mother","F0_24Y_Mothers",24,466,"B12_sufficient","24y","Female","Bacteria","Pseudomonadota","Pseudomonadota"
"816","ASV2","22E203-192",0,"A22E203.192","22E203-192","22E203.192","24YM444",444,"Parents","Mother","F0_24Y_Mothers",24,435,"B12_sufficient","24y","Female","Bacteria","Pseudomonadota","Pseudomonadota"
"817","ASV2","22E203-057",0,"A22E203.057","22E203-057","22E203.057","18CB629",629,"Children","Boys","F1_18Y_placebo_boys",18,96,"B12_deficient","18y","Male","Bacteria","Pseudomonadota","Pseudomonadota"
"818","ASV2","22E203-124",0,"A22E203.124","22E203-124","22E203.124","24YF265",265,"Parents","Father","F0_24Y_Father",24,80,"B12_deficient","24y","Male","Bacteria","Pseudomonadota","Pseudomonadota"
"820","ASV2","22E203-183",0,"A22E203.183","22E203-183","22E203.183","24YM294",294,"Parents","Mother","F0_24Y_Mothers",24,128,"B12_deficient","24y","Female","Bacteria","Pseudomonadota","Pseudomonadota"
"829","ASV2","22E203-194",0,"A22E203.194","22E203-194","22E203.194","24YM452",452,"Parents","Mother","F0_24Y_Mothers",24,174,"B12_sufficient","24y","Female","Bacteria","Pseudomonadota","Pseudomonadota"
"830","ASV2","22E203-058",0,"A22E203.058","22E203-058","22E203.058","18CB644",644,"Children","Boys","F1_18Y_placebo_boys",18,60.2,"B12_deficient","18y","Male","Bacteria","Pseudomonadota","Pseudomonadota"
"833","ASV2","22E203-184",0,"A22E203.184","22E203-184","22E203.184","24YM316",316,"Parents","Mother","F0_24Y_Mothers",24,161,"B12_sufficient","24y","Female","Bacteria","Pseudomonadota","Pseudomonadota"
"834","ASV2","22E203-043",0,"A22E203.043","22E203-043","22E203.043","18CB433",433,"Children","Boys","F1_18Y_placebo_boys",18,75,"B12_deficient","18y","Male","Bacteria","Pseudomonadota","Pseudomonadota"
"835","ASV2","22E203-116",0,"A22E203.116","22E203-116","22E203.116","24YF100",100,"Parents","Father","F0_24Y_Father",24,101.5,"B12_deficient","24y","Male","Bacteria","Pseudomonadota","Pseudomonadota"
"837","ASV2","22E203-174",0,"A22E203.174","22E203-174","22E203.174","24YM201",201,"Parents","Mother","F0_24Y_Mothers",24,330,"B12_sufficient","24y","Female","Bacteria","Pseudomonadota","Pseudomonadota"
"838","ASV2","22E203-027",0,"A22E203.027","22E203-027","22E203.027","18CB223",223,"Children","Boys","F1_18Y_placebo_boys",18,199.1,"B12_sufficient","18y","Male","Bacteria","Pseudomonadota","Pseudomonadota"
"840","ASV2","22E203-136",0,"A22E203.136","22E203-136","22E203.136","24YF441",441,"Parents","Father","F0_24Y_Father",24,340,"B12_sufficient","24y","Male","Bacteria","Pseudomonadota","Pseudomonadota"
"842","ASV2","22E203-195",0,"A22E203.195","22E203-195","22E203.195","24YM465",465,"Parents","Mother","F0_24Y_Mothers",24,258,"B12_sufficient","24y","Female","Bacteria","Pseudomonadota","Pseudomonadota"
"843","ASV2","22E203-060",0,"A22E203.060","22E203-060","22E203.060","18CB651",651,"Children","Boys","F1_18Y_placebo_boys",18,141,"B12_deficient","18y","Male","Bacteria","Pseudomonadota","Pseudomonadota"
"844","ASV2","22E203-126",0,"A22E203.126","22E203-126","22E203.126","24YF294",294,"Parents","Father","F0_24Y_Father",24,81,"B12_deficient","24y","Male","Bacteria","Pseudomonadota","Pseudomonadota"
"845","ASV2","22E203-155",0,"A22E203.155","22E203-155","22E203.155","24YF638",638,"Parents","Father","F0_24Y_Father",24,135,"B12_deficient","24y","Male","Bacteria","Pseudomonadota","Pseudomonadota"
"856","ASV2","22E203-061",0,"A22E203.061","22E203-061","22E203.061","18CB669",669,"Children","Boys","F1_18Y_placebo_boys",18,NA,NA,"18y","Male","Bacteria","Pseudomonadota","Pseudomonadota"
"862","ASV2","22E203-147",0,"A22E203.147","22E203-147","22E203.147","24YF572",572,"Parents","Father","F0_24Y_Father",24,83,"B12_deficient","24y","Male","Bacteria","Pseudomonadota","Pseudomonadota"
"863","ASV2","22E203-176",0,"A22E203.176","22E203-176","22E203.176","24YM221",221,"Parents","Mother","F0_24Y_Mothers",24,213,"B12_sufficient","24y","Female","Bacteria","Pseudomonadota","Pseudomonadota"
"871","ASV2","22E203-157",0,"A22E203.157","22E203-157","22E203.157","24YF677",677,"Parents","Father","F0_24Y_Father",24,108,"B12_deficient","24y","Male","Bacteria","Pseudomonadota","Pseudomonadota"
"874","ASV2","22E203-119",0,"A22E203.119","22E203-119","22E203.119","24YF192",192,"Parents","Father","F0_24Y_Father",24,295,"B12_sufficient","24y","Male","Bacteria","Pseudomonadota","Pseudomonadota"
"877","ASV2","22E203-031",0,"A22E203.031","22E203-031","22E203.031","18CB287",287,"Children","Boys","F1_18Y_placebo_boys",18,296,"B12_sufficient","18y","Male","Bacteria","Pseudomonadota","Pseudomonadota"
"883","ASV2","22E203-129",0,"A22E203.129","22E203-129","22E203.129","24YF351",351,"Parents","Father","F0_24Y_Father",24,139,"B12_deficient","24y","Male","Bacteria","Pseudomonadota","Pseudomonadota"
"886","ASV2","22E203-049",0,"A22E203.049","22E203-049","22E203.049","18CB517",517,"Children","Boys","F1_18Y_placebo_boys",18,182,"B12_sufficient","18y","Male","Bacteria","Pseudomonadota","Pseudomonadota"
"887","ASV2","22E203-120",0,"A22E203.120","22E203-120","22E203.120","24YF196",196,"Parents","Father","F0_24Y_Father",24,90,"B12_deficient","24y","Male","Bacteria","Pseudomonadota","Pseudomonadota"
"890","ASV2","22E203-035",0,"A22E203.035","22E203-035","22E203.035","18CB315",315,"Children","Boys","F1_18Y_placebo_boys",18,195,"B12_sufficient","18y","Male","Bacteria","Pseudomonadota","Pseudomonadota"
"892","ASV2","22E203-140",0,"A22E203.140","22E203-140","22E203.140","24YF472",472,"Parents","Father","F0_24Y_Father",24,116,"B12_deficient","24y","Male","Bacteria","Pseudomonadota","Pseudomonadota"
"896","ASV2","M22E203093",0,"M22E203.093","M22E203093","M22E203093","18CG482",482,"Children","Girls","F1_18Y_child_girl",18,183,"B12_sufficient","18y","Female","Bacteria","Pseudomonadota","Pseudomonadota"
"899","ASV2","M22E203032",0,"M22E203.032","M22E203032","M22E203032","18CB304",304,"Children","Boys","F1_18Y_child_boys",18,216,"B12_sufficient","18y","Male","Bacteria","Pseudomonadota","Pseudomonadota"
"900","ASV2","M22E203082",0,"M22E203.082","M22E203082","M22E203082","18CG341",341,"Children","Girls","F1_18Y_child_girl",18,116.6,"B12_deficient","18y","Female","Bacteria","Pseudomonadota","Pseudomonadota"
"903","ASV2","22E203-209",0,"A22E203.209","22E203-209","22E203.209","24YM708",708,"Parents","Mother","F0_24Y_Mothers",24,83,"B12_deficient","24y","Female","Bacteria","Pseudomonadota","Pseudomonadota"
"905","ASV2","M22E203105",0,"M22E203.105","M22E203105","M22E203105","18CG638",638,"Children","Girls","F1_18Y_child_girl",18,290,"B12_sufficient","18y","Female","Bacteria","Pseudomonadota","Pseudomonadota"
"908","ASV2","M22E203055",0,"M22E203.055","M22E203055","M22E203055","18CB595",595,"Children","Boys","F1_18Y_child_boys",18,233,"B12_sufficient","18y","Male","Bacteria","Pseudomonadota","Pseudomonadota"
"914","ASV2","M22E203026",0,"M22E203.026","M22E203026","M22E203026","18CB218",218,"Children","Boys","F1_18Y_child_boys",18,86,"B12_deficient","18y","Male","Bacteria","Pseudomonadota","Pseudomonadota"
"915","ASV2","M22E203020",0,"M22E203.020","M22E203020","M22E203020","18CB97",97,"Children","Boys","F1_18Y_child_boys",18,157.7,"B12_sufficient","18y","Male","Bacteria","Pseudomonadota","Pseudomonadota"
"918","ASV2","M22E203106",0,"M22E203.106","M22E203106","M22E203106","18CG648",648,"Children","Girls","F1_18Y_child_girl",18,181.2,"B12_sufficient","18y","Female","Bacteria","Pseudomonadota","Pseudomonadota"
"919","ASV2","22E203-204",0,"A22E203.204","22E203-204","22E203.204","24YM560",560,"Parents","Mother","F0_24Y_Mothers",24,136,"B12_deficient","24y","Female","Bacteria","Pseudomonadota","Pseudomonadota"
"923","ASV2","M22E203051",0,"M22E203.051","M22E203051","M22E203051","18CB540",540,"Children","Boys","F1_18Y_child_boys",18,136,"B12_deficient","18y","Male","Bacteria","Pseudomonadota","Pseudomonadota"
"929","ASV2","M22E203015",0,"M22E203.015","M22E203015","M22E203015","18CB24",24,"Children","Boys","F1_18Y_child_boys",18,114,"B12_deficient","18y","Male","Bacteria","Pseudomonadota","Pseudomonadota"
"930","ASV2","M22E203072",0,"M22E203.072","M22E203072","M22E203072","18CG198",198,"Children","Girls","F1_18Y_child_girl",18,284.1,"B12_sufficient","18y","Female","Bacteria","Pseudomonadota","Pseudomonadota"
"932","ASV2","22E203-205",0,"A22E203.205","22E203-205","22E203.205","24YM563",563,"Parents","Mother","F0_24Y_Mothers",24,239,"B12_sufficient","24y","Female","Bacteria","Pseudomonadota","Pseudomonadota"
"934","ASV2","M22E203059",0,"M22E203.059","M22E203059","M22E203059","18CB645",645,"Children","Boys","F1_18Y_child_boys",18,173.2,"B12_sufficient","18y","Male","Bacteria","Pseudomonadota","Pseudomonadota"
"936","ASV2","M22E203108",0,"M22E203.108","M22E203108","M22E203108","18CG678",678,"Children","Girls","F1_18Y_child_girl",18,131.3,"B12_deficient","18y","Female","Bacteria","Pseudomonadota","Pseudomonadota"
"937","ASV2","22E203-206",0,"A22E203.206","22E203-206","22E203.206","24YM638",638,"Parents","Mother","F0_24Y_Mothers",24,146,"B12_deficient","24y","Female","Bacteria","Pseudomonadota","Pseudomonadota"
"949","ASV2","M22E203089",0,"M22E203.089","M22E203089","M22E203089","18CG436",436,"Children","Girls","F1_18Y_child_girl",18,131,"B12_deficient","18y","Female","Bacteria","Pseudomonadota","Pseudomonadota"
"953","ASV2","M22E203076",0,"M22E203.076","M22E203076","M22E203076","18CG233",233,"Children","Girls","F1_18Y_child_girl",18,112,"B12_deficient","18y","Female","Bacteria","Pseudomonadota","Pseudomonadota"
"964","ASV2","M22E203102",0,"M22E203.102","M22E203102","M22E203102","18CG601",601,"Children","Girls","F1_18Y_child_girl",18,168,"B12_sufficient","18y","Female","Bacteria","Pseudomonadota","Pseudomonadota"
"966","ASV2475","22E203-166",0,"A22E203.166","22E203-166","22E203.166","24YM70",70,"Parents","Mother","F0_24Y_Mothers",24,519,"B12_sufficient","24y","Female","Archaea","Methanobacteriota","Other"
"967","ASV2475","22E203-137",0,"A22E203.137","22E203-137","22E203.137","24YF454",454,"Parents","Father","F0_24Y_Father",24,124,"B12_deficient","24y","Male","Archaea","Methanobacteriota","Other"
"968","ASV2475","22E203-138",0,"A22E203.138","22E203-138","22E203.138","24YF465",465,"Parents","Father","F0_24Y_Father",24,184,"B12_sufficient","24y","Male","Archaea","Methanobacteriota","Other"
"969","ASV2475","22E203-167",0,"A22E203.167","22E203-167","22E203.167","24YM76",76,"Parents","Mother","F0_24Y_Mothers",24,NA,NA,"24y","Female","Archaea","Methanobacteriota","Other"
"970","ASV2475","22E203-168",0,"A22E203.168","22E203-168","22E203.168","24YM100",100,"Parents","Mother","F0_24Y_Mothers",24,173,"B12_sufficient","24y","Female","Archaea","Methanobacteriota","Other"
"971","ASV2475","22E203-169",0,"A22E203.169","22E203-169","22E203.169","24YM123",123,"Parents","Mother","F0_24Y_Mothers",24,288,"B12_sufficient","24y","Female","Archaea","Methanobacteriota","Other"
"972","ASV2475","22E203-017",0,"A22E203.017","22E203-017","22E203.017","18CB43",43,"Children","Boys","F1_18Y_placebo_boys",18,309,"B12_sufficient","18y","Male","Archaea","Methanobacteriota","Other"
"973","ASV2475","22E203-139",0,"A22E203.139","22E203-139","22E203.139","24YF468",468,"Parents","Father","F0_24Y_Father",24,144.7,"B12_deficient","24y","Male","Archaea","Methanobacteriota","Other"
"974","ASV2475","22E203-140",0,"A22E203.140","22E203-140","22E203.140","24YF472",472,"Parents","Father","F0_24Y_Father",24,116,"B12_deficient","24y","Male","Archaea","Methanobacteriota","Other"
"975","ASV2475","22E203-141",0,"A22E203.141","22E203-141","22E203.141","24YF490",490,"Parents","Father","F0_24Y_Father",24,144,"B12_deficient","24y","Male","Archaea","Methanobacteriota","Other"
"976","ASV2475","22E203-170",0,"A22E203.170","22E203-170","22E203.170","24YM171",171,"Parents","Mother","F0_24Y_Mothers",24,100,"B12_deficient","24y","Female","Archaea","Methanobacteriota","Other"
"977","ASV2475","22E203-075",0,"A22E203.075","22E203-075","22E203.075","18CG219",219,"Children","Girls","F1_18Y_placebo_girls",18,146.5,"B12_deficient","18y","Female","Archaea","Methanobacteriota","Other"
"978","ASV2475","22E203-130",0,"A22E203.130","22E203-130","22E203.130","24YF369",369,"Parents","Father","F0_24Y_Father",24,34,"B12_deficient","24y","Male","Archaea","Methanobacteriota","Other"
"980","ASV2475","22E203-142",0,"A22E203.142","22E203-142","22E203.142","24YF502",502,"Parents","Father","F0_24Y_Father",24,76,"B12_deficient","24y","Male","Archaea","Methanobacteriota","Other"
"981","ASV2475","22E203-019",0,"A22E203.019","22E203-019","22E203.019","18CB50",50,"Children","Boys","F1_18Y_placebo_boys",18,145,"B12_deficient","18y","Male","Archaea","Methanobacteriota","Other"
"982","ASV2475","22E203-080",0,"A22E203.080","22E203-080","22E203.080","18CG294",294,"Children","Girls","F1_18Y_placebo_girls",18,213.3,"B12_sufficient","18y","Female","Archaea","Methanobacteriota","Other"
"983","ASV2475","22E203-081",0,"A22E203.081","22E203-081","22E203.081","18CG314",314,"Children","Girls","F1_18Y_placebo_girls",18,175,"B12_sufficient","18y","Female","Archaea","Methanobacteriota","Other"
"984","ASV2475","22E203-133",0,"A22E203.133","22E203-133","22E203.133","24YF429",429,"Parents","Father","F0_24Y_Father",24,329,"B12_sufficient","24y","Male","Archaea","Methanobacteriota","Other"
"985","ASV2475","22E203-171",0,"A22E203.171","22E203-171","22E203.171","24YM180",180,"Parents","Mother","F0_24Y_Mothers",24,227,"B12_sufficient","24y","Female","Archaea","Methanobacteriota","Other"
"986","ASV2475","22E203-021",0,"A22E203.021","22E203-021","22E203.021","18CB150",150,"Children","Boys","F1_18Y_placebo_boys",18,195,"B12_sufficient","18y","Male","Archaea","Methanobacteriota","Other"
"987","ASV2475","22E203-024",0,"A22E203.024","22E203-024","22E203.024","18CB200",200,"Children","Boys","F1_18Y_placebo_boys",18,144,"B12_deficient","18y","Male","Archaea","Methanobacteriota","Other"
"988","ASV2475","22E203-084",0,"A22E203.084","22E203-084","22E203.084","18CG386",386,"Children","Girls","F1_18Y_placebo_girls",18,157,"B12_sufficient","18y","Female","Archaea","Methanobacteriota","Other"
"989","ASV2475","22E203-143",0,"A22E203.143","22E203-143","22E203.143","24YF503",503,"Parents","Father","F0_24Y_Father",24,104,"B12_deficient","24y","Male","Archaea","Methanobacteriota","Other"
"990","ASV2475","22E203-172",0,"A22E203.172","22E203-172","22E203.172","24YM185",185,"Parents","Mother","F0_24Y_Mothers",24,118,"B12_deficient","24y","Female","Archaea","Methanobacteriota","Other"
"991","ASV2475","22E203-159",0,"A22E203.159","22E203-159","22E203.159","24YF710",710,"Parents","Father","F0_24Y_Father",24,106,"B12_deficient","24y","Male","Archaea","Methanobacteriota","Other"
"992","ASV2475","22E203-025",0,"A22E203.025","22E203-025","22E203.025","18CB202",202,"Children","Boys","F1_18Y_placebo_boys",18,188,"B12_sufficient","18y","Male","Archaea","Methanobacteriota","Other"
"993","ASV2475","22E203-134",0,"A22E203.134","22E203-134","22E203.134","24YF437",437,"Parents","Father","F0_24Y_Father",24,219,"B12_sufficient","24y","Male","Archaea","Methanobacteriota","Other"
"994","ASV2475","22E203-163",0,"A22E203.163","22E203-163","22E203.163","24YM40",40,"Parents","Mother","F0_24Y_Mothers",24,466,"B12_sufficient","24y","Female","Archaea","Methanobacteriota","Other"
"995","ASV2475","22E203-173",0,"A22E203.173","22E203-173","22E203.173","24YM196",196,"Parents","Mother","F0_24Y_Mothers",24,198,"B12_sufficient","24y","Female","Archaea","Methanobacteriota","Other"
"996","ASV2475","22E203-161",0,"A22E203.161","22E203-161","22E203.161","24YM36",36,"Parents","Mother","F0_24Y_Mothers",24,185,"B12_sufficient","24y","Female","Archaea","Methanobacteriota","Other"
"997","ASV2475","22E203-087",0,"A22E203.087","22E203-087","22E203.087","18CG429",429,"Children","Girls","F1_18Y_placebo_girls",18,203,"B12_sufficient","18y","Female","Archaea","Methanobacteriota","Other"
"998","ASV2475","22E203-144",0,"A22E203.144","22E203-144","22E203.144","24YF528",528,"Parents","Father","F0_24Y_Father",24,159,"B12_sufficient","24y","Male","Archaea","Methanobacteriota","Other"
"999","ASV2475","22E203-164",0,"A22E203.164","22E203-164","22E203.164","24YM51",51,"Parents","Mother","F0_24Y_Mothers",24,123,"B12_deficient","24y","Female","Archaea","Methanobacteriota","Other"
"1000","ASV2475","22E203-174",0,"A22E203.174","22E203-174","22E203.174","24YM201",201,"Parents","Mother","F0_24Y_Mothers",24,330,"B12_sufficient","24y","Female","Archaea","Methanobacteriota","Other"
"1001","ASV2475","22E203-027",0,"A22E203.027","22E203-027","22E203.027","18CB223",223,"Children","Boys","F1_18Y_placebo_boys",18,199.1,"B12_sufficient","18y","Male","Archaea","Methanobacteriota","Other"
"1002","ASV2475","22E203-135",0,"A22E203.135","22E203-135","22E203.135","24YF438",438,"Parents","Father","F0_24Y_Father",24,312,"B12_sufficient","24y","Male","Archaea","Methanobacteriota","Other"
"1003","ASV2475","22E203-145",0,"A22E203.145","22E203-145","22E203.145","24YF547",547,"Parents","Father","F0_24Y_Father",24,123,"B12_deficient","24y","Male","Archaea","Methanobacteriota","Other"
"1004","ASV2475","22E203-165",0,"A22E203.165","22E203-165","22E203.165","24YM54",54,"Parents","Mother","F0_24Y_Mothers",24,164,"B12_sufficient","24y","Female","Archaea","Methanobacteriota","Other"
"1005","ASV2475","22E203-162",0,"A22E203.162","22E203-162","22E203.162","24YM38",38,"Parents","Mother","F0_24Y_Mothers",24,753,"B12_sufficient","24y","Female","Archaea","Methanobacteriota","Other"
"1006","ASV2475","22E203-100",0,"A22E203.100","22E203-100","22E203.100","18CG584",584,"Children","Girls","F1_18Y_placebo_girls",18,109,"B12_deficient","18y","Female","Archaea","Methanobacteriota","Other"
"1007","ASV2475","22E203-136",0,"A22E203.136","22E203-136","22E203.136","24YF441",441,"Parents","Father","F0_24Y_Father",24,340,"B12_sufficient","24y","Male","Archaea","Methanobacteriota","Other"
"1008","ASV2475","22E203-146",0,"A22E203.146","22E203-146","22E203.146","24YF563",563,"Parents","Father","F0_24Y_Father",24,185,"B12_sufficient","24y","Male","Archaea","Methanobacteriota","Other"
"1009","ASV2475","22E203-175",0,"A22E203.175","22E203-175","22E203.175","24YM220",220,"Parents","Mother","F0_24Y_Mothers",24,231,"B12_sufficient","24y","Female","Archaea","Methanobacteriota","Other"
"1010","ASV2475","22E203-028",0,"A22E203.028","22E203-028","22E203.028","18CB234",234,"Children","Boys","F1_18Y_placebo_boys",18,179,"B12_sufficient","18y","Male","Archaea","Methanobacteriota","Other"
"1012","ASV2475","M22E203099",0,"M22E203.099","M22E203099","M22E203099","18CG565",565,"Children","Girls","F1_18Y_child_girl",18,86,"B12_deficient","18y","Female","Archaea","Methanobacteriota","Other"
"1013","ASV2475","22E203-199",0,"A22E203.199","22E203-199","22E203.199","24YM510",510,"Parents","Mother","F0_24Y_Mothers",24,132,"B12_deficient","24y","Female","Archaea","Methanobacteriota","Other"
"1014","ASV2475","22E203-196",0,"A22E203.196","22E203-196","22E203.196","24YM472",472,"Parents","Mother","F0_24Y_Mothers",24,105,"B12_deficient","24y","Female","Archaea","Methanobacteriota","Other"
"1015","ASV2475","22E203-061",0,"A22E203.061","22E203-061","22E203.061","18CB669",669,"Children","Boys","F1_18Y_placebo_boys",18,NA,NA,"18y","Male","Archaea","Methanobacteriota","Other"
"1016","ASV2475","22E203-127",0,"A22E203.127","22E203-127","22E203.127","24YF299",299,"Parents","Father","F0_24Y_Father",24,166,"B12_sufficient","24y","Male","Archaea","Methanobacteriota","Other"
"1017","ASV2475","22E203-156",0,"A22E203.156","22E203-156","22E203.156","24YF640",640,"Parents","Father","F0_24Y_Father",24,83,"B12_deficient","24y","Male","Archaea","Methanobacteriota","Other"
"1018","ASV2475","22E203-186",0,"A22E203.186","22E203-186","22E203.186","24YM387",387,"Parents","Mother","F0_24Y_Mothers",24,180,"B12_sufficient","24y","Female","Archaea","Methanobacteriota","Other"
"1019","ASV2475","22E203-047",0,"A22E203.047","22E203-047","22E203.047","18CB492",492,"Children","Boys","F1_18Y_placebo_boys",18,105,"B12_deficient","18y","Male","Archaea","Methanobacteriota","Other"
"1020","ASV2475","22E203-118",0,"A22E203.118","22E203-118","22E203.118","24YF179",179,"Parents","Father","F0_24Y_Father",24,122,"B12_deficient","24y","Male","Archaea","Methanobacteriota","Other"
"1021","ASV2475","22E203-147",0,"A22E203.147","22E203-147","22E203.147","24YF572",572,"Parents","Father","F0_24Y_Father",24,83,"B12_deficient","24y","Male","Archaea","Methanobacteriota","Other"
"1023","ASV2475","22E203-030",0,"A22E203.030","22E203-030","22E203.030","18CB258",258,"Children","Boys","F1_18Y_placebo_boys",18,182,"B12_sufficient","18y","Male","Archaea","Methanobacteriota","Other"
"1024","ASV2475","22E203-109",0,"A22E203.109","22E203-109","22E203.109","18CG684",684,"Children","Girls","F1_18Y_placebo_girls",18,174,"B12_sufficient","18y","Female","Archaea","Methanobacteriota","Other"
"1025","ASV2475","M22E203102",0,"M22E203.102","M22E203102","M22E203102","18CG601",601,"Children","Girls","F1_18Y_child_girl",18,168,"B12_sufficient","18y","Female","Archaea","Methanobacteriota","Other"
"1028","ASV2475","22E203-063",0,"A22E203.063","22E203-063","22E203.063","18CB702",702,"Children","Boys","F1_18Y_placebo_boys",18,152.6,"B12_sufficient","18y","Male","Archaea","Methanobacteriota","Other"
"1029","ASV2475","22E203-128",0,"A22E203.128","22E203-128","22E203.128","24YF348",348,"Parents","Father","F0_24Y_Father",24,164,"B12_sufficient","24y","Male","Archaea","Methanobacteriota","Other"
"1030","ASV2475","22E203-157",0,"A22E203.157","22E203-157","22E203.157","24YF677",677,"Parents","Father","F0_24Y_Father",24,108,"B12_deficient","24y","Male","Archaea","Methanobacteriota","Other"
"1032","ASV2475","22E203-048",0,"A22E203.048","22E203-048","22E203.048","18CB503",503,"Children","Boys","F1_18Y_placebo_boys",18,191,"B12_sufficient","18y","Male","Archaea","Methanobacteriota","Other"
"1034","ASV2475","22E203-148",0,"A22E203.148","22E203-148","22E203.148","24YF577",577,"Parents","Father","F0_24Y_Father",24,124,"B12_deficient","24y","Male","Archaea","Methanobacteriota","Other"
"1035","ASV2475","22E203-177",0,"A22E203.177","22E203-177","22E203.177","24YM233",233,"Parents","Mother","F0_24Y_Mothers",24,494,"B12_sufficient","24y","Female","Archaea","Methanobacteriota","Other"
"1036","ASV2475","22E203-031",0,"A22E203.031","22E203-031","22E203.031","18CB287",287,"Children","Boys","F1_18Y_placebo_boys",18,296,"B12_sufficient","18y","Male","Archaea","Methanobacteriota","Other"
"1037","ASV2475","22E203-110",0,"A22E203.110","22E203-110","22E203.110","24YF14",14,"Parents","Father","F0_24Y_Father",24,151,"B12_sufficient","24y","Male","Archaea","Methanobacteriota","Other"
"1038","ASV2475","M22E203103",0,"M22E203.103","M22E203103","M22E203103","18CG615",615,"Children","Girls","F1_18Y_child_girl",18,244,"B12_sufficient","18y","Female","Archaea","Methanobacteriota","Other"
"1040","ASV2475","22E203-198",0,"A22E203.198","22E203-198","22E203.198","24YM498",498,"Parents","Mother","F0_24Y_Mothers",24,134,"B12_deficient","24y","Female","Archaea","Methanobacteriota","Other"
"1041","ASV2475","22E203-067",0,"A22E203.067","22E203-067","22E203.067","18CG35",35,"Children","Girls","F1_18Y_placebo_girls",18,143.9,"B12_deficient","18y","Female","Archaea","Methanobacteriota","Other"
"1042","ASV2475","22E203-129",0,"A22E203.129","22E203-129","22E203.129","24YF351",351,"Parents","Father","F0_24Y_Father",24,139,"B12_deficient","24y","Male","Archaea","Methanobacteriota","Other"
"1043","ASV2475","22E203-158",0,"A22E203.158","22E203-158","22E203.158","24YF708",708,"Parents","Father","F0_24Y_Father",24,496,"B12_sufficient","24y","Male","Archaea","Methanobacteriota","Other"
"1044","ASV2475","22E203-188",0,"A22E203.188","22E203-188","22E203.188","24YM415",415,"Parents","Mother","F0_24Y_Mothers",24,277,"B12_sufficient","24y","Female","Archaea","Methanobacteriota","Other"
"1045","ASV2475","22E203-049",0,"A22E203.049","22E203-049","22E203.049","18CB517",517,"Children","Boys","F1_18Y_placebo_boys",18,182,"B12_sufficient","18y","Male","Archaea","Methanobacteriota","Other"
"1046","ASV2475","22E203-120",0,"A22E203.120","22E203-120","22E203.120","24YF196",196,"Parents","Father","F0_24Y_Father",24,90,"B12_deficient","24y","Male","Archaea","Methanobacteriota","Other"
"1047","ASV2475","22E203-149",0,"A22E203.149","22E203-149","22E203.149","24YF578",578,"Parents","Father","F0_24Y_Father",24,255,"B12_sufficient","24y","Male","Archaea","Methanobacteriota","Other"
"1048","ASV2475","22E203-178",0,"A22E203.178","22E203-178","22E203.178","24YM237",237,"Parents","Mother","F0_24Y_Mothers",24,189,"B12_sufficient","24y","Female","Archaea","Methanobacteriota","Other"
"1049","ASV2475","22E203-035",0,"A22E203.035","22E203-035","22E203.035","18CB315",315,"Children","Boys","F1_18Y_placebo_boys",18,195,"B12_sufficient","18y","Male","Archaea","Methanobacteriota","Other"
"1050","ASV2475","22E203-111",0,"A22E203.111","22E203-111","22E203.111","24YF36",36,"Parents","Father","F0_24Y_Father",24,106,"B12_deficient","24y","Male","Archaea","Methanobacteriota","Other"
"1051","ASV2475","M22E203104",0,"M22E203.104","M22E203104","M22E203104","18CG628",628,"Children","Girls","F1_18Y_child_girl",18,205,"B12_sufficient","18y","Female","Archaea","Methanobacteriota","Other"
"1052","ASV2475","22E203-202",0,"A22E203.202","22E203-202","22E203.202","24YM556",556,"Parents","Mother","F0_24Y_Mothers",24,161,"B12_sufficient","24y","Female","Archaea","Methanobacteriota","Other"
"1053","ASV2475","M22E203059",0,"M22E203.059","M22E203059","M22E203059","18CB645",645,"Children","Boys","F1_18Y_child_boys",18,173.2,"B12_sufficient","18y","Male","Archaea","Methanobacteriota","Other"
"1054","ASV2475","M22E203052",0,"M22E203.052","M22E203052","M22E203052","18CB542",542,"Children","Boys","F1_18Y_child_boys",18,246.5,"B12_sufficient","18y","Male","Archaea","Methanobacteriota","Other"
"1055","ASV2475","M22E203093",0,"M22E203.093","M22E203093","M22E203093","18CG482",482,"Children","Girls","F1_18Y_child_girl",18,183,"B12_sufficient","18y","Female","Archaea","Methanobacteriota","Other"
"1056","ASV2475","22E203-192",0,"A22E203.192","22E203-192","22E203.192","24YM444",444,"Parents","Mother","F0_24Y_Mothers",24,435,"B12_sufficient","24y","Female","Archaea","Methanobacteriota","Other"
"1057","ASV2475","22E203-189",0,"A22E203.189","22E203-189","22E203.189","24YM418",418,"Parents","Mother","F0_24Y_Mothers",24,107,"B12_deficient","24y","Female","Archaea","Methanobacteriota","Other"
"1058","ASV2475","22E203-050",0,"A22E203.050","22E203-050","22E203.050","18CB534",534,"Children","Boys","F1_18Y_placebo_boys",18,338,"B12_sufficient","18y","Male","Archaea","Methanobacteriota","Other"
"1059","ASV2475","22E203-121",0,"A22E203.121","22E203-121","22E203.121","24YF198",198,"Parents","Father","F0_24Y_Father",24,220,"B12_sufficient","24y","Male","Archaea","Methanobacteriota","Other"
"1060","ASV2475","22E203-150",0,"A22E203.150","22E203-150","22E203.150","24YF582",582,"Parents","Father","F0_24Y_Father",24,195,"B12_sufficient","24y","Male","Archaea","Methanobacteriota","Other"
"1061","ASV2475","22E203-179",0,"A22E203.179","22E203-179","22E203.179","24YM239",239,"Parents","Mother","F0_24Y_Mothers",24,101,"B12_deficient","24y","Female","Archaea","Methanobacteriota","Other"
"1062","ASV2475","22E203-037",0,"A22E203.037","22E203-037","22E203.037","18CB371",371,"Children","Boys","F1_18Y_placebo_boys",18,188,"B12_sufficient","18y","Male","Archaea","Methanobacteriota","Other"
"1063","ASV2475","22E203-112",0,"A22E203.112","22E203-112","22E203.112","24YF54",54,"Parents","Father","F0_24Y_Father",24,116,"B12_deficient","24y","Male","Archaea","Methanobacteriota","Other"
"1064","ASV2475","M22E203105",0,"M22E203.105","M22E203105","M22E203105","18CG638",638,"Children","Girls","F1_18Y_child_girl",18,290,"B12_sufficient","18y","Female","Archaea","Methanobacteriota","Other"
"1065","ASV2475","22E203-203",0,"A22E203.203","22E203-203","22E203.203","24YM558",558,"Parents","Mother","F0_24Y_Mothers",24,1073,"B12_sufficient","24y","Female","Archaea","Methanobacteriota","Other"
"1066","ASV2475","M22E203062",0,"M22E203.062","M22E203062","M22E203062","18CB695",695,"Children","Boys","F1_18Y_child_boys",18,122,"B12_deficient","18y","Male","Archaea","Methanobacteriota","Other"
"1067","ASV2475","M22E203055",0,"M22E203.055","M22E203055","M22E203055","18CB595",595,"Children","Boys","F1_18Y_child_boys",18,233,"B12_sufficient","18y","Male","Archaea","Methanobacteriota","Other"
"1068","ASV2475","M22E203094",0,"M22E203.094","M22E203094","M22E203094","18CG490",490,"Children","Girls","F1_18Y_child_girl",18,208,"B12_sufficient","18y","Female","Archaea","Methanobacteriota","Other"
"1069","ASV2475","22E203-194",0,"A22E203.194","22E203-194","22E203.194","24YM452",452,"Parents","Mother","F0_24Y_Mothers",24,174,"B12_sufficient","24y","Female","Archaea","Methanobacteriota","Other"
"1070","ASV2475","22E203-190",0,"A22E203.190","22E203-190","22E203.190","24YM427",427,"Parents","Mother","F0_24Y_Mothers",24,178,"B12_sufficient","24y","Female","Archaea","Methanobacteriota","Other"
"1071","ASV2475","22E203-053",0,"A22E203.053","22E203-053","22E203.053","18CB544",544,"Children","Boys","F1_18Y_placebo_boys",18,94,"B12_deficient","18y","Male","Archaea","Methanobacteriota","Other"
"1072","ASV2475","22E203-122",0,"A22E203.122","22E203-122","22E203.122","24YF203",203,"Parents","Father","F0_24Y_Father",24,77,"B12_deficient","24y","Male","Archaea","Methanobacteriota","Other"
"1073","ASV2475","22E203-151",0,"A22E203.151","22E203-151","22E203.151","24YF590",590,"Parents","Father","F0_24Y_Father",24,169,"B12_sufficient","24y","Male","Archaea","Methanobacteriota","Other"
"1074","ASV2475","22E203-181",0,"A22E203.181","22E203-181","22E203.181","24YM278",278,"Parents","Mother","F0_24Y_Mothers",24,96,"B12_deficient","24y","Female","Archaea","Methanobacteriota","Other"
"1075","ASV2475","22E203-038",0,"A22E203.038","22E203-038","22E203.038","18CB375",375,"Children","Boys","F1_18Y_placebo_boys",18,149.5,"B12_deficient","18y","Male","Archaea","Methanobacteriota","Other"
"1076","ASV2475","22E203-113",0,"A22E203.113","22E203-113","22E203.113","24YF76",76,"Parents","Father","F0_24Y_Father",24,108,"B12_deficient","24y","Male","Archaea","Methanobacteriota","Other"
"1077","ASV2475","M22E203106",0,"M22E203.106","M22E203106","M22E203106","18CG648",648,"Children","Girls","F1_18Y_child_girl",18,181.2,"B12_sufficient","18y","Female","Archaea","Methanobacteriota","Other"
"1078","ASV2475","22E203-204",0,"A22E203.204","22E203-204","22E203.204","24YM560",560,"Parents","Mother","F0_24Y_Mothers",24,136,"B12_deficient","24y","Female","Archaea","Methanobacteriota","Other"
"1079","ASV2475","M22E203064",0,"M22E203.064","M22E203064","M22E203064","18CG5",5,"Children","Girls","F1_18Y_child_girl",18,172.6,"B12_sufficient","18y","Female","Archaea","Methanobacteriota","Other"
"1080","ASV2475","M22E203056",0,"M22E203.056","M22E203056","M22E203056","18CB604",604,"Children","Boys","F1_18Y_child_boys",18,101,"B12_deficient","18y","Male","Archaea","Methanobacteriota","Other"
"1081","ASV2475","M22E203095",0,"M22E203.095","M22E203095","M22E203095","18CG512",512,"Children","Girls","F1_18Y_child_girl",18,98,"B12_deficient","18y","Female","Archaea","Methanobacteriota","Other"
"1082","ASV2475","22E203-195",0,"A22E203.195","22E203-195","22E203.195","24YM465",465,"Parents","Mother","F0_24Y_Mothers",24,258,"B12_sufficient","24y","Female","Archaea","Methanobacteriota","Other"
"1083","ASV2475","22E203-191",0,"A22E203.191","22E203-191","22E203.191","24YM429",429,"Parents","Mother","F0_24Y_Mothers",24,138,"B12_deficient","24y","Female","Archaea","Methanobacteriota","Other"
"1084","ASV2475","22E203-054",0,"A22E203.054","22E203-054","22E203.054","18CB579",579,"Children","Boys","F1_18Y_placebo_boys",18,103,"B12_deficient","18y","Male","Archaea","Methanobacteriota","Other"
"1085","ASV2475","22E203-123",0,"A22E203.123","22E203-123","22E203.123","24YF244",244,"Parents","Father","F0_24Y_Father",24,259,"B12_sufficient","24y","Male","Archaea","Methanobacteriota","Other"
"1086","ASV2475","22E203-152",0,"A22E203.152","22E203-152","22E203.152","24YF602",602,"Parents","Father","F0_24Y_Father",24,310,"B12_sufficient","24y","Male","Archaea","Methanobacteriota","Other"
"1087","ASV2475","22E203-182",0,"A22E203.182","22E203-182","22E203.182","24YM292",292,"Parents","Mother","F0_24Y_Mothers",24,231,"B12_sufficient","24y","Female","Archaea","Methanobacteriota","Other"
"1088","ASV2475","22E203-040",0,"A22E203.040","22E203-040","22E203.040","18CB400",400,"Children","Boys","F1_18Y_placebo_boys",18,244,"B12_sufficient","18y","Male","Archaea","Methanobacteriota","Other"
"1089","ASV2475","22E203-114",0,"A22E203.114","22E203-114","22E203.114","24YF85",85,"Parents","Father","F0_24Y_Father",24,187,"B12_sufficient","24y","Male","Archaea","Methanobacteriota","Other"
"1090","ASV2475","M22E203107",0,"M22E203.107","M22E203107","M22E203107","18CG649",649,"Children","Girls","F1_18Y_child_girl",18,245,"B12_sufficient","18y","Female","Archaea","Methanobacteriota","Other"
"1091","ASV2475","22E203-205",0,"A22E203.205","22E203-205","22E203.205","24YM563",563,"Parents","Mother","F0_24Y_Mothers",24,239,"B12_sufficient","24y","Female","Archaea","Methanobacteriota","Other"
"1092","ASV2475","M22E203065",0,"M22E203.065","M22E203065","M22E203065","18CG17",17,"Children","Girls","F1_18Y_child_girl",18,86,"B12_deficient","18y","Female","Archaea","Methanobacteriota","Other"
"1093","ASV2475","22E203-057",0,"A22E203.057","22E203-057","22E203.057","18CB629",629,"Children","Boys","F1_18Y_placebo_boys",18,96,"B12_deficient","18y","Male","Archaea","Methanobacteriota","Other"
"1094","ASV2475","M22E203096",0,"M22E203.096","M22E203096","M22E203096","18CG514",514,"Children","Girls","F1_18Y_child_girl",18,161.9,"B12_sufficient","18y","Female","Archaea","Methanobacteriota","Other"
"1095","ASV2475","22E203-153",0,"A22E203.153","22E203-153","22E203.153","24YF624",624,"Parents","Father","F0_24Y_Father",24,326,"B12_sufficient","24y","Male","Archaea","Methanobacteriota","Other"
"1096","ASV2475","M22E203044",0,"M22E203.044","M22E203044","M22E203044","18CB447",447,"Children","Boys","F1_18Y_child_boys",18,145.5,"B12_deficient","18y","Male","Archaea","Methanobacteriota","Other"
"1097","ASV2475","22E203-041",0,"A22E203.041","22E203-041","22E203.041","18CB416",416,"Children","Boys","F1_18Y_placebo_boys",18,135,"B12_deficient","18y","Male","Archaea","Methanobacteriota","Other"
"1098","ASV2475","22E203-124",0,"A22E203.124","22E203-124","22E203.124","24YF265",265,"Parents","Father","F0_24Y_Father",24,80,"B12_deficient","24y","Male","Archaea","Methanobacteriota","Other"
"1099","ASV2475","M22E203108",0,"M22E203.108","M22E203108","M22E203108","18CG678",678,"Children","Girls","F1_18Y_child_girl",18,131.3,"B12_deficient","18y","Female","Archaea","Methanobacteriota","Other"
"1100","ASV2475","22E203-183",0,"A22E203.183","22E203-183","22E203.183","24YM294",294,"Parents","Mother","F0_24Y_Mothers",24,128,"B12_deficient","24y","Female","Archaea","Methanobacteriota","Other"
"1101","ASV2475","M22E203066",0,"M22E203.066","M22E203066","M22E203066","18CG28",28,"Children","Girls","F1_18Y_child_girl",18,115,"B12_deficient","18y","Female","Archaea","Methanobacteriota","Other"
"1102","ASV2475","22E203-115",0,"A22E203.115","22E203-115","22E203.115","24YF92",92,"Parents","Father","F0_24Y_Father",24,45,"B12_deficient","24y","Male","Archaea","Methanobacteriota","Other"
"1103","ASV2475","M22E203097",0,"M22E203.097","M22E203097","M22E203097","18CG539",539,"Children","Girls","F1_18Y_child_girl",18,148,"B12_deficient","18y","Female","Archaea","Methanobacteriota","Other"
"1104","ASV2475","22E203-206",0,"A22E203.206","22E203-206","22E203.206","24YM638",638,"Parents","Mother","F0_24Y_Mothers",24,146,"B12_deficient","24y","Female","Archaea","Methanobacteriota","Other"
"1105","ASV2475","M22E203045",0,"M22E203.045","M22E203045","M22E203045","18CB474",474,"Children","Boys","F1_18Y_child_boys",18,133,"B12_deficient","18y","Male","Archaea","Methanobacteriota","Other"
"1106","ASV2475","22E203-058",0,"A22E203.058","22E203-058","22E203.058","18CB644",644,"Children","Boys","F1_18Y_placebo_boys",18,60.2,"B12_deficient","18y","Male","Archaea","Methanobacteriota","Other"
"1107","ASV2475","22E203-125",0,"A22E203.125","22E203-125","22E203.125","24YF292",292,"Parents","Father","F0_24Y_Father",24,148,"B12_deficient","24y","Male","Archaea","Methanobacteriota","Other"
"1108","ASV2475","22E203-154",0,"A22E203.154","22E203-154","22E203.154","24YF625",625,"Parents","Father","F0_24Y_Father",24,138,"B12_deficient","24y","Male","Archaea","Methanobacteriota","Other"
"1109","ASV2475","22E203-184",0,"A22E203.184","22E203-184","22E203.184","24YM316",316,"Parents","Mother","F0_24Y_Mothers",24,161,"B12_sufficient","24y","Female","Archaea","Methanobacteriota","Other"
"1110","ASV2475","22E203-043",0,"A22E203.043","22E203-043","22E203.043","18CB433",433,"Children","Boys","F1_18Y_placebo_boys",18,75,"B12_deficient","18y","Male","Archaea","Methanobacteriota","Other"
"1111","ASV2475","22E203-116",0,"A22E203.116","22E203-116","22E203.116","24YF100",100,"Parents","Father","F0_24Y_Father",24,101.5,"B12_deficient","24y","Male","Archaea","Methanobacteriota","Other"
"1112","ASV2475","M22E203160",0,"M22E203.160","M22E203160","M22E203160","24YM14",14,"Parents","Mother","F0_24Y_Mothers",24,146,"B12_deficient","24y","Female","Archaea","Methanobacteriota","Other"
"1113","ASV2475","22E203-207",0,"A22E203.207","22E203-207","22E203.207","24YM655",655,"Parents","Mother","F0_24Y_Mothers",24,128,"B12_deficient","24y","Female","Archaea","Methanobacteriota","Other"
"1114","ASV2475","M22E203068",0,"M22E203.068","M22E203068","M22E203068","18CG53",53,"Children","Girls","F1_18Y_child_girl",18,186.4,"B12_sufficient","18y","Female","Archaea","Methanobacteriota","Other"
"1115","ASV2475","22E203-060",0,"A22E203.060","22E203-060","22E203.060","18CB651",651,"Children","Boys","F1_18Y_placebo_boys",18,141,"B12_deficient","18y","Male","Archaea","Methanobacteriota","Other"
"1116","ASV2475","M22E203098",0,"M22E203.098","M22E203098","M22E203098","18CG558",558,"Children","Girls","F1_18Y_child_girl",18,225,"B12_sufficient","18y","Female","Archaea","Methanobacteriota","Other"
"1117","ASV2475","22E203-155",0,"A22E203.155","22E203-155","22E203.155","24YF638",638,"Parents","Father","F0_24Y_Father",24,135,"B12_deficient","24y","Male","Archaea","Methanobacteriota","Other"
"1118","ASV2475","M22E203051",0,"M22E203.051","M22E203051","M22E203051","18CB540",540,"Children","Boys","F1_18Y_child_boys",18,136,"B12_deficient","18y","Male","Archaea","Methanobacteriota","Other"
"1120","ASV2475","22E203-126",0,"A22E203.126","22E203-126","22E203.126","24YF294",294,"Parents","Father","F0_24Y_Father",24,81,"B12_deficient","24y","Male","Archaea","Methanobacteriota","Other"
"1121","ASV2475","M22E203180",0,"M22E203.180","M22E203180","M22E203180","24YM258",258,"Parents","Mother","F0_24Y_Mothers",24,114,"B12_deficient","24y","Female","Archaea","Methanobacteriota","Other"
"1122","ASV2475","22E203-185",0,"A22E203.185","22E203-185","22E203.185","24YM342",342,"Parents","Mother","F0_24Y_Mothers",24,121,"B12_deficient","24y","Female","Archaea","Methanobacteriota","Other"
"1123","ASV2475","M22E203069",0,"M22E203.069","M22E203069","M22E203069","18CG64",64,"Children","Girls","F1_18Y_child_girl",18,143,"B12_deficient","18y","Female","Archaea","Methanobacteriota","Other"
"1124","ASV2475","22E203-117",0,"A22E203.117","22E203-117","22E203.117","24YF116",116,"Parents","Father","F0_24Y_Father",24,291,"B12_sufficient","24y","Male","Archaea","Methanobacteriota","Other"
"1125","ASV2475","M22E203090",0,"M22E203.090","M22E203090","M22E203090","18CG437",437,"Children","Girls","F1_18Y_child_girl",18,162.3,"B12_sufficient","18y","Female","Archaea","Methanobacteriota","Other"
"1126","ASV2475","22E203-208",0,"A22E203.208","22E203-208","22E203.208","24YM667",667,"Parents","Mother","F0_24Y_Mothers",24,98,"B12_deficient","24y","Female","Archaea","Methanobacteriota","Other"
"1127","ASV2475","M22E203032",0,"M22E203.032","M22E203032","M22E203032","18CB304",304,"Children","Boys","F1_18Y_child_boys",18,216,"B12_sufficient","18y","Male","Archaea","Methanobacteriota","Other"
"1128","ASV2475","M22E203023",0,"M22E203.023","M22E203023","M22E203023","18CB183",183,"Children","Boys","F1_18Y_child_boys",18,117,"B12_deficient","18y","Male","Archaea","Methanobacteriota","Other"
"1129","ASV2475","M22E203077",0,"M22E203.077","M22E203077","M22E203077","18CG236",236,"Children","Girls","F1_18Y_child_girl",18,185,"B12_sufficient","18y","Female","Archaea","Methanobacteriota","Other"
"1131","ASV2475","22E203-209",0,"A22E203.209","22E203-209","22E203.209","24YM708",708,"Parents","Mother","F0_24Y_Mothers",24,83,"B12_deficient","24y","Female","Archaea","Methanobacteriota","Other"
"1132","ASV2475","M22E203070",0,"M22E203.070","M22E203070","M22E203070","18CG84",84,"Children","Girls","F1_18Y_child_girl",18,282,"B12_sufficient","18y","Female","Archaea","Methanobacteriota","Other"
"1134","ASV2475","M22E203018",0,"M22E203.018","M22E203018","M22E203018","18CB44",44,"Children","Boys","F1_18Y_child_boys",18,131.3,"B12_deficient","18y","Male","Archaea","Methanobacteriota","Other"
"1135","ASV2475","M22E203039",0,"M22E203.039","M22E203039","M22E203039","18CB391",391,"Children","Boys","F1_18Y_child_boys",18,119.3,"B12_deficient","18y","Male","Archaea","Methanobacteriota","Other"
"1136","ASV2475","M22E203033",0,"M22E203.033","M22E203033","M22E203033","18CB307",307,"Children","Boys","F1_18Y_child_boys",18,117,"B12_deficient","18y","Male","Archaea","Methanobacteriota","Other"
"1137","ASV2475","M22E203071",0,"M22E203.071","M22E203071","M22E203071","18CG163",163,"Children","Girls","F1_18Y_child_girl",18,194,"B12_sufficient","18y","Female","Archaea","Methanobacteriota","Other"
"1138","ASV2475","M22E203091",0,"M22E203.091","M22E203091","M22E203091","18CG438",438,"Children","Girls","F1_18Y_child_girl",18,208.2,"B12_sufficient","18y","Female","Archaea","Methanobacteriota","Other"
"1139","ASV2475","M22E203020",0,"M22E203.020","M22E203020","M22E203020","18CB97",97,"Children","Boys","F1_18Y_child_boys",18,157.7,"B12_sufficient","18y","Male","Archaea","Methanobacteriota","Other"
"1140","ASV2475","M22E203014",0,"M22E203.014","M22E203014","M22E203014","18CB22",22,"Children","Boys","F1_18Y_child_boys",18,146,"B12_deficient","18y","Male","Archaea","Methanobacteriota","Other"
"1141","ASV2475","M22E203034",0,"M22E203.034","M22E203034","M22E203034","18CB312",312,"Children","Boys","F1_18Y_child_boys",18,380.5,"B12_sufficient","18y","Male","Archaea","Methanobacteriota","Other"
"1142","ASV2475","M22E203078",0,"M22E203.078","M22E203078","M22E203078","18CG283",283,"Children","Girls","F1_18Y_child_girl",18,133.4,"B12_deficient","18y","Female","Archaea","Methanobacteriota","Other"
"1143","ASV2475","M22E203092",0,"M22E203.092","M22E203092","M22E203092","18CG460",460,"Children","Girls","F1_18Y_child_girl",18,NA,NA,"18y","Female","Archaea","Methanobacteriota","Other"
"1144","ASV2475","M22E203042",0,"M22E203.042","M22E203042","M22E203042","18CB426",426,"Children","Boys","F1_18Y_child_boys",18,130.2,"B12_deficient","18y","Male","Archaea","Methanobacteriota","Other"
"1145","ASV2475","M22E203015",0,"M22E203.015","M22E203015","M22E203015","18CB24",24,"Children","Boys","F1_18Y_child_boys",18,114,"B12_deficient","18y","Male","Archaea","Methanobacteriota","Other"
"1146","ASV2475","M22E203029",0,"M22E203.029","M22E203029","M22E203029","18CB246",246,"Children","Boys","F1_18Y_child_boys",18,94,"B12_deficient","18y","Male","Archaea","Methanobacteriota","Other"
"1147","ASV2475","M22E203079",0,"M22E203.079","M22E203079","M22E203079","18CG288",288,"Children","Girls","F1_18Y_child_girl",18,288,"B12_sufficient","18y","Female","Archaea","Methanobacteriota","Other"
"1148","ASV2475","M22E203022",0,"M22E203.022","M22E203022","M22E203022","18CB152",152,"Children","Boys","F1_18Y_child_boys",18,118.1,"B12_deficient","18y","Male","Archaea","Methanobacteriota","Other"
"1149","ASV2475","M22E203083",0,"M22E203.083","M22E203083","M22E203083","18CG346",346,"Children","Girls","F1_18Y_child_girl",18,140,"B12_deficient","18y","Female","Archaea","Methanobacteriota","Other"
"1150","ASV2475","M22E203072",0,"M22E203.072","M22E203072","M22E203072","18CG198",198,"Children","Girls","F1_18Y_child_girl",18,284.1,"B12_sufficient","18y","Female","Archaea","Methanobacteriota","Other"
"1151","ASV2475","M22E203086",0,"M22E203.086","M22E203086","M22E203086","18CG414",414,"Children","Girls","F1_18Y_child_girl",18,134,"B12_deficient","18y","Female","Archaea","Methanobacteriota","Other"
"1153","ASV2475","M22E203089",0,"M22E203.089","M22E203089","M22E203089","18CG436",436,"Children","Girls","F1_18Y_child_girl",18,131,"B12_deficient","18y","Female","Archaea","Methanobacteriota","Other"
"1154","ASV2475","M22E203085",0,"M22E203.085","M22E203085","M22E203085","18CG401",401,"Children","Girls","F1_18Y_child_girl",18,263,"B12_sufficient","18y","Female","Archaea","Methanobacteriota","Other"
"1155","ASV2475","M22E203073",0,"M22E203.073","M22E203073","M22E203073","18CG199",199,"Children","Girls","F1_18Y_child_girl",18,106,"B12_deficient","18y","Female","Archaea","Methanobacteriota","Other"
"1156","ASV2475","M22E203088",0,"M22E203.088","M22E203088","M22E203088","18CG434",434,"Children","Girls","F1_18Y_child_girl",18,197,"B12_sufficient","18y","Female","Archaea","Methanobacteriota","Other"
"1158","ASV2475","M22E203074",0,"M22E203.074","M22E203074","M22E203074","18CG207",207,"Children","Girls","F1_18Y_child_girl",18,123.1,"B12_deficient","18y","Female","Archaea","Methanobacteriota","Other"
"1352","ASV3375","22E203-138",0,"A22E203.138","22E203-138","22E203.138","24YF465",465,"Parents","Father","F0_24Y_Father",24,184,"B12_sufficient","24y","Male","Bacteria","Fusobacteriota","Other"
"1353","ASV3375","22E203-134",0,"A22E203.134","22E203-134","22E203.134","24YF437",437,"Parents","Father","F0_24Y_Father",24,219,"B12_sufficient","24y","Male","Bacteria","Fusobacteriota","Other"
"1354","ASV3375","22E203-137",0,"A22E203.137","22E203-137","22E203.137","24YF454",454,"Parents","Father","F0_24Y_Father",24,124,"B12_deficient","24y","Male","Bacteria","Fusobacteriota","Other"
"1355","ASV3375","M22E203099",0,"M22E203.099","M22E203099","M22E203099","18CG565",565,"Children","Girls","F1_18Y_child_girl",18,86,"B12_deficient","18y","Female","Bacteria","Fusobacteriota","Other"
"1356","ASV3375","22E203-139",0,"A22E203.139","22E203-139","22E203.139","24YF468",468,"Parents","Father","F0_24Y_Father",24,144.7,"B12_deficient","24y","Male","Bacteria","Fusobacteriota","Other"
"1357","ASV3375","22E203-135",0,"A22E203.135","22E203-135","22E203.135","24YF438",438,"Parents","Father","F0_24Y_Father",24,312,"B12_sufficient","24y","Male","Bacteria","Fusobacteriota","Other"
"1358","ASV3375","22E203-136",0,"A22E203.136","22E203-136","22E203.136","24YF441",441,"Parents","Father","F0_24Y_Father",24,340,"B12_sufficient","24y","Male","Bacteria","Fusobacteriota","Other"
"1359","ASV3375","22E203-109",0,"A22E203.109","22E203-109","22E203.109","18CG684",684,"Children","Girls","F1_18Y_placebo_girls",18,174,"B12_sufficient","18y","Female","Bacteria","Fusobacteriota","Other"
"1360","ASV3375","22E203-166",0,"A22E203.166","22E203-166","22E203.166","24YM70",70,"Parents","Mother","F0_24Y_Mothers",24,519,"B12_sufficient","24y","Female","Bacteria","Fusobacteriota","Other"
"1361","ASV3375","22E203-140",0,"A22E203.140","22E203-140","22E203.140","24YF472",472,"Parents","Father","F0_24Y_Father",24,116,"B12_deficient","24y","Male","Bacteria","Fusobacteriota","Other"
"1362","ASV3375","22E203-101",0,"A22E203.101","22E203-101","22E203.101","18CG587",587,"Children","Girls","F1_18Y_placebo_girls",18,160,"B12_sufficient","18y","Female","Bacteria","Fusobacteriota","Other"
"1363","ASV3375","22E203-142",0,"A22E203.142","22E203-142","22E203.142","24YF502",502,"Parents","Father","F0_24Y_Father",24,76,"B12_deficient","24y","Male","Bacteria","Fusobacteriota","Other"
"1365","ASV3375","22E203-130",0,"A22E203.130","22E203-130","22E203.130","24YF369",369,"Parents","Father","F0_24Y_Father",24,34,"B12_deficient","24y","Male","Bacteria","Fusobacteriota","Other"
"1366","ASV3375","22E203-141",0,"A22E203.141","22E203-141","22E203.141","24YF490",490,"Parents","Father","F0_24Y_Father",24,144,"B12_deficient","24y","Male","Bacteria","Fusobacteriota","Other"
"1367","ASV3375","22E203-133",0,"A22E203.133","22E203-133","22E203.133","24YF429",429,"Parents","Father","F0_24Y_Father",24,329,"B12_sufficient","24y","Male","Bacteria","Fusobacteriota","Other"
"1368","ASV3375","22E203-110",0,"A22E203.110","22E203-110","22E203.110","24YF14",14,"Parents","Father","F0_24Y_Father",24,151,"B12_sufficient","24y","Male","Bacteria","Fusobacteriota","Other"
"1369","ASV3375","22E203-167",0,"A22E203.167","22E203-167","22E203.167","24YM76",76,"Parents","Mother","F0_24Y_Mothers",24,NA,NA,"24y","Female","Bacteria","Fusobacteriota","Other"
"1370","ASV3375","22E203-131",0,"A22E203.131","22E203-131","22E203.131","24YF383",383,"Parents","Father","F0_24Y_Father",24,154,"B12_sufficient","24y","Male","Bacteria","Fusobacteriota","Other"
"1371","ASV3375","22E203-169",0,"A22E203.169","22E203-169","22E203.169","24YM123",123,"Parents","Mother","F0_24Y_Mothers",24,288,"B12_sufficient","24y","Female","Bacteria","Fusobacteriota","Other"
"1372","ASV3375","22E203-143",0,"A22E203.143","22E203-143","22E203.143","24YF503",503,"Parents","Father","F0_24Y_Father",24,104,"B12_deficient","24y","Male","Bacteria","Fusobacteriota","Other"
"1373","ASV3375","M22E203103",0,"M22E203.103","M22E203103","M22E203103","18CG615",615,"Children","Girls","F1_18Y_child_girl",18,244,"B12_sufficient","18y","Female","Bacteria","Fusobacteriota","Other"
"1374","ASV3375","22E203-168",0,"A22E203.168","22E203-168","22E203.168","24YM100",100,"Parents","Mother","F0_24Y_Mothers",24,173,"B12_sufficient","24y","Female","Bacteria","Fusobacteriota","Other"
"1375","ASV3375","22E203-127",0,"A22E203.127","22E203-127","22E203.127","24YF299",299,"Parents","Father","F0_24Y_Father",24,166,"B12_sufficient","24y","Male","Bacteria","Fusobacteriota","Other"
"1376","ASV3375","22E203-017",0,"A22E203.017","22E203-017","22E203.017","18CB43",43,"Children","Boys","F1_18Y_placebo_boys",18,309,"B12_sufficient","18y","Male","Bacteria","Fusobacteriota","Other"
"1378","ASV3375","M22E203104",0,"M22E203.104","M22E203104","M22E203104","18CG628",628,"Children","Girls","F1_18Y_child_girl",18,205,"B12_sufficient","18y","Female","Bacteria","Fusobacteriota","Other"
"1379","ASV3375","22E203-118",0,"A22E203.118","22E203-118","22E203.118","24YF179",179,"Parents","Father","F0_24Y_Father",24,122,"B12_deficient","24y","Male","Bacteria","Fusobacteriota","Other"
"1380","ASV3375","22E203-170",0,"A22E203.170","22E203-170","22E203.170","24YM171",171,"Parents","Mother","F0_24Y_Mothers",24,100,"B12_deficient","24y","Female","Bacteria","Fusobacteriota","Other"
"1381","ASV3375","22E203-075",0,"A22E203.075","22E203-075","22E203.075","18CG219",219,"Children","Girls","F1_18Y_placebo_girls",18,146.5,"B12_deficient","18y","Female","Bacteria","Fusobacteriota","Other"
"1382","ASV3375","M22E203093",0,"M22E203.093","M22E203093","M22E203093","18CG482",482,"Children","Girls","F1_18Y_child_girl",18,183,"B12_sufficient","18y","Female","Bacteria","Fusobacteriota","Other"
"1384","ASV3375","22E203-128",0,"A22E203.128","22E203-128","22E203.128","24YF348",348,"Parents","Father","F0_24Y_Father",24,164,"B12_sufficient","24y","Male","Bacteria","Fusobacteriota","Other"
"1386","ASV3375","22E203-121",0,"A22E203.121","22E203-121","22E203.121","24YF198",198,"Parents","Father","F0_24Y_Father",24,220,"B12_sufficient","24y","Male","Bacteria","Fusobacteriota","Other"
"1387","ASV3375","M22E203094",0,"M22E203.094","M22E203094","M22E203094","18CG490",490,"Children","Girls","F1_18Y_child_girl",18,208,"B12_sufficient","18y","Female","Bacteria","Fusobacteriota","Other"
"1388","ASV3375","22E203-119",0,"A22E203.119","22E203-119","22E203.119","24YF192",192,"Parents","Father","F0_24Y_Father",24,295,"B12_sufficient","24y","Male","Bacteria","Fusobacteriota","Other"
"1389","ASV3375","22E203-019",0,"A22E203.019","22E203-019","22E203.019","18CB50",50,"Children","Boys","F1_18Y_placebo_boys",18,145,"B12_deficient","18y","Male","Bacteria","Fusobacteriota","Other"
"1390","ASV3375","22E203-112",0,"A22E203.112","22E203-112","22E203.112","24YF54",54,"Parents","Father","F0_24Y_Father",24,116,"B12_deficient","24y","Male","Bacteria","Fusobacteriota","Other"
"1392","ASV3375","M22E203106",0,"M22E203.106","M22E203106","M22E203106","18CG648",648,"Children","Girls","F1_18Y_child_girl",18,181.2,"B12_sufficient","18y","Female","Bacteria","Fusobacteriota","Other"
"1393","ASV3375","22E203-171",0,"A22E203.171","22E203-171","22E203.171","24YM180",180,"Parents","Mother","F0_24Y_Mothers",24,227,"B12_sufficient","24y","Female","Bacteria","Fusobacteriota","Other"
"1394","ASV3375","22E203-080",0,"A22E203.080","22E203-080","22E203.080","18CG294",294,"Children","Girls","F1_18Y_placebo_girls",18,213.3,"B12_sufficient","18y","Female","Bacteria","Fusobacteriota","Other"
"1395","ASV3375","22E203-113",0,"A22E203.113","22E203-113","22E203.113","24YF76",76,"Parents","Father","F0_24Y_Father",24,108,"B12_deficient","24y","Male","Bacteria","Fusobacteriota","Other"
"1396","ASV3375","M22E203095",0,"M22E203.095","M22E203095","M22E203095","18CG512",512,"Children","Girls","F1_18Y_child_girl",18,98,"B12_deficient","18y","Female","Bacteria","Fusobacteriota","Other"
"1398","ASV3375","22E203-145",0,"A22E203.145","22E203-145","22E203.145","24YF547",547,"Parents","Father","F0_24Y_Father",24,123,"B12_deficient","24y","Male","Bacteria","Fusobacteriota","Other"
"1399","ASV3375","22E203-081",0,"A22E203.081","22E203-081","22E203.081","18CG314",314,"Children","Girls","F1_18Y_placebo_girls",18,175,"B12_sufficient","18y","Female","Bacteria","Fusobacteriota","Other"
"1401","ASV3375","22E203-120",0,"A22E203.120","22E203-120","22E203.120","24YF196",196,"Parents","Father","F0_24Y_Father",24,90,"B12_deficient","24y","Male","Bacteria","Fusobacteriota","Other"
"1402","ASV3375","22E203-021",0,"A22E203.021","22E203-021","22E203.021","18CB150",150,"Children","Boys","F1_18Y_placebo_boys",18,195,"B12_sufficient","18y","Male","Bacteria","Fusobacteriota","Other"
"1403","ASV3375","22E203-146",0,"A22E203.146","22E203-146","22E203.146","24YF563",563,"Parents","Father","F0_24Y_Father",24,185,"B12_sufficient","24y","Male","Bacteria","Fusobacteriota","Other"
"1405","ASV3375","M22E203107",0,"M22E203.107","M22E203107","M22E203107","18CG649",649,"Children","Girls","F1_18Y_child_girl",18,245,"B12_sufficient","18y","Female","Bacteria","Fusobacteriota","Other"
"1406","ASV3375","22E203-172",0,"A22E203.172","22E203-172","22E203.172","24YM185",185,"Parents","Mother","F0_24Y_Mothers",24,118,"B12_deficient","24y","Female","Bacteria","Fusobacteriota","Other"
"1407","ASV3375","22E203-024",0,"A22E203.024","22E203-024","22E203.024","18CB200",200,"Children","Boys","F1_18Y_placebo_boys",18,144,"B12_deficient","18y","Male","Bacteria","Fusobacteriota","Other"
"1408","ASV3375","22E203-084",0,"A22E203.084","22E203-084","22E203.084","18CG386",386,"Children","Girls","F1_18Y_placebo_girls",18,157,"B12_sufficient","18y","Female","Bacteria","Fusobacteriota","Other"
"1409","ASV3375","M22E203096",0,"M22E203.096","M22E203096","M22E203096","18CG514",514,"Children","Girls","F1_18Y_child_girl",18,161.9,"B12_sufficient","18y","Female","Bacteria","Fusobacteriota","Other"
"1410","ASV3375","22E203-163",0,"A22E203.163","22E203-163","22E203.163","24YM40",40,"Parents","Mother","F0_24Y_Mothers",24,466,"B12_sufficient","24y","Female","Bacteria","Fusobacteriota","Other"
"1411","ASV3375","22E203-159",0,"A22E203.159","22E203-159","22E203.159","24YF710",710,"Parents","Father","F0_24Y_Father",24,106,"B12_deficient","24y","Male","Bacteria","Fusobacteriota","Other"
"1412","ASV3375","22E203-156",0,"A22E203.156","22E203-156","22E203.156","24YF640",640,"Parents","Father","F0_24Y_Father",24,83,"B12_deficient","24y","Male","Bacteria","Fusobacteriota","Other"
"1413","ASV3375","22E203-124",0,"A22E203.124","22E203-124","22E203.124","24YF265",265,"Parents","Father","F0_24Y_Father",24,80,"B12_deficient","24y","Male","Bacteria","Fusobacteriota","Other"
"1414","ASV3375","22E203-153",0,"A22E203.153","22E203-153","22E203.153","24YF624",624,"Parents","Father","F0_24Y_Father",24,326,"B12_sufficient","24y","Male","Bacteria","Fusobacteriota","Other"
"1415","ASV3375","22E203-150",0,"A22E203.150","22E203-150","22E203.150","24YF582",582,"Parents","Father","F0_24Y_Father",24,195,"B12_sufficient","24y","Male","Bacteria","Fusobacteriota","Other"
"1416","ASV3375","22E203-147",0,"A22E203.147","22E203-147","22E203.147","24YF572",572,"Parents","Father","F0_24Y_Father",24,83,"B12_deficient","24y","Male","Bacteria","Fusobacteriota","Other"
"1417","ASV3375","22E203-115",0,"A22E203.115","22E203-115","22E203.115","24YF92",92,"Parents","Father","F0_24Y_Father",24,45,"B12_deficient","24y","Male","Bacteria","Fusobacteriota","Other"
"1419","ASV3375","22E203-173",0,"A22E203.173","22E203-173","22E203.173","24YM196",196,"Parents","Mother","F0_24Y_Mothers",24,198,"B12_sufficient","24y","Female","Bacteria","Fusobacteriota","Other"
"1420","ASV3375","22E203-025",0,"A22E203.025","22E203-025","22E203.025","18CB202",202,"Children","Boys","F1_18Y_placebo_boys",18,188,"B12_sufficient","18y","Male","Bacteria","Fusobacteriota","Other"
"1421","ASV3375","22E203-087",0,"A22E203.087","22E203-087","22E203.087","18CG429",429,"Children","Girls","F1_18Y_placebo_girls",18,203,"B12_sufficient","18y","Female","Bacteria","Fusobacteriota","Other"
"1422","ASV3375","M22E203097",0,"M22E203.097","M22E203097","M22E203097","18CG539",539,"Children","Girls","F1_18Y_child_girl",18,148,"B12_deficient","18y","Female","Bacteria","Fusobacteriota","Other"
"1423","ASV3375","22E203-164",0,"A22E203.164","22E203-164","22E203.164","24YM51",51,"Parents","Mother","F0_24Y_Mothers",24,123,"B12_deficient","24y","Female","Bacteria","Fusobacteriota","Other"
"1424","ASV3375","22E203-161",0,"A22E203.161","22E203-161","22E203.161","24YM36",36,"Parents","Mother","F0_24Y_Mothers",24,185,"B12_sufficient","24y","Female","Bacteria","Fusobacteriota","Other"
"1425","ASV3375","22E203-157",0,"A22E203.157","22E203-157","22E203.157","24YF677",677,"Parents","Father","F0_24Y_Father",24,108,"B12_deficient","24y","Male","Bacteria","Fusobacteriota","Other"
"1426","ASV3375","22E203-125",0,"A22E203.125","22E203-125","22E203.125","24YF292",292,"Parents","Father","F0_24Y_Father",24,148,"B12_deficient","24y","Male","Bacteria","Fusobacteriota","Other"
"1427","ASV3375","22E203-154",0,"A22E203.154","22E203-154","22E203.154","24YF625",625,"Parents","Father","F0_24Y_Father",24,138,"B12_deficient","24y","Male","Bacteria","Fusobacteriota","Other"
"1428","ASV3375","22E203-151",0,"A22E203.151","22E203-151","22E203.151","24YF590",590,"Parents","Father","F0_24Y_Father",24,169,"B12_sufficient","24y","Male","Bacteria","Fusobacteriota","Other"
"1429","ASV3375","22E203-148",0,"A22E203.148","22E203-148","22E203.148","24YF577",577,"Parents","Father","F0_24Y_Father",24,124,"B12_deficient","24y","Male","Bacteria","Fusobacteriota","Other"
"1430","ASV3375","22E203-116",0,"A22E203.116","22E203-116","22E203.116","24YF100",100,"Parents","Father","F0_24Y_Father",24,101.5,"B12_deficient","24y","Male","Bacteria","Fusobacteriota","Other"
"1431","ASV3375","M22E203160",0,"M22E203.160","M22E203160","M22E203160","24YM14",14,"Parents","Mother","F0_24Y_Mothers",24,146,"B12_deficient","24y","Female","Bacteria","Fusobacteriota","Other"
"1432","ASV3375","22E203-174",0,"A22E203.174","22E203-174","22E203.174","24YM201",201,"Parents","Mother","F0_24Y_Mothers",24,330,"B12_sufficient","24y","Female","Bacteria","Fusobacteriota","Other"
"1433","ASV3375","22E203-027",0,"A22E203.027","22E203-027","22E203.027","18CB223",223,"Children","Boys","F1_18Y_placebo_boys",18,199.1,"B12_sufficient","18y","Male","Bacteria","Fusobacteriota","Other"
"1434","ASV3375","22E203-100",0,"A22E203.100","22E203-100","22E203.100","18CG584",584,"Children","Girls","F1_18Y_placebo_girls",18,109,"B12_deficient","18y","Female","Bacteria","Fusobacteriota","Other"
"1435","ASV3375","M22E203098",0,"M22E203.098","M22E203098","M22E203098","18CG558",558,"Children","Girls","F1_18Y_child_girl",18,225,"B12_sufficient","18y","Female","Bacteria","Fusobacteriota","Other"
"1436","ASV3375","22E203-165",0,"A22E203.165","22E203-165","22E203.165","24YM54",54,"Parents","Mother","F0_24Y_Mothers",24,164,"B12_sufficient","24y","Female","Bacteria","Fusobacteriota","Other"
"1438","ASV3375","22E203-158",0,"A22E203.158","22E203-158","22E203.158","24YF708",708,"Parents","Father","F0_24Y_Father",24,496,"B12_sufficient","24y","Male","Bacteria","Fusobacteriota","Other"
"1439","ASV3375","22E203-126",0,"A22E203.126","22E203-126","22E203.126","24YF294",294,"Parents","Father","F0_24Y_Father",24,81,"B12_deficient","24y","Male","Bacteria","Fusobacteriota","Other"
"1440","ASV3375","22E203-155",0,"A22E203.155","22E203-155","22E203.155","24YF638",638,"Parents","Father","F0_24Y_Father",24,135,"B12_deficient","24y","Male","Bacteria","Fusobacteriota","Other"
"1441","ASV3375","22E203-152",0,"A22E203.152","22E203-152","22E203.152","24YF602",602,"Parents","Father","F0_24Y_Father",24,310,"B12_sufficient","24y","Male","Bacteria","Fusobacteriota","Other"
"1442","ASV3375","22E203-149",0,"A22E203.149","22E203-149","22E203.149","24YF578",578,"Parents","Father","F0_24Y_Father",24,255,"B12_sufficient","24y","Male","Bacteria","Fusobacteriota","Other"
"1443","ASV3375","22E203-117",0,"A22E203.117","22E203-117","22E203.117","24YF116",116,"Parents","Father","F0_24Y_Father",24,291,"B12_sufficient","24y","Male","Bacteria","Fusobacteriota","Other"
"1444","ASV3375","M22E203180",0,"M22E203.180","M22E203180","M22E203180","24YM258",258,"Parents","Mother","F0_24Y_Mothers",24,114,"B12_deficient","24y","Female","Bacteria","Fusobacteriota","Other"
"1445","ASV3375","22E203-175",0,"A22E203.175","22E203-175","22E203.175","24YM220",220,"Parents","Mother","F0_24Y_Mothers",24,231,"B12_sufficient","24y","Female","Bacteria","Fusobacteriota","Other"
"1446","ASV3375","22E203-028",0,"A22E203.028","22E203-028","22E203.028","18CB234",234,"Children","Boys","F1_18Y_placebo_boys",18,179,"B12_sufficient","18y","Male","Bacteria","Fusobacteriota","Other"
"1447","ASV3375","M22E203065",0,"M22E203.065","M22E203065","M22E203065","18CG17",17,"Children","Girls","F1_18Y_child_girl",18,86,"B12_deficient","18y","Female","Bacteria","Fusobacteriota","Other"
"1448","ASV3375","22E203-202",0,"A22E203.202","22E203-202","22E203.202","24YM556",556,"Parents","Mother","F0_24Y_Mothers",24,161,"B12_sufficient","24y","Female","Bacteria","Fusobacteriota","Other"
"1449","ASV3375","22E203-199",0,"A22E203.199","22E203-199","22E203.199","24YM510",510,"Parents","Mother","F0_24Y_Mothers",24,132,"B12_deficient","24y","Female","Bacteria","Fusobacteriota","Other"
"1450","ASV3375","22E203-196",0,"A22E203.196","22E203-196","22E203.196","24YM472",472,"Parents","Mother","F0_24Y_Mothers",24,105,"B12_deficient","24y","Female","Bacteria","Fusobacteriota","Other"
"1451","ASV3375","22E203-061",0,"A22E203.061","22E203-061","22E203.061","18CB669",669,"Children","Boys","F1_18Y_placebo_boys",18,NA,NA,"18y","Male","Bacteria","Fusobacteriota","Other"
"1452","ASV3375","M22E203090",0,"M22E203.090","M22E203090","M22E203090","18CG437",437,"Children","Girls","F1_18Y_child_girl",18,162.3,"B12_sufficient","18y","Female","Bacteria","Fusobacteriota","Other"
"1453","ASV3375","22E203-189",0,"A22E203.189","22E203-189","22E203.189","24YM418",418,"Parents","Mother","F0_24Y_Mothers",24,107,"B12_deficient","24y","Female","Bacteria","Fusobacteriota","Other"
"1454","ASV3375","22E203-186",0,"A22E203.186","22E203-186","22E203.186","24YM387",387,"Parents","Mother","F0_24Y_Mothers",24,180,"B12_sufficient","24y","Female","Bacteria","Fusobacteriota","Other"
"1455","ASV3375","22E203-047",0,"A22E203.047","22E203-047","22E203.047","18CB492",492,"Children","Boys","F1_18Y_placebo_boys",18,105,"B12_deficient","18y","Male","Bacteria","Fusobacteriota","Other"
"1456","ASV3375","M22E203077",0,"M22E203.077","M22E203077","M22E203077","18CG236",236,"Children","Girls","F1_18Y_child_girl",18,185,"B12_sufficient","18y","Female","Bacteria","Fusobacteriota","Other"
"1457","ASV3375","22E203-179",0,"A22E203.179","22E203-179","22E203.179","24YM239",239,"Parents","Mother","F0_24Y_Mothers",24,101,"B12_deficient","24y","Female","Bacteria","Fusobacteriota","Other"
"1458","ASV3375","22E203-176",0,"A22E203.176","22E203-176","22E203.176","24YM221",221,"Parents","Mother","F0_24Y_Mothers",24,213,"B12_sufficient","24y","Female","Bacteria","Fusobacteriota","Other"
"1459","ASV3375","22E203-030",0,"A22E203.030","22E203-030","22E203.030","18CB258",258,"Children","Boys","F1_18Y_placebo_boys",18,182,"B12_sufficient","18y","Male","Bacteria","Fusobacteriota","Other"
"1460","ASV3375","M22E203066",0,"M22E203.066","M22E203066","M22E203066","18CG28",28,"Children","Girls","F1_18Y_child_girl",18,115,"B12_deficient","18y","Female","Bacteria","Fusobacteriota","Other"
"1461","ASV3375","22E203-203",0,"A22E203.203","22E203-203","22E203.203","24YM558",558,"Parents","Mother","F0_24Y_Mothers",24,1073,"B12_sufficient","24y","Female","Bacteria","Fusobacteriota","Other"
"1462","ASV3375","22E203-200",0,"A22E203.200","22E203-200","22E203.200","24YM511",511,"Parents","Mother","F0_24Y_Mothers",24,117,"B12_deficient","24y","Female","Bacteria","Fusobacteriota","Other"
"1463","ASV3375","22E203-197",0,"A22E203.197","22E203-197","22E203.197","24YM475",475,"Parents","Mother","F0_24Y_Mothers",24,305,"B12_sufficient","24y","Female","Bacteria","Fusobacteriota","Other"
"1464","ASV3375","22E203-063",0,"A22E203.063","22E203-063","22E203.063","18CB702",702,"Children","Boys","F1_18Y_placebo_boys",18,152.6,"B12_sufficient","18y","Male","Bacteria","Fusobacteriota","Other"
"1465","ASV3375","M22E203091",0,"M22E203.091","M22E203091","M22E203091","18CG438",438,"Children","Girls","F1_18Y_child_girl",18,208.2,"B12_sufficient","18y","Female","Bacteria","Fusobacteriota","Other"
"1466","ASV3375","22E203-190",0,"A22E203.190","22E203-190","22E203.190","24YM427",427,"Parents","Mother","F0_24Y_Mothers",24,178,"B12_sufficient","24y","Female","Bacteria","Fusobacteriota","Other"
"1467","ASV3375","22E203-187",0,"A22E203.187","22E203-187","22E203.187","24YM414",414,"Parents","Mother","F0_24Y_Mothers",24,102,"B12_deficient","24y","Female","Bacteria","Fusobacteriota","Other"
"1468","ASV3375","22E203-048",0,"A22E203.048","22E203-048","22E203.048","18CB503",503,"Children","Boys","F1_18Y_placebo_boys",18,191,"B12_sufficient","18y","Male","Bacteria","Fusobacteriota","Other"
"1469","ASV3375","M22E203078",0,"M22E203.078","M22E203078","M22E203078","18CG283",283,"Children","Girls","F1_18Y_child_girl",18,133.4,"B12_deficient","18y","Female","Bacteria","Fusobacteriota","Other"
"1470","ASV3375","22E203-181",0,"A22E203.181","22E203-181","22E203.181","24YM278",278,"Parents","Mother","F0_24Y_Mothers",24,96,"B12_deficient","24y","Female","Bacteria","Fusobacteriota","Other"
"1471","ASV3375","22E203-177",0,"A22E203.177","22E203-177","22E203.177","24YM233",233,"Parents","Mother","F0_24Y_Mothers",24,494,"B12_sufficient","24y","Female","Bacteria","Fusobacteriota","Other"
"1472","ASV3375","22E203-031",0,"A22E203.031","22E203-031","22E203.031","18CB287",287,"Children","Boys","F1_18Y_placebo_boys",18,296,"B12_sufficient","18y","Male","Bacteria","Fusobacteriota","Other"
"1473","ASV3375","M22E203068",0,"M22E203.068","M22E203068","M22E203068","18CG53",53,"Children","Girls","F1_18Y_child_girl",18,186.4,"B12_sufficient","18y","Female","Bacteria","Fusobacteriota","Other"
"1474","ASV3375","22E203-204",0,"A22E203.204","22E203-204","22E203.204","24YM560",560,"Parents","Mother","F0_24Y_Mothers",24,136,"B12_deficient","24y","Female","Bacteria","Fusobacteriota","Other"
"1475","ASV3375","22E203-201",0,"A22E203.201","22E203-201","22E203.201","24YM541",541,"Parents","Mother","F0_24Y_Mothers",24,240,"B12_sufficient","24y","Female","Bacteria","Fusobacteriota","Other"
"1476","ASV3375","22E203-198",0,"A22E203.198","22E203-198","22E203.198","24YM498",498,"Parents","Mother","F0_24Y_Mothers",24,134,"B12_deficient","24y","Female","Bacteria","Fusobacteriota","Other"
"1478","ASV3375","M22E203092",0,"M22E203.092","M22E203092","M22E203092","18CG460",460,"Children","Girls","F1_18Y_child_girl",18,NA,NA,"18y","Female","Bacteria","Fusobacteriota","Other"
"1479","ASV3375","22E203-191",0,"A22E203.191","22E203-191","22E203.191","24YM429",429,"Parents","Mother","F0_24Y_Mothers",24,138,"B12_deficient","24y","Female","Bacteria","Fusobacteriota","Other"
"1480","ASV3375","22E203-188",0,"A22E203.188","22E203-188","22E203.188","24YM415",415,"Parents","Mother","F0_24Y_Mothers",24,277,"B12_sufficient","24y","Female","Bacteria","Fusobacteriota","Other"
"1481","ASV3375","22E203-049",0,"A22E203.049","22E203-049","22E203.049","18CB517",517,"Children","Boys","F1_18Y_placebo_boys",18,182,"B12_sufficient","18y","Male","Bacteria","Fusobacteriota","Other"
"1482","ASV3375","M22E203079",0,"M22E203.079","M22E203079","M22E203079","18CG288",288,"Children","Girls","F1_18Y_child_girl",18,288,"B12_sufficient","18y","Female","Bacteria","Fusobacteriota","Other"
"1483","ASV3375","22E203-182",0,"A22E203.182","22E203-182","22E203.182","24YM292",292,"Parents","Mother","F0_24Y_Mothers",24,231,"B12_sufficient","24y","Female","Bacteria","Fusobacteriota","Other"
"1484","ASV3375","22E203-178",0,"A22E203.178","22E203-178","22E203.178","24YM237",237,"Parents","Mother","F0_24Y_Mothers",24,189,"B12_sufficient","24y","Female","Bacteria","Fusobacteriota","Other"
"1485","ASV3375","22E203-035",0,"A22E203.035","22E203-035","22E203.035","18CB315",315,"Children","Boys","F1_18Y_placebo_boys",18,195,"B12_sufficient","18y","Male","Bacteria","Fusobacteriota","Other"
"1486","ASV3375","M22E203069",0,"M22E203.069","M22E203069","M22E203069","18CG64",64,"Children","Girls","F1_18Y_child_girl",18,143,"B12_deficient","18y","Female","Bacteria","Fusobacteriota","Other"
"1487","ASV3375","22E203-205",0,"A22E203.205","22E203-205","22E203.205","24YM563",563,"Parents","Mother","F0_24Y_Mothers",24,239,"B12_sufficient","24y","Female","Bacteria","Fusobacteriota","Other"
"1489","ASV3375","M22E203059",0,"M22E203.059","M22E203059","M22E203059","18CB645",645,"Children","Boys","F1_18Y_child_boys",18,173.2,"B12_sufficient","18y","Male","Bacteria","Fusobacteriota","Other"
"1490","ASV3375","M22E203052",0,"M22E203.052","M22E203052","M22E203052","18CB542",542,"Children","Boys","F1_18Y_child_boys",18,246.5,"B12_sufficient","18y","Male","Bacteria","Fusobacteriota","Other"
"1491","ASV3375","M22E203082",0,"M22E203.082","M22E203082","M22E203082","18CG341",341,"Children","Girls","F1_18Y_child_girl",18,116.6,"B12_deficient","18y","Female","Bacteria","Fusobacteriota","Other"
"1492","ASV3375","22E203-183",0,"A22E203.183","22E203-183","22E203.183","24YM294",294,"Parents","Mother","F0_24Y_Mothers",24,128,"B12_deficient","24y","Female","Bacteria","Fusobacteriota","Other"
"1493","ASV3375","22E203-057",0,"A22E203.057","22E203-057","22E203.057","18CB629",629,"Children","Boys","F1_18Y_placebo_boys",18,96,"B12_deficient","18y","Male","Bacteria","Fusobacteriota","Other"
"1494","ASV3375","22E203-050",0,"A22E203.050","22E203-050","22E203.050","18CB534",534,"Children","Boys","F1_18Y_placebo_boys",18,338,"B12_sufficient","18y","Male","Bacteria","Fusobacteriota","Other"
"1495","ASV3375","M22E203070",0,"M22E203.070","M22E203070","M22E203070","18CG84",84,"Children","Girls","F1_18Y_child_girl",18,282,"B12_sufficient","18y","Female","Bacteria","Fusobacteriota","Other"
"1496","ASV3375","22E203-206",0,"A22E203.206","22E203-206","22E203.206","24YM638",638,"Parents","Mother","F0_24Y_Mothers",24,146,"B12_deficient","24y","Female","Bacteria","Fusobacteriota","Other"
"1497","ASV3375","22E203-041",0,"A22E203.041","22E203-041","22E203.041","18CB416",416,"Children","Boys","F1_18Y_placebo_boys",18,135,"B12_deficient","18y","Male","Bacteria","Fusobacteriota","Other"
"1498","ASV3375","22E203-037",0,"A22E203.037","22E203-037","22E203.037","18CB371",371,"Children","Boys","F1_18Y_placebo_boys",18,188,"B12_sufficient","18y","Male","Bacteria","Fusobacteriota","Other"
"1499","ASV3375","M22E203055",0,"M22E203.055","M22E203055","M22E203055","18CB595",595,"Children","Boys","F1_18Y_child_boys",18,233,"B12_sufficient","18y","Male","Bacteria","Fusobacteriota","Other"
"1500","ASV3375","M22E203083",0,"M22E203.083","M22E203083","M22E203083","18CG346",346,"Children","Girls","F1_18Y_child_girl",18,140,"B12_deficient","18y","Female","Bacteria","Fusobacteriota","Other"
"1501","ASV3375","22E203-194",0,"A22E203.194","22E203-194","22E203.194","24YM452",452,"Parents","Mother","F0_24Y_Mothers",24,174,"B12_sufficient","24y","Female","Bacteria","Fusobacteriota","Other"
"1502","ASV3375","M22E203062",0,"M22E203.062","M22E203062","M22E203062","18CB695",695,"Children","Boys","F1_18Y_child_boys",18,122,"B12_deficient","18y","Male","Bacteria","Fusobacteriota","Other"
"1503","ASV3375","22E203-053",0,"A22E203.053","22E203-053","22E203.053","18CB544",544,"Children","Boys","F1_18Y_placebo_boys",18,94,"B12_deficient","18y","Male","Bacteria","Fusobacteriota","Other"
"1504","ASV3375","M22E203071",0,"M22E203.071","M22E203071","M22E203071","18CG163",163,"Children","Girls","F1_18Y_child_girl",18,194,"B12_sufficient","18y","Female","Bacteria","Fusobacteriota","Other"
"1505","ASV3375","22E203-184",0,"A22E203.184","22E203-184","22E203.184","24YM316",316,"Parents","Mother","F0_24Y_Mothers",24,161,"B12_sufficient","24y","Female","Bacteria","Fusobacteriota","Other"
"1506","ASV3375","22E203-058",0,"A22E203.058","22E203-058","22E203.058","18CB644",644,"Children","Boys","F1_18Y_placebo_boys",18,60.2,"B12_deficient","18y","Male","Bacteria","Fusobacteriota","Other"
"1507","ASV3375","22E203-038",0,"A22E203.038","22E203-038","22E203.038","18CB375",375,"Children","Boys","F1_18Y_placebo_boys",18,149.5,"B12_deficient","18y","Male","Bacteria","Fusobacteriota","Other"
"1508","ASV3375","M22E203056",0,"M22E203.056","M22E203056","M22E203056","18CB604",604,"Children","Boys","F1_18Y_child_boys",18,101,"B12_deficient","18y","Male","Bacteria","Fusobacteriota","Other"
"1509","ASV3375","22E203-207",0,"A22E203.207","22E203-207","22E203.207","24YM655",655,"Parents","Mother","F0_24Y_Mothers",24,128,"B12_deficient","24y","Female","Bacteria","Fusobacteriota","Other"
"1510","ASV3375","22E203-043",0,"A22E203.043","22E203-043","22E203.043","18CB433",433,"Children","Boys","F1_18Y_placebo_boys",18,75,"B12_deficient","18y","Male","Bacteria","Fusobacteriota","Other"
"1511","ASV3375","M22E203064",0,"M22E203.064","M22E203064","M22E203064","18CG5",5,"Children","Girls","F1_18Y_child_girl",18,172.6,"B12_sufficient","18y","Female","Bacteria","Fusobacteriota","Other"
"1512","ASV3375","22E203-054",0,"A22E203.054","22E203-054","22E203.054","18CB579",579,"Children","Boys","F1_18Y_placebo_boys",18,103,"B12_deficient","18y","Male","Bacteria","Fusobacteriota","Other"
"1513","ASV3375","M22E203085",0,"M22E203.085","M22E203085","M22E203085","18CG401",401,"Children","Girls","F1_18Y_child_girl",18,263,"B12_sufficient","18y","Female","Bacteria","Fusobacteriota","Other"
"1514","ASV3375","22E203-195",0,"A22E203.195","22E203-195","22E203.195","24YM465",465,"Parents","Mother","F0_24Y_Mothers",24,258,"B12_sufficient","24y","Female","Bacteria","Fusobacteriota","Other"
"1515","ASV3375","22E203-060",0,"A22E203.060","22E203-060","22E203.060","18CB651",651,"Children","Boys","F1_18Y_placebo_boys",18,141,"B12_deficient","18y","Male","Bacteria","Fusobacteriota","Other"
"1516","ASV3375","22E203-040",0,"A22E203.040","22E203-040","22E203.040","18CB400",400,"Children","Boys","F1_18Y_placebo_boys",18,244,"B12_sufficient","18y","Male","Bacteria","Fusobacteriota","Other"
"1517","ASV3375","M22E203072",0,"M22E203.072","M22E203072","M22E203072","18CG198",198,"Children","Girls","F1_18Y_child_girl",18,284.1,"B12_sufficient","18y","Female","Bacteria","Fusobacteriota","Other"
"1518","ASV3375","22E203-185",0,"A22E203.185","22E203-185","22E203.185","24YM342",342,"Parents","Mother","F0_24Y_Mothers",24,121,"B12_deficient","24y","Female","Bacteria","Fusobacteriota","Other"
"1519","ASV3375","22E203-046",0,"A22E203.046","22E203-046","22E203.046","18CB477",477,"Children","Boys","F1_18Y_placebo_boys",18,152.8,"B12_sufficient","18y","Male","Bacteria","Fusobacteriota","Other"
"1520","ASV3375","M22E203044",0,"M22E203.044","M22E203044","M22E203044","18CB447",447,"Children","Boys","F1_18Y_child_boys",18,145.5,"B12_deficient","18y","Male","Bacteria","Fusobacteriota","Other"
"1521","ASV3375","M22E203045",0,"M22E203.045","M22E203045","M22E203045","18CB474",474,"Children","Boys","F1_18Y_child_boys",18,133,"B12_deficient","18y","Male","Bacteria","Fusobacteriota","Other"
"1522","ASV3375","22E203-208",0,"A22E203.208","22E203-208","22E203.208","24YM667",667,"Parents","Mother","F0_24Y_Mothers",24,98,"B12_deficient","24y","Female","Bacteria","Fusobacteriota","Other"
"1523","ASV3375","M22E203032",0,"M22E203.032","M22E203032","M22E203032","18CB304",304,"Children","Boys","F1_18Y_child_boys",18,216,"B12_sufficient","18y","Male","Bacteria","Fusobacteriota","Other"
"1524","ASV3375","M22E203023",0,"M22E203.023","M22E203023","M22E203023","18CB183",183,"Children","Boys","F1_18Y_child_boys",18,117,"B12_deficient","18y","Male","Bacteria","Fusobacteriota","Other"
"1525","ASV3375","M22E203026",0,"M22E203.026","M22E203026","M22E203026","18CB218",218,"Children","Boys","F1_18Y_child_boys",18,86,"B12_deficient","18y","Male","Bacteria","Fusobacteriota","Other"
"1526","ASV3375","M22E203086",0,"M22E203.086","M22E203086","M22E203086","18CG414",414,"Children","Girls","F1_18Y_child_girl",18,134,"B12_deficient","18y","Female","Bacteria","Fusobacteriota","Other"
"1527","ASV3375","22E203-209",0,"A22E203.209","22E203-209","22E203.209","24YM708",708,"Parents","Mother","F0_24Y_Mothers",24,83,"B12_deficient","24y","Female","Bacteria","Fusobacteriota","Other"
"1528","ASV3375","M22E203033",0,"M22E203.033","M22E203033","M22E203033","18CB307",307,"Children","Boys","F1_18Y_child_boys",18,117,"B12_deficient","18y","Male","Bacteria","Fusobacteriota","Other"
"1529","ASV3375","M22E203034",0,"M22E203.034","M22E203034","M22E203034","18CB312",312,"Children","Boys","F1_18Y_child_boys",18,380.5,"B12_sufficient","18y","Male","Bacteria","Fusobacteriota","Other"
"1530","ASV3375","M22E203073",0,"M22E203.073","M22E203073","M22E203073","18CG199",199,"Children","Girls","F1_18Y_child_girl",18,106,"B12_deficient","18y","Female","Bacteria","Fusobacteriota","Other"
"1531","ASV3375","M22E203088",0,"M22E203.088","M22E203088","M22E203088","18CG434",434,"Children","Girls","F1_18Y_child_girl",18,197,"B12_sufficient","18y","Female","Bacteria","Fusobacteriota","Other"
"1532","ASV3375","M22E203014",0,"M22E203.014","M22E203014","M22E203014","18CB22",22,"Children","Boys","F1_18Y_child_boys",18,146,"B12_deficient","18y","Male","Bacteria","Fusobacteriota","Other"
"1533","ASV3375","M22E203015",0,"M22E203.015","M22E203015","M22E203015","18CB24",24,"Children","Boys","F1_18Y_child_boys",18,114,"B12_deficient","18y","Male","Bacteria","Fusobacteriota","Other"
"1534","ASV3375","M22E203051",0,"M22E203.051","M22E203051","M22E203051","18CB540",540,"Children","Boys","F1_18Y_child_boys",18,136,"B12_deficient","18y","Male","Bacteria","Fusobacteriota","Other"
"1535","ASV3375","M22E203074",0,"M22E203.074","M22E203074","M22E203074","18CG207",207,"Children","Girls","F1_18Y_child_girl",18,123.1,"B12_deficient","18y","Female","Bacteria","Fusobacteriota","Other"
"1536","ASV3375","M22E203089",0,"M22E203.089","M22E203089","M22E203089","18CG436",436,"Children","Girls","F1_18Y_child_girl",18,131,"B12_deficient","18y","Female","Bacteria","Fusobacteriota","Other"
"1537","ASV3375","M22E203029",0,"M22E203.029","M22E203029","M22E203029","18CB246",246,"Children","Boys","F1_18Y_child_boys",18,94,"B12_deficient","18y","Male","Bacteria","Fusobacteriota","Other"
"1538","ASV3375","M22E203039",0,"M22E203.039","M22E203039","M22E203039","18CB391",391,"Children","Boys","F1_18Y_child_boys",18,119.3,"B12_deficient","18y","Male","Bacteria","Fusobacteriota","Other"
"1540","ASV3375","M22E203036",0,"M22E203.036","M22E203036","M22E203036","18CB340",340,"Children","Boys","F1_18Y_child_boys",18,250,"B12_sufficient","18y","Male","Bacteria","Fusobacteriota","Other"
"1541","ASV3375","M22E203020",0,"M22E203.020","M22E203020","M22E203020","18CB97",97,"Children","Boys","F1_18Y_child_boys",18,157.7,"B12_sufficient","18y","Male","Bacteria","Fusobacteriota","Other"
"1542","ASV3375","M22E203042",0,"M22E203.042","M22E203042","M22E203042","18CB426",426,"Children","Boys","F1_18Y_child_boys",18,130.2,"B12_deficient","18y","Male","Bacteria","Fusobacteriota","Other"
"1544","ASV3375","M22E203022",0,"M22E203.022","M22E203022","M22E203022","18CB152",152,"Children","Boys","F1_18Y_child_boys",18,118.1,"B12_deficient","18y","Male","Bacteria","Fusobacteriota","Other"
"1545","ASV426","22E203-134",0,"A22E203.134","22E203-134","22E203.134","24YF437",437,"Parents","Father","F0_24Y_Father",24,219,"B12_sufficient","24y","Male","Bacteria","Patescibacteria","Other"
"1546","ASV426","22E203-130",0,"A22E203.130","22E203-130","22E203.130","24YF369",369,"Parents","Father","F0_24Y_Father",24,34,"B12_deficient","24y","Male","Bacteria","Patescibacteria","Other"
"1547","ASV426","22E203-131",0,"A22E203.131","22E203-131","22E203.131","24YF383",383,"Parents","Father","F0_24Y_Father",24,154,"B12_sufficient","24y","Male","Bacteria","Patescibacteria","Other"
"1548","ASV426","22E203-133",0,"A22E203.133","22E203-133","22E203.133","24YF429",429,"Parents","Father","F0_24Y_Father",24,329,"B12_sufficient","24y","Male","Bacteria","Patescibacteria","Other"
"1549","ASV426","22E203-166",0,"A22E203.166","22E203-166","22E203.166","24YM70",70,"Parents","Mother","F0_24Y_Mothers",24,519,"B12_sufficient","24y","Female","Bacteria","Patescibacteria","Other"
"1550","ASV426","22E203-135",0,"A22E203.135","22E203-135","22E203.135","24YF438",438,"Parents","Father","F0_24Y_Father",24,312,"B12_sufficient","24y","Male","Bacteria","Patescibacteria","Other"
"1551","ASV426","22E203-136",0,"A22E203.136","22E203-136","22E203.136","24YF441",441,"Parents","Father","F0_24Y_Father",24,340,"B12_sufficient","24y","Male","Bacteria","Patescibacteria","Other"
"1552","ASV426","22E203-137",0,"A22E203.137","22E203-137","22E203.137","24YF454",454,"Parents","Father","F0_24Y_Father",24,124,"B12_deficient","24y","Male","Bacteria","Patescibacteria","Other"
"1553","ASV426","22E203-156",0,"A22E203.156","22E203-156","22E203.156","24YF640",640,"Parents","Father","F0_24Y_Father",24,83,"B12_deficient","24y","Male","Bacteria","Patescibacteria","Other"
"1554","ASV426","22E203-163",0,"A22E203.163","22E203-163","22E203.163","24YM40",40,"Parents","Mother","F0_24Y_Mothers",24,466,"B12_sufficient","24y","Female","Bacteria","Patescibacteria","Other"
"1555","ASV426","22E203-159",0,"A22E203.159","22E203-159","22E203.159","24YF710",710,"Parents","Father","F0_24Y_Father",24,106,"B12_deficient","24y","Male","Bacteria","Patescibacteria","Other"
"1556","ASV426","22E203-127",0,"A22E203.127","22E203-127","22E203.127","24YF299",299,"Parents","Father","F0_24Y_Father",24,166,"B12_sufficient","24y","Male","Bacteria","Patescibacteria","Other"
"1557","ASV426","22E203-138",0,"A22E203.138","22E203-138","22E203.138","24YF465",465,"Parents","Father","F0_24Y_Father",24,184,"B12_sufficient","24y","Male","Bacteria","Patescibacteria","Other"
"1558","ASV426","22E203-167",0,"A22E203.167","22E203-167","22E203.167","24YM76",76,"Parents","Mother","F0_24Y_Mothers",24,NA,NA,"24y","Female","Bacteria","Patescibacteria","Other"
"1559","ASV426","22E203-164",0,"A22E203.164","22E203-164","22E203.164","24YM51",51,"Parents","Mother","F0_24Y_Mothers",24,123,"B12_deficient","24y","Female","Bacteria","Patescibacteria","Other"
"1560","ASV426","22E203-161",0,"A22E203.161","22E203-161","22E203.161","24YM36",36,"Parents","Mother","F0_24Y_Mothers",24,185,"B12_sufficient","24y","Female","Bacteria","Patescibacteria","Other"
"1561","ASV426","22E203-128",0,"A22E203.128","22E203-128","22E203.128","24YF348",348,"Parents","Father","F0_24Y_Father",24,164,"B12_sufficient","24y","Male","Bacteria","Patescibacteria","Other"
"1562","ASV426","22E203-157",0,"A22E203.157","22E203-157","22E203.157","24YF677",677,"Parents","Father","F0_24Y_Father",24,108,"B12_deficient","24y","Male","Bacteria","Patescibacteria","Other"
"1563","ASV426","22E203-168",0,"A22E203.168","22E203-168","22E203.168","24YM100",100,"Parents","Mother","F0_24Y_Mothers",24,173,"B12_sufficient","24y","Female","Bacteria","Patescibacteria","Other"
"1564","ASV426","22E203-165",0,"A22E203.165","22E203-165","22E203.165","24YM54",54,"Parents","Mother","F0_24Y_Mothers",24,164,"B12_sufficient","24y","Female","Bacteria","Patescibacteria","Other"
"1565","ASV426","22E203-162",0,"A22E203.162","22E203-162","22E203.162","24YM38",38,"Parents","Mother","F0_24Y_Mothers",24,753,"B12_sufficient","24y","Female","Bacteria","Patescibacteria","Other"
"1566","ASV426","22E203-139",0,"A22E203.139","22E203-139","22E203.139","24YF468",468,"Parents","Father","F0_24Y_Father",24,144.7,"B12_deficient","24y","Male","Bacteria","Patescibacteria","Other"
"1567","ASV426","22E203-158",0,"A22E203.158","22E203-158","22E203.158","24YF708",708,"Parents","Father","F0_24Y_Father",24,496,"B12_sufficient","24y","Male","Bacteria","Patescibacteria","Other"
"1568","ASV426","22E203-169",0,"A22E203.169","22E203-169","22E203.169","24YM123",123,"Parents","Mother","F0_24Y_Mothers",24,288,"B12_sufficient","24y","Female","Bacteria","Patescibacteria","Other"
"1569","ASV426","22E203-017",0,"A22E203.017","22E203-017","22E203.017","18CB43",43,"Children","Boys","F1_18Y_placebo_boys",18,309,"B12_sufficient","18y","Male","Bacteria","Patescibacteria","Other"
"1570","ASV426","22E203-129",0,"A22E203.129","22E203-129","22E203.129","24YF351",351,"Parents","Father","F0_24Y_Father",24,139,"B12_deficient","24y","Male","Bacteria","Patescibacteria","Other"
"1571","ASV426","22E203-140",0,"A22E203.140","22E203-140","22E203.140","24YF472",472,"Parents","Father","F0_24Y_Father",24,116,"B12_deficient","24y","Male","Bacteria","Patescibacteria","Other"
"1572","ASV426","22E203-192",0,"A22E203.192","22E203-192","22E203.192","24YM444",444,"Parents","Mother","F0_24Y_Mothers",24,435,"B12_sufficient","24y","Female","Bacteria","Patescibacteria","Other"
"1573","ASV426","22E203-189",0,"A22E203.189","22E203-189","22E203.189","24YM418",418,"Parents","Mother","F0_24Y_Mothers",24,107,"B12_deficient","24y","Female","Bacteria","Patescibacteria","Other"
"1574","ASV426","22E203-075",0,"A22E203.075","22E203-075","22E203.075","18CG219",219,"Children","Girls","F1_18Y_placebo_girls",18,146.5,"B12_deficient","18y","Female","Bacteria","Patescibacteria","Other"
"1575","ASV426","M22E203093",0,"M22E203.093","M22E203093","M22E203093","18CG482",482,"Children","Girls","F1_18Y_child_girl",18,183,"B12_sufficient","18y","Female","Bacteria","Patescibacteria","Other"
"1576","ASV426","22E203-141",0,"A22E203.141","22E203-141","22E203.141","24YF490",490,"Parents","Father","F0_24Y_Father",24,144,"B12_deficient","24y","Male","Bacteria","Patescibacteria","Other"
"1577","ASV426","22E203-170",0,"A22E203.170","22E203-170","22E203.170","24YM171",171,"Parents","Mother","F0_24Y_Mothers",24,100,"B12_deficient","24y","Female","Bacteria","Patescibacteria","Other"
"1578","ASV426","22E203-050",0,"A22E203.050","22E203-050","22E203.050","18CB534",534,"Children","Boys","F1_18Y_placebo_boys",18,338,"B12_sufficient","18y","Male","Bacteria","Patescibacteria","Other"
"1579","ASV426","22E203-121",0,"A22E203.121","22E203-121","22E203.121","24YF198",198,"Parents","Father","F0_24Y_Father",24,220,"B12_sufficient","24y","Male","Bacteria","Patescibacteria","Other"
"1580","ASV426","M22E203094",0,"M22E203.094","M22E203094","M22E203094","18CG490",490,"Children","Girls","F1_18Y_child_girl",18,208,"B12_sufficient","18y","Female","Bacteria","Patescibacteria","Other"
"1583","ASV426","22E203-080",0,"A22E203.080","22E203-080","22E203.080","18CG294",294,"Children","Girls","F1_18Y_placebo_girls",18,213.3,"B12_sufficient","18y","Female","Bacteria","Patescibacteria","Other"
"1584","ASV426","22E203-122",0,"A22E203.122","22E203-122","22E203.122","24YF203",203,"Parents","Father","F0_24Y_Father",24,77,"B12_deficient","24y","Male","Bacteria","Patescibacteria","Other"
"1585","ASV426","22E203-142",0,"A22E203.142","22E203-142","22E203.142","24YF502",502,"Parents","Father","F0_24Y_Father",24,76,"B12_deficient","24y","Male","Bacteria","Patescibacteria","Other"
"1586","ASV426","22E203-190",0,"A22E203.190","22E203-190","22E203.190","24YM427",427,"Parents","Mother","F0_24Y_Mothers",24,178,"B12_sufficient","24y","Female","Bacteria","Patescibacteria","Other"
"1587","ASV426","22E203-053",0,"A22E203.053","22E203-053","22E203.053","18CB544",544,"Children","Boys","F1_18Y_placebo_boys",18,94,"B12_deficient","18y","Male","Bacteria","Patescibacteria","Other"
"1588","ASV426","22E203-081",0,"A22E203.081","22E203-081","22E203.081","18CG314",314,"Children","Girls","F1_18Y_placebo_girls",18,175,"B12_sufficient","18y","Female","Bacteria","Patescibacteria","Other"
"1589","ASV426","M22E203095",0,"M22E203.095","M22E203095","M22E203095","18CG512",512,"Children","Girls","F1_18Y_child_girl",18,98,"B12_deficient","18y","Female","Bacteria","Patescibacteria","Other"
"1590","ASV426","22E203-171",0,"A22E203.171","22E203-171","22E203.171","24YM180",180,"Parents","Mother","F0_24Y_Mothers",24,227,"B12_sufficient","24y","Female","Bacteria","Patescibacteria","Other"
"1591","ASV426","22E203-021",0,"A22E203.021","22E203-021","22E203.021","18CB150",150,"Children","Boys","F1_18Y_placebo_boys",18,195,"B12_sufficient","18y","Male","Bacteria","Patescibacteria","Other"
"1593","ASV426","22E203-123",0,"A22E203.123","22E203-123","22E203.123","24YF244",244,"Parents","Father","F0_24Y_Father",24,259,"B12_sufficient","24y","Male","Bacteria","Patescibacteria","Other"
"1594","ASV426","22E203-195",0,"A22E203.195","22E203-195","22E203.195","24YM465",465,"Parents","Mother","F0_24Y_Mothers",24,258,"B12_sufficient","24y","Female","Bacteria","Patescibacteria","Other"
"1595","ASV426","22E203-191",0,"A22E203.191","22E203-191","22E203.191","24YM429",429,"Parents","Mother","F0_24Y_Mothers",24,138,"B12_deficient","24y","Female","Bacteria","Patescibacteria","Other"
"1596","ASV426","22E203-024",0,"A22E203.024","22E203-024","22E203.024","18CB200",200,"Children","Boys","F1_18Y_placebo_boys",18,144,"B12_deficient","18y","Male","Bacteria","Patescibacteria","Other"
"1598","ASV426","22E203-143",0,"A22E203.143","22E203-143","22E203.143","24YF503",503,"Parents","Father","F0_24Y_Father",24,104,"B12_deficient","24y","Male","Bacteria","Patescibacteria","Other"
"1599","ASV426","22E203-172",0,"A22E203.172","22E203-172","22E203.172","24YM185",185,"Parents","Mother","F0_24Y_Mothers",24,118,"B12_deficient","24y","Female","Bacteria","Patescibacteria","Other"
"1600","ASV426","22E203-061",0,"A22E203.061","22E203-061","22E203.061","18CB669",669,"Children","Boys","F1_18Y_placebo_boys",18,NA,NA,"18y","Male","Bacteria","Patescibacteria","Other"
"1601","ASV426","22E203-057",0,"A22E203.057","22E203-057","22E203.057","18CB629",629,"Children","Boys","F1_18Y_placebo_boys",18,96,"B12_deficient","18y","Male","Bacteria","Patescibacteria","Other"
"1602","ASV426","M22E203096",0,"M22E203.096","M22E203096","M22E203096","18CG514",514,"Children","Girls","F1_18Y_child_girl",18,161.9,"B12_sufficient","18y","Female","Bacteria","Patescibacteria","Other"
"1603","ASV426","22E203-196",0,"A22E203.196","22E203-196","22E203.196","24YM472",472,"Parents","Mother","F0_24Y_Mothers",24,105,"B12_deficient","24y","Female","Bacteria","Patescibacteria","Other"
"1604","ASV426","22E203-150",0,"A22E203.150","22E203-150","22E203.150","24YF582",582,"Parents","Father","F0_24Y_Father",24,195,"B12_sufficient","24y","Male","Bacteria","Patescibacteria","Other"
"1605","ASV426","22E203-025",0,"A22E203.025","22E203-025","22E203.025","18CB202",202,"Children","Boys","F1_18Y_placebo_boys",18,188,"B12_sufficient","18y","Male","Bacteria","Patescibacteria","Other"
"1606","ASV426","22E203-124",0,"A22E203.124","22E203-124","22E203.124","24YF265",265,"Parents","Father","F0_24Y_Father",24,80,"B12_deficient","24y","Male","Bacteria","Patescibacteria","Other"
"1607","ASV426","22E203-153",0,"A22E203.153","22E203-153","22E203.153","24YF624",624,"Parents","Father","F0_24Y_Father",24,326,"B12_sufficient","24y","Male","Bacteria","Patescibacteria","Other"
"1608","ASV426","22E203-173",0,"A22E203.173","22E203-173","22E203.173","24YM196",196,"Parents","Mother","F0_24Y_Mothers",24,198,"B12_sufficient","24y","Female","Bacteria","Patescibacteria","Other"
"1610","ASV426","22E203-087",0,"A22E203.087","22E203-087","22E203.087","18CG429",429,"Children","Girls","F1_18Y_placebo_girls",18,203,"B12_sufficient","18y","Female","Bacteria","Patescibacteria","Other"
"1611","ASV426","22E203-144",0,"A22E203.144","22E203-144","22E203.144","24YF528",528,"Parents","Father","F0_24Y_Father",24,159,"B12_sufficient","24y","Male","Bacteria","Patescibacteria","Other"
"1612","ASV426","22E203-197",0,"A22E203.197","22E203-197","22E203.197","24YM475",475,"Parents","Mother","F0_24Y_Mothers",24,305,"B12_sufficient","24y","Female","Bacteria","Patescibacteria","Other"
"1613","ASV426","22E203-151",0,"A22E203.151","22E203-151","22E203.151","24YF590",590,"Parents","Father","F0_24Y_Father",24,169,"B12_sufficient","24y","Male","Bacteria","Patescibacteria","Other"
"1614","ASV426","22E203-058",0,"A22E203.058","22E203-058","22E203.058","18CB644",644,"Children","Boys","F1_18Y_placebo_boys",18,60.2,"B12_deficient","18y","Male","Bacteria","Patescibacteria","Other"
"1615","ASV426","M22E203097",0,"M22E203.097","M22E203097","M22E203097","18CG539",539,"Children","Girls","F1_18Y_child_girl",18,148,"B12_deficient","18y","Female","Bacteria","Patescibacteria","Other"
"1616","ASV426","22E203-154",0,"A22E203.154","22E203-154","22E203.154","24YF625",625,"Parents","Father","F0_24Y_Father",24,138,"B12_deficient","24y","Male","Bacteria","Patescibacteria","Other"
"1617","ASV426","22E203-174",0,"A22E203.174","22E203-174","22E203.174","24YM201",201,"Parents","Mother","F0_24Y_Mothers",24,330,"B12_sufficient","24y","Female","Bacteria","Patescibacteria","Other"
"1618","ASV426","22E203-027",0,"A22E203.027","22E203-027","22E203.027","18CB223",223,"Children","Boys","F1_18Y_placebo_boys",18,199.1,"B12_sufficient","18y","Male","Bacteria","Patescibacteria","Other"
"1619","ASV426","22E203-125",0,"A22E203.125","22E203-125","22E203.125","24YF292",292,"Parents","Father","F0_24Y_Father",24,148,"B12_deficient","24y","Male","Bacteria","Patescibacteria","Other"
"1620","ASV426","22E203-145",0,"A22E203.145","22E203-145","22E203.145","24YF547",547,"Parents","Father","F0_24Y_Father",24,123,"B12_deficient","24y","Male","Bacteria","Patescibacteria","Other"
"1621","ASV426","22E203-198",0,"A22E203.198","22E203-198","22E203.198","24YM498",498,"Parents","Mother","F0_24Y_Mothers",24,134,"B12_deficient","24y","Female","Bacteria","Patescibacteria","Other"
"1622","ASV426","22E203-067",0,"A22E203.067","22E203-067","22E203.067","18CG35",35,"Children","Girls","F1_18Y_placebo_girls",18,143.9,"B12_deficient","18y","Female","Bacteria","Patescibacteria","Other"
"1623","ASV426","22E203-100",0,"A22E203.100","22E203-100","22E203.100","18CG584",584,"Children","Girls","F1_18Y_placebo_girls",18,109,"B12_deficient","18y","Female","Bacteria","Patescibacteria","Other"
"1624","ASV426","M22E203098",0,"M22E203.098","M22E203098","M22E203098","18CG558",558,"Children","Girls","F1_18Y_child_girl",18,225,"B12_sufficient","18y","Female","Bacteria","Patescibacteria","Other"
"1625","ASV426","22E203-155",0,"A22E203.155","22E203-155","22E203.155","24YF638",638,"Parents","Father","F0_24Y_Father",24,135,"B12_deficient","24y","Male","Bacteria","Patescibacteria","Other"
"1626","ASV426","22E203-152",0,"A22E203.152","22E203-152","22E203.152","24YF602",602,"Parents","Father","F0_24Y_Father",24,310,"B12_sufficient","24y","Male","Bacteria","Patescibacteria","Other"
"1627","ASV426","22E203-060",0,"A22E203.060","22E203-060","22E203.060","18CB651",651,"Children","Boys","F1_18Y_placebo_boys",18,141,"B12_deficient","18y","Male","Bacteria","Patescibacteria","Other"
"1628","ASV426","22E203-126",0,"A22E203.126","22E203-126","22E203.126","24YF294",294,"Parents","Father","F0_24Y_Father",24,81,"B12_deficient","24y","Male","Bacteria","Patescibacteria","Other"
"1629","ASV426","22E203-146",0,"A22E203.146","22E203-146","22E203.146","24YF563",563,"Parents","Father","F0_24Y_Father",24,185,"B12_sufficient","24y","Male","Bacteria","Patescibacteria","Other"
"1630","ASV426","22E203-175",0,"A22E203.175","22E203-175","22E203.175","24YM220",220,"Parents","Mother","F0_24Y_Mothers",24,231,"B12_sufficient","24y","Female","Bacteria","Patescibacteria","Other"
"1631","ASV426","22E203-028",0,"A22E203.028","22E203-028","22E203.028","18CB234",234,"Children","Boys","F1_18Y_placebo_boys",18,179,"B12_sufficient","18y","Male","Bacteria","Patescibacteria","Other"
"1633","ASV426","M22E203099",0,"M22E203.099","M22E203099","M22E203099","18CG565",565,"Children","Girls","F1_18Y_child_girl",18,86,"B12_deficient","18y","Female","Bacteria","Patescibacteria","Other"
"1634","ASV426","22E203-199",0,"A22E203.199","22E203-199","22E203.199","24YM510",510,"Parents","Mother","F0_24Y_Mothers",24,132,"B12_deficient","24y","Female","Bacteria","Patescibacteria","Other"
"1635","ASV426","M22E203052",0,"M22E203.052","M22E203052","M22E203052","18CB542",542,"Children","Boys","F1_18Y_child_boys",18,246.5,"B12_sufficient","18y","Male","Bacteria","Patescibacteria","Other"
"1637","ASV426","M22E203090",0,"M22E203.090","M22E203090","M22E203090","18CG437",437,"Children","Girls","F1_18Y_child_girl",18,162.3,"B12_sufficient","18y","Female","Bacteria","Patescibacteria","Other"
"1638","ASV426","M22E203036",0,"M22E203.036","M22E203036","M22E203036","18CB340",340,"Children","Boys","F1_18Y_child_boys",18,250,"B12_sufficient","18y","Male","Bacteria","Patescibacteria","Other"
"1639","ASV426","22E203-186",0,"A22E203.186","22E203-186","22E203.186","24YM387",387,"Parents","Mother","F0_24Y_Mothers",24,180,"B12_sufficient","24y","Female","Bacteria","Patescibacteria","Other"
"1640","ASV426","22E203-030",0,"A22E203.030","22E203-030","22E203.030","18CB258",258,"Children","Boys","F1_18Y_placebo_boys",18,182,"B12_sufficient","18y","Male","Bacteria","Patescibacteria","Other"
"1641","ASV426","22E203-118",0,"A22E203.118","22E203-118","22E203.118","24YF179",179,"Parents","Father","F0_24Y_Father",24,122,"B12_deficient","24y","Male","Bacteria","Patescibacteria","Other"
"1642","ASV426","22E203-147",0,"A22E203.147","22E203-147","22E203.147","24YF572",572,"Parents","Father","F0_24Y_Father",24,83,"B12_deficient","24y","Male","Bacteria","Patescibacteria","Other"
"1643","ASV426","22E203-176",0,"A22E203.176","22E203-176","22E203.176","24YM221",221,"Parents","Mother","F0_24Y_Mothers",24,213,"B12_sufficient","24y","Female","Bacteria","Patescibacteria","Other"
"1644","ASV426","M22E203055",0,"M22E203.055","M22E203055","M22E203055","18CB595",595,"Children","Boys","F1_18Y_child_boys",18,233,"B12_sufficient","18y","Male","Bacteria","Patescibacteria","Other"
"1646","ASV426","M22E203102",0,"M22E203.102","M22E203102","M22E203102","18CG601",601,"Children","Girls","F1_18Y_child_girl",18,168,"B12_sufficient","18y","Female","Bacteria","Patescibacteria","Other"
"1647","ASV426","22E203-200",0,"A22E203.200","22E203-200","22E203.200","24YM511",511,"Parents","Mother","F0_24Y_Mothers",24,117,"B12_deficient","24y","Female","Bacteria","Patescibacteria","Other"
"1648","ASV426","22E203-187",0,"A22E203.187","22E203-187","22E203.187","24YM414",414,"Parents","Mother","F0_24Y_Mothers",24,102,"B12_deficient","24y","Female","Bacteria","Patescibacteria","Other"
"1649","ASV426","22E203-048",0,"A22E203.048","22E203-048","22E203.048","18CB503",503,"Children","Boys","F1_18Y_placebo_boys",18,191,"B12_sufficient","18y","Male","Bacteria","Patescibacteria","Other"
"1650","ASV426","M22E203091",0,"M22E203.091","M22E203091","M22E203091","18CG438",438,"Children","Girls","F1_18Y_child_girl",18,208.2,"B12_sufficient","18y","Female","Bacteria","Patescibacteria","Other"
"1651","ASV426","M22E203039",0,"M22E203.039","M22E203039","M22E203039","18CB391",391,"Children","Boys","F1_18Y_child_boys",18,119.3,"B12_deficient","18y","Male","Bacteria","Patescibacteria","Other"
"1652","ASV426","22E203-177",0,"A22E203.177","22E203-177","22E203.177","24YM233",233,"Parents","Mother","F0_24Y_Mothers",24,494,"B12_sufficient","24y","Female","Bacteria","Patescibacteria","Other"
"1653","ASV426","22E203-031",0,"A22E203.031","22E203-031","22E203.031","18CB287",287,"Children","Boys","F1_18Y_placebo_boys",18,296,"B12_sufficient","18y","Male","Bacteria","Patescibacteria","Other"
"1654","ASV426","22E203-119",0,"A22E203.119","22E203-119","22E203.119","24YF192",192,"Parents","Father","F0_24Y_Father",24,295,"B12_sufficient","24y","Male","Bacteria","Patescibacteria","Other"
"1655","ASV426","22E203-148",0,"A22E203.148","22E203-148","22E203.148","24YF577",577,"Parents","Father","F0_24Y_Father",24,124,"B12_deficient","24y","Male","Bacteria","Patescibacteria","Other"
"1656","ASV426","22E203-201",0,"A22E203.201","22E203-201","22E203.201","24YM541",541,"Parents","Mother","F0_24Y_Mothers",24,240,"B12_sufficient","24y","Female","Bacteria","Patescibacteria","Other"
"1657","ASV426","M22E203056",0,"M22E203.056","M22E203056","M22E203056","18CB604",604,"Children","Boys","F1_18Y_child_boys",18,101,"B12_deficient","18y","Male","Bacteria","Patescibacteria","Other"
"1658","ASV426","22E203-110",0,"A22E203.110","22E203-110","22E203.110","24YF14",14,"Parents","Father","F0_24Y_Father",24,151,"B12_sufficient","24y","Male","Bacteria","Patescibacteria","Other"
"1660","ASV426","M22E203042",0,"M22E203.042","M22E203042","M22E203042","18CB426",426,"Children","Boys","F1_18Y_child_boys",18,130.2,"B12_deficient","18y","Male","Bacteria","Patescibacteria","Other"
"1661","ASV426","22E203-188",0,"A22E203.188","22E203-188","22E203.188","24YM415",415,"Parents","Mother","F0_24Y_Mothers",24,277,"B12_sufficient","24y","Female","Bacteria","Patescibacteria","Other"
"1662","ASV426","22E203-049",0,"A22E203.049","22E203-049","22E203.049","18CB517",517,"Children","Boys","F1_18Y_placebo_boys",18,182,"B12_sufficient","18y","Male","Bacteria","Patescibacteria","Other"
"1663","ASV426","M22E203092",0,"M22E203.092","M22E203092","M22E203092","18CG460",460,"Children","Girls","F1_18Y_child_girl",18,NA,NA,"18y","Female","Bacteria","Patescibacteria","Other"
"1664","ASV426","22E203-149",0,"A22E203.149","22E203-149","22E203.149","24YF578",578,"Parents","Father","F0_24Y_Father",24,255,"B12_sufficient","24y","Male","Bacteria","Patescibacteria","Other"
"1665","ASV426","22E203-178",0,"A22E203.178","22E203-178","22E203.178","24YM237",237,"Parents","Mother","F0_24Y_Mothers",24,189,"B12_sufficient","24y","Female","Bacteria","Patescibacteria","Other"
"1667","ASV426","22E203-120",0,"A22E203.120","22E203-120","22E203.120","24YF196",196,"Parents","Father","F0_24Y_Father",24,90,"B12_deficient","24y","Male","Bacteria","Patescibacteria","Other"
"1668","ASV426","M22E203104",0,"M22E203.104","M22E203104","M22E203104","18CG628",628,"Children","Girls","F1_18Y_child_girl",18,205,"B12_sufficient","18y","Female","Bacteria","Patescibacteria","Other"
"1670","ASV426","M22E203059",0,"M22E203.059","M22E203059","M22E203059","18CB645",645,"Children","Boys","F1_18Y_child_boys",18,173.2,"B12_sufficient","18y","Male","Bacteria","Patescibacteria","Other"
"1671","ASV426","22E203-111",0,"A22E203.111","22E203-111","22E203.111","24YF36",36,"Parents","Father","F0_24Y_Father",24,106,"B12_deficient","24y","Male","Bacteria","Patescibacteria","Other"
"1672","ASV426","M22E203082",0,"M22E203.082","M22E203082","M22E203082","18CG341",341,"Children","Girls","F1_18Y_child_girl",18,116.6,"B12_deficient","18y","Female","Bacteria","Patescibacteria","Other"
"1673","ASV426","M22E203044",0,"M22E203.044","M22E203044","M22E203044","18CB447",447,"Children","Boys","F1_18Y_child_boys",18,145.5,"B12_deficient","18y","Male","Bacteria","Patescibacteria","Other"
"1674","ASV426","22E203-179",0,"A22E203.179","22E203-179","22E203.179","24YM239",239,"Parents","Mother","F0_24Y_Mothers",24,101,"B12_deficient","24y","Female","Bacteria","Patescibacteria","Other"
"1675","ASV426","M22E203032",0,"M22E203.032","M22E203032","M22E203032","18CB304",304,"Children","Boys","F1_18Y_child_boys",18,216,"B12_sufficient","18y","Male","Bacteria","Patescibacteria","Other"
"1676","ASV426","22E203-112",0,"A22E203.112","22E203-112","22E203.112","24YF54",54,"Parents","Father","F0_24Y_Father",24,116,"B12_deficient","24y","Male","Bacteria","Patescibacteria","Other"
"1677","ASV426","22E203-183",0,"A22E203.183","22E203-183","22E203.183","24YM294",294,"Parents","Mother","F0_24Y_Mothers",24,128,"B12_deficient","24y","Female","Bacteria","Patescibacteria","Other"
"1679","ASV426","22E203-037",0,"A22E203.037","22E203-037","22E203.037","18CB371",371,"Children","Boys","F1_18Y_placebo_boys",18,188,"B12_sufficient","18y","Male","Bacteria","Patescibacteria","Other"
"1680","ASV426","M22E203033",0,"M22E203.033","M22E203033","M22E203033","18CB307",307,"Children","Boys","F1_18Y_child_boys",18,117,"B12_deficient","18y","Male","Bacteria","Patescibacteria","Other"
"1681","ASV426","M22E203105",0,"M22E203.105","M22E203105","M22E203105","18CG638",638,"Children","Girls","F1_18Y_child_girl",18,290,"B12_sufficient","18y","Female","Bacteria","Patescibacteria","Other"
"1683","ASV426","M22E203062",0,"M22E203.062","M22E203062","M22E203062","18CB695",695,"Children","Boys","F1_18Y_child_boys",18,122,"B12_deficient","18y","Male","Bacteria","Patescibacteria","Other"
"1684","ASV426","22E203-038",0,"A22E203.038","22E203-038","22E203.038","18CB375",375,"Children","Boys","F1_18Y_placebo_boys",18,149.5,"B12_deficient","18y","Male","Bacteria","Patescibacteria","Other"
"1685","ASV426","M22E203083",0,"M22E203.083","M22E203083","M22E203083","18CG346",346,"Children","Girls","F1_18Y_child_girl",18,140,"B12_deficient","18y","Female","Bacteria","Patescibacteria","Other"
"1686","ASV426","22E203-184",0,"A22E203.184","22E203-184","22E203.184","24YM316",316,"Parents","Mother","F0_24Y_Mothers",24,161,"B12_sufficient","24y","Female","Bacteria","Patescibacteria","Other"
"1687","ASV426","22E203-181",0,"A22E203.181","22E203-181","22E203.181","24YM278",278,"Parents","Mother","F0_24Y_Mothers",24,96,"B12_deficient","24y","Female","Bacteria","Patescibacteria","Other"
"1688","ASV426","M22E203064",0,"M22E203.064","M22E203064","M22E203064","18CG5",5,"Children","Girls","F1_18Y_child_girl",18,172.6,"B12_sufficient","18y","Female","Bacteria","Patescibacteria","Other"
"1689","ASV426","22E203-113",0,"A22E203.113","22E203-113","22E203.113","24YF76",76,"Parents","Father","F0_24Y_Father",24,108,"B12_deficient","24y","Male","Bacteria","Patescibacteria","Other"
"1690","ASV426","M22E203106",0,"M22E203.106","M22E203106","M22E203106","18CG648",648,"Children","Girls","F1_18Y_child_girl",18,181.2,"B12_sufficient","18y","Female","Bacteria","Patescibacteria","Other"
"1691","ASV426","22E203-204",0,"A22E203.204","22E203-204","22E203.204","24YM560",560,"Parents","Mother","F0_24Y_Mothers",24,136,"B12_deficient","24y","Female","Bacteria","Patescibacteria","Other"
"1692","ASV426","22E203-182",0,"A22E203.182","22E203-182","22E203.182","24YM292",292,"Parents","Mother","F0_24Y_Mothers",24,231,"B12_sufficient","24y","Female","Bacteria","Patescibacteria","Other"
"1693","ASV426","M22E203034",0,"M22E203.034","M22E203034","M22E203034","18CB312",312,"Children","Boys","F1_18Y_child_boys",18,380.5,"B12_sufficient","18y","Male","Bacteria","Patescibacteria","Other"
"1694","ASV426","M22E203085",0,"M22E203.085","M22E203085","M22E203085","18CG401",401,"Children","Girls","F1_18Y_child_girl",18,263,"B12_sufficient","18y","Female","Bacteria","Patescibacteria","Other"
"1696","ASV426","22E203-205",0,"A22E203.205","22E203-205","22E203.205","24YM563",563,"Parents","Mother","F0_24Y_Mothers",24,239,"B12_sufficient","24y","Female","Bacteria","Patescibacteria","Other"
"1697","ASV426","22E203-040",0,"A22E203.040","22E203-040","22E203.040","18CB400",400,"Children","Boys","F1_18Y_placebo_boys",18,244,"B12_sufficient","18y","Male","Bacteria","Patescibacteria","Other"
"1698","ASV426","22E203-114",0,"A22E203.114","22E203-114","22E203.114","24YF85",85,"Parents","Father","F0_24Y_Father",24,187,"B12_sufficient","24y","Male","Bacteria","Patescibacteria","Other"
"1699","ASV426","22E203-185",0,"A22E203.185","22E203-185","22E203.185","24YM342",342,"Parents","Mother","F0_24Y_Mothers",24,121,"B12_deficient","24y","Female","Bacteria","Patescibacteria","Other"
"1700","ASV426","M22E203108",0,"M22E203.108","M22E203108","M22E203108","18CG678",678,"Children","Girls","F1_18Y_child_girl",18,131.3,"B12_deficient","18y","Female","Bacteria","Patescibacteria","Other"
"1701","ASV426","M22E203065",0,"M22E203.065","M22E203065","M22E203065","18CG17",17,"Children","Girls","F1_18Y_child_girl",18,86,"B12_deficient","18y","Female","Bacteria","Patescibacteria","Other"
"1702","ASV426","22E203-041",0,"A22E203.041","22E203-041","22E203.041","18CB416",416,"Children","Boys","F1_18Y_placebo_boys",18,135,"B12_deficient","18y","Male","Bacteria","Patescibacteria","Other"
"1703","ASV426","M22E203107",0,"M22E203.107","M22E203107","M22E203107","18CG649",649,"Children","Girls","F1_18Y_child_girl",18,245,"B12_sufficient","18y","Female","Bacteria","Patescibacteria","Other"
"1704","ASV426","M22E203088",0,"M22E203.088","M22E203088","M22E203088","18CG434",434,"Children","Girls","F1_18Y_child_girl",18,197,"B12_sufficient","18y","Female","Bacteria","Patescibacteria","Other"
"1705","ASV426","M22E203023",0,"M22E203.023","M22E203023","M22E203023","18CB183",183,"Children","Boys","F1_18Y_child_boys",18,117,"B12_deficient","18y","Male","Bacteria","Patescibacteria","Other"
"1706","ASV426","M22E203066",0,"M22E203.066","M22E203066","M22E203066","18CG28",28,"Children","Girls","F1_18Y_child_girl",18,115,"B12_deficient","18y","Female","Bacteria","Patescibacteria","Other"
"1707","ASV426","M22E203086",0,"M22E203.086","M22E203086","M22E203086","18CG414",414,"Children","Girls","F1_18Y_child_girl",18,134,"B12_deficient","18y","Female","Bacteria","Patescibacteria","Other"
"1709","ASV426","22E203-206",0,"A22E203.206","22E203-206","22E203.206","24YM638",638,"Parents","Mother","F0_24Y_Mothers",24,146,"B12_deficient","24y","Female","Bacteria","Patescibacteria","Other"
"1710","ASV426","M22E203026",0,"M22E203.026","M22E203026","M22E203026","18CB218",218,"Children","Boys","F1_18Y_child_boys",18,86,"B12_deficient","18y","Male","Bacteria","Patescibacteria","Other"
"1711","ASV426","22E203-115",0,"A22E203.115","22E203-115","22E203.115","24YF92",92,"Parents","Father","F0_24Y_Father",24,45,"B12_deficient","24y","Male","Bacteria","Patescibacteria","Other"
"1712","ASV426","22E203-046",0,"A22E203.046","22E203-046","22E203.046","18CB477",477,"Children","Boys","F1_18Y_placebo_boys",18,152.8,"B12_sufficient","18y","Male","Bacteria","Patescibacteria","Other"
"1713","ASV426","M22E203160",0,"M22E203.160","M22E203160","M22E203160","24YM14",14,"Parents","Mother","F0_24Y_Mothers",24,146,"B12_deficient","24y","Female","Bacteria","Patescibacteria","Other"
"1714","ASV426","22E203-207",0,"A22E203.207","22E203-207","22E203.207","24YM655",655,"Parents","Mother","F0_24Y_Mothers",24,128,"B12_deficient","24y","Female","Bacteria","Patescibacteria","Other"
"1715","ASV426","22E203-043",0,"A22E203.043","22E203-043","22E203.043","18CB433",433,"Children","Boys","F1_18Y_placebo_boys",18,75,"B12_deficient","18y","Male","Bacteria","Patescibacteria","Other"
"1717","ASV426","M22E203089",0,"M22E203.089","M22E203089","M22E203089","18CG436",436,"Children","Girls","F1_18Y_child_girl",18,131,"B12_deficient","18y","Female","Bacteria","Patescibacteria","Other"
"1718","ASV426","M22E203180",0,"M22E203.180","M22E203180","M22E203180","24YM258",258,"Parents","Mother","F0_24Y_Mothers",24,114,"B12_deficient","24y","Female","Bacteria","Patescibacteria","Other"
"1719","ASV426","M22E203068",0,"M22E203.068","M22E203068","M22E203068","18CG53",53,"Children","Girls","F1_18Y_child_girl",18,186.4,"B12_sufficient","18y","Female","Bacteria","Patescibacteria","Other"
"1720","ASV426","22E203-209",0,"A22E203.209","22E203-209","22E203.209","24YM708",708,"Parents","Mother","F0_24Y_Mothers",24,83,"B12_deficient","24y","Female","Bacteria","Patescibacteria","Other"
"1721","ASV426","22E203-117",0,"A22E203.117","22E203-117","22E203.117","24YF116",116,"Parents","Father","F0_24Y_Father",24,291,"B12_sufficient","24y","Male","Bacteria","Patescibacteria","Other"
"1722","ASV426","M22E203077",0,"M22E203.077","M22E203077","M22E203077","18CG236",236,"Children","Girls","F1_18Y_child_girl",18,185,"B12_sufficient","18y","Female","Bacteria","Patescibacteria","Other"
"1723","ASV426","M22E203029",0,"M22E203.029","M22E203029","M22E203029","18CB246",246,"Children","Boys","F1_18Y_child_boys",18,94,"B12_deficient","18y","Male","Bacteria","Patescibacteria","Other"
"1724","ASV426","M22E203020",0,"M22E203.020","M22E203020","M22E203020","18CB97",97,"Children","Boys","F1_18Y_child_boys",18,157.7,"B12_sufficient","18y","Male","Bacteria","Patescibacteria","Other"
"1725","ASV426","M22E203070",0,"M22E203.070","M22E203070","M22E203070","18CG84",84,"Children","Girls","F1_18Y_child_girl",18,282,"B12_sufficient","18y","Female","Bacteria","Patescibacteria","Other"
"1726","ASV426","M22E203071",0,"M22E203.071","M22E203071","M22E203071","18CG163",163,"Children","Girls","F1_18Y_child_girl",18,194,"B12_sufficient","18y","Female","Bacteria","Patescibacteria","Other"
"1727","ASV426","22E203-208",0,"A22E203.208","22E203-208","22E203.208","24YM667",667,"Parents","Mother","F0_24Y_Mothers",24,98,"B12_deficient","24y","Female","Bacteria","Patescibacteria","Other"
"1728","ASV426","M22E203079",0,"M22E203.079","M22E203079","M22E203079","18CG288",288,"Children","Girls","F1_18Y_child_girl",18,288,"B12_sufficient","18y","Female","Bacteria","Patescibacteria","Other"
"1729","ASV426","M22E203014",0,"M22E203.014","M22E203014","M22E203014","18CB22",22,"Children","Boys","F1_18Y_child_boys",18,146,"B12_deficient","18y","Male","Bacteria","Patescibacteria","Other"
"1730","ASV426","M22E203015",0,"M22E203.015","M22E203015","M22E203015","18CB24",24,"Children","Boys","F1_18Y_child_boys",18,114,"B12_deficient","18y","Male","Bacteria","Patescibacteria","Other"
"1731","ASV426","M22E203018",0,"M22E203.018","M22E203018","M22E203018","18CB44",44,"Children","Boys","F1_18Y_child_boys",18,131.3,"B12_deficient","18y","Male","Bacteria","Patescibacteria","Other"
"1732","ASV426","M22E203073",0,"M22E203.073","M22E203073","M22E203073","18CG199",199,"Children","Girls","F1_18Y_child_girl",18,106,"B12_deficient","18y","Female","Bacteria","Patescibacteria","Other"
"1734","ASV426","M22E203076",0,"M22E203.076","M22E203076","M22E203076","18CG233",233,"Children","Girls","F1_18Y_child_girl",18,112,"B12_deficient","18y","Female","Bacteria","Patescibacteria","Other"
"1735","ASV426","M22E203078",0,"M22E203.078","M22E203078","M22E203078","18CG283",283,"Children","Girls","F1_18Y_child_girl",18,133.4,"B12_deficient","18y","Female","Bacteria","Patescibacteria","Other"
"1736","ASV426","M22E203074",0,"M22E203.074","M22E203074","M22E203074","18CG207",207,"Children","Girls","F1_18Y_child_girl",18,123.1,"B12_deficient","18y","Female","Bacteria","Patescibacteria","Other"
"1737","ASV426","M22E203072",0,"M22E203.072","M22E203072","M22E203072","18CG198",198,"Children","Girls","F1_18Y_child_girl",18,284.1,"B12_sufficient","18y","Female","Bacteria","Patescibacteria","Other"
"1738","ASV588","22E203-130",0,"A22E203.130","22E203-130","22E203.130","24YF369",369,"Parents","Father","F0_24Y_Father",24,34,"B12_deficient","24y","Male","Bacteria","Elusimicrobiota","Other"
"1739","ASV588","22E203-133",0,"A22E203.133","22E203-133","22E203.133","24YF429",429,"Parents","Father","F0_24Y_Father",24,329,"B12_sufficient","24y","Male","Bacteria","Elusimicrobiota","Other"
"1741","ASV588","22E203-131",0,"A22E203.131","22E203-131","22E203.131","24YF383",383,"Parents","Father","F0_24Y_Father",24,154,"B12_sufficient","24y","Male","Bacteria","Elusimicrobiota","Other"
"1742","ASV588","22E203-127",0,"A22E203.127","22E203-127","22E203.127","24YF299",299,"Parents","Father","F0_24Y_Father",24,166,"B12_sufficient","24y","Male","Bacteria","Elusimicrobiota","Other"
"1743","ASV588","22E203-134",0,"A22E203.134","22E203-134","22E203.134","24YF437",437,"Parents","Father","F0_24Y_Father",24,219,"B12_sufficient","24y","Male","Bacteria","Elusimicrobiota","Other"
"1744","ASV588","22E203-135",0,"A22E203.135","22E203-135","22E203.135","24YF438",438,"Parents","Father","F0_24Y_Father",24,312,"B12_sufficient","24y","Male","Bacteria","Elusimicrobiota","Other"
"1745","ASV588","22E203-080",0,"A22E203.080","22E203-080","22E203.080","18CG294",294,"Children","Girls","F1_18Y_placebo_girls",18,213.3,"B12_sufficient","18y","Female","Bacteria","Elusimicrobiota","Other"
"1746","ASV588","22E203-081",0,"A22E203.081","22E203-081","22E203.081","18CG314",314,"Children","Girls","F1_18Y_placebo_girls",18,175,"B12_sufficient","18y","Female","Bacteria","Elusimicrobiota","Other"
"1747","ASV588","22E203-128",0,"A22E203.128","22E203-128","22E203.128","24YF348",348,"Parents","Father","F0_24Y_Father",24,164,"B12_sufficient","24y","Male","Bacteria","Elusimicrobiota","Other"
"1748","ASV588","22E203-129",0,"A22E203.129","22E203-129","22E203.129","24YF351",351,"Parents","Father","F0_24Y_Father",24,139,"B12_deficient","24y","Male","Bacteria","Elusimicrobiota","Other"
"1749","ASV588","22E203-136",0,"A22E203.136","22E203-136","22E203.136","24YF441",441,"Parents","Father","F0_24Y_Father",24,340,"B12_sufficient","24y","Male","Bacteria","Elusimicrobiota","Other"
"1750","ASV588","22E203-137",0,"A22E203.137","22E203-137","22E203.137","24YF454",454,"Parents","Father","F0_24Y_Father",24,124,"B12_deficient","24y","Male","Bacteria","Elusimicrobiota","Other"
"1751","ASV588","22E203-084",0,"A22E203.084","22E203-084","22E203.084","18CG386",386,"Children","Girls","F1_18Y_placebo_girls",18,157,"B12_sufficient","18y","Female","Bacteria","Elusimicrobiota","Other"
"1752","ASV588","M22E203096",0,"M22E203.096","M22E203096","M22E203096","18CG514",514,"Children","Girls","F1_18Y_child_girl",18,161.9,"B12_sufficient","18y","Female","Bacteria","Elusimicrobiota","Other"
"1753","ASV588","M22E203093",0,"M22E203.093","M22E203093","M22E203093","18CG482",482,"Children","Girls","F1_18Y_child_girl",18,183,"B12_sufficient","18y","Female","Bacteria","Elusimicrobiota","Other"
"1754","ASV588","22E203-159",0,"A22E203.159","22E203-159","22E203.159","24YF710",710,"Parents","Father","F0_24Y_Father",24,106,"B12_deficient","24y","Male","Bacteria","Elusimicrobiota","Other"
"1755","ASV588","22E203-138",0,"A22E203.138","22E203-138","22E203.138","24YF465",465,"Parents","Father","F0_24Y_Father",24,184,"B12_sufficient","24y","Male","Bacteria","Elusimicrobiota","Other"
"1756","ASV588","22E203-124",0,"A22E203.124","22E203-124","22E203.124","24YF265",265,"Parents","Father","F0_24Y_Father",24,80,"B12_deficient","24y","Male","Bacteria","Elusimicrobiota","Other"
"1757","ASV588","M22E203097",0,"M22E203.097","M22E203097","M22E203097","18CG539",539,"Children","Girls","F1_18Y_child_girl",18,148,"B12_deficient","18y","Female","Bacteria","Elusimicrobiota","Other"
"1758","ASV588","M22E203094",0,"M22E203.094","M22E203094","M22E203094","18CG490",490,"Children","Girls","F1_18Y_child_girl",18,208,"B12_sufficient","18y","Female","Bacteria","Elusimicrobiota","Other"
"1759","ASV588","22E203-161",0,"A22E203.161","22E203-161","22E203.161","24YM36",36,"Parents","Mother","F0_24Y_Mothers",24,185,"B12_sufficient","24y","Female","Bacteria","Elusimicrobiota","Other"
"1760","ASV588","22E203-087",0,"A22E203.087","22E203-087","22E203.087","18CG429",429,"Children","Girls","F1_18Y_placebo_girls",18,203,"B12_sufficient","18y","Female","Bacteria","Elusimicrobiota","Other"
"1761","ASV588","22E203-125",0,"A22E203.125","22E203-125","22E203.125","24YF292",292,"Parents","Father","F0_24Y_Father",24,148,"B12_deficient","24y","Male","Bacteria","Elusimicrobiota","Other"
"1762","ASV588","M22E203098",0,"M22E203.098","M22E203098","M22E203098","18CG558",558,"Children","Girls","F1_18Y_child_girl",18,225,"B12_sufficient","18y","Female","Bacteria","Elusimicrobiota","Other"
"1763","ASV588","M22E203095",0,"M22E203.095","M22E203095","M22E203095","18CG512",512,"Children","Girls","F1_18Y_child_girl",18,98,"B12_deficient","18y","Female","Bacteria","Elusimicrobiota","Other"
"1765","ASV588","22E203-100",0,"A22E203.100","22E203-100","22E203.100","18CG584",584,"Children","Girls","F1_18Y_placebo_girls",18,109,"B12_deficient","18y","Female","Bacteria","Elusimicrobiota","Other"
"1766","ASV588","22E203-126",0,"A22E203.126","22E203-126","22E203.126","24YF294",294,"Parents","Father","F0_24Y_Father",24,81,"B12_deficient","24y","Male","Bacteria","Elusimicrobiota","Other"
"1767","ASV588","M22E203099",0,"M22E203.099","M22E203099","M22E203099","18CG565",565,"Children","Girls","F1_18Y_child_girl",18,86,"B12_deficient","18y","Female","Bacteria","Elusimicrobiota","Other"
"1768","ASV588","22E203-162",0,"A22E203.162","22E203-162","22E203.162","24YM38",38,"Parents","Mother","F0_24Y_Mothers",24,753,"B12_sufficient","24y","Female","Bacteria","Elusimicrobiota","Other"
"1769","ASV588","22E203-140",0,"A22E203.140","22E203-140","22E203.140","24YF472",472,"Parents","Father","F0_24Y_Father",24,116,"B12_deficient","24y","Male","Bacteria","Elusimicrobiota","Other"
"1770","ASV588","22E203-101",0,"A22E203.101","22E203-101","22E203.101","18CG587",587,"Children","Girls","F1_18Y_placebo_girls",18,160,"B12_sufficient","18y","Female","Bacteria","Elusimicrobiota","Other"
"1771","ASV588","M22E203090",0,"M22E203.090","M22E203090","M22E203090","18CG437",437,"Children","Girls","F1_18Y_child_girl",18,162.3,"B12_sufficient","18y","Female","Bacteria","Elusimicrobiota","Other"
"1772","ASV588","22E203-166",0,"A22E203.166","22E203-166","22E203.166","24YM70",70,"Parents","Mother","F0_24Y_Mothers",24,519,"B12_sufficient","24y","Female","Bacteria","Elusimicrobiota","Other"
"1773","ASV588","22E203-163",0,"A22E203.163","22E203-163","22E203.163","24YM40",40,"Parents","Mother","F0_24Y_Mothers",24,466,"B12_sufficient","24y","Female","Bacteria","Elusimicrobiota","Other"
"1774","ASV588","22E203-061",0,"A22E203.061","22E203-061","22E203.061","18CB669",669,"Children","Boys","F1_18Y_placebo_boys",18,NA,NA,"18y","Male","Bacteria","Elusimicrobiota","Other"
"1775","ASV588","22E203-109",0,"A22E203.109","22E203-109","22E203.109","18CG684",684,"Children","Girls","F1_18Y_placebo_girls",18,174,"B12_sufficient","18y","Female","Bacteria","Elusimicrobiota","Other"
"1776","ASV588","22E203-156",0,"A22E203.156","22E203-156","22E203.156","24YF640",640,"Parents","Father","F0_24Y_Father",24,83,"B12_deficient","24y","Male","Bacteria","Elusimicrobiota","Other"
"1777","ASV588","22E203-121",0,"A22E203.121","22E203-121","22E203.121","24YF198",198,"Parents","Father","F0_24Y_Father",24,220,"B12_sufficient","24y","Male","Bacteria","Elusimicrobiota","Other"
"1778","ASV588","22E203-141",0,"A22E203.141","22E203-141","22E203.141","24YF490",490,"Parents","Father","F0_24Y_Father",24,144,"B12_deficient","24y","Male","Bacteria","Elusimicrobiota","Other"
"1779","ASV588","22E203-063",0,"A22E203.063","22E203-063","22E203.063","18CB702",702,"Children","Boys","F1_18Y_placebo_boys",18,152.6,"B12_sufficient","18y","Male","Bacteria","Elusimicrobiota","Other"
"1780","ASV588","M22E203102",0,"M22E203.102","M22E203102","M22E203102","18CG601",601,"Children","Girls","F1_18Y_child_girl",18,168,"B12_sufficient","18y","Female","Bacteria","Elusimicrobiota","Other"
"1781","ASV588","22E203-167",0,"A22E203.167","22E203-167","22E203.167","24YM76",76,"Parents","Mother","F0_24Y_Mothers",24,NA,NA,"24y","Female","Bacteria","Elusimicrobiota","Other"
"1782","ASV588","22E203-164",0,"A22E203.164","22E203-164","22E203.164","24YM51",51,"Parents","Mother","F0_24Y_Mothers",24,123,"B12_deficient","24y","Female","Bacteria","Elusimicrobiota","Other"
"1783","ASV588","22E203-142",0,"A22E203.142","22E203-142","22E203.142","24YF502",502,"Parents","Father","F0_24Y_Father",24,76,"B12_deficient","24y","Male","Bacteria","Elusimicrobiota","Other"
"1784","ASV588","M22E203091",0,"M22E203.091","M22E203091","M22E203091","18CG438",438,"Children","Girls","F1_18Y_child_girl",18,208.2,"B12_sufficient","18y","Female","Bacteria","Elusimicrobiota","Other"
"1785","ASV588","22E203-157",0,"A22E203.157","22E203-157","22E203.157","24YF677",677,"Parents","Father","F0_24Y_Father",24,108,"B12_deficient","24y","Male","Bacteria","Elusimicrobiota","Other"
"1786","ASV588","22E203-122",0,"A22E203.122","22E203-122","22E203.122","24YF203",203,"Parents","Father","F0_24Y_Father",24,77,"B12_deficient","24y","Male","Bacteria","Elusimicrobiota","Other"
"1787","ASV588","22E203-165",0,"A22E203.165","22E203-165","22E203.165","24YM54",54,"Parents","Mother","F0_24Y_Mothers",24,164,"B12_sufficient","24y","Female","Bacteria","Elusimicrobiota","Other"
"1788","ASV588","22E203-110",0,"A22E203.110","22E203-110","22E203.110","24YF14",14,"Parents","Father","F0_24Y_Father",24,151,"B12_sufficient","24y","Male","Bacteria","Elusimicrobiota","Other"
"1789","ASV588","M22E203103",0,"M22E203.103","M22E203103","M22E203103","18CG615",615,"Children","Girls","F1_18Y_child_girl",18,244,"B12_sufficient","18y","Female","Bacteria","Elusimicrobiota","Other"
"1790","ASV588","22E203-168",0,"A22E203.168","22E203-168","22E203.168","24YM100",100,"Parents","Mother","F0_24Y_Mothers",24,173,"B12_sufficient","24y","Female","Bacteria","Elusimicrobiota","Other"
"1791","ASV588","22E203-123",0,"A22E203.123","22E203-123","22E203.123","24YF244",244,"Parents","Father","F0_24Y_Father",24,259,"B12_sufficient","24y","Male","Bacteria","Elusimicrobiota","Other"
"1792","ASV588","22E203-067",0,"A22E203.067","22E203-067","22E203.067","18CG35",35,"Children","Girls","F1_18Y_placebo_girls",18,143.9,"B12_deficient","18y","Female","Bacteria","Elusimicrobiota","Other"
"1793","ASV588","M22E203092",0,"M22E203.092","M22E203092","M22E203092","18CG460",460,"Children","Girls","F1_18Y_child_girl",18,NA,NA,"18y","Female","Bacteria","Elusimicrobiota","Other"
"1794","ASV588","22E203-158",0,"A22E203.158","22E203-158","22E203.158","24YF708",708,"Parents","Father","F0_24Y_Father",24,496,"B12_sufficient","24y","Male","Bacteria","Elusimicrobiota","Other"
"1795","ASV588","22E203-169",0,"A22E203.169","22E203-169","22E203.169","24YM123",123,"Parents","Mother","F0_24Y_Mothers",24,288,"B12_sufficient","24y","Female","Bacteria","Elusimicrobiota","Other"
"1796","ASV588","22E203-143",0,"A22E203.143","22E203-143","22E203.143","24YF503",503,"Parents","Father","F0_24Y_Father",24,104,"B12_deficient","24y","Male","Bacteria","Elusimicrobiota","Other"
"1797","ASV588","22E203-111",0,"A22E203.111","22E203-111","22E203.111","24YF36",36,"Parents","Father","F0_24Y_Father",24,106,"B12_deficient","24y","Male","Bacteria","Elusimicrobiota","Other"
"1798","ASV588","M22E203104",0,"M22E203.104","M22E203104","M22E203104","18CG628",628,"Children","Girls","F1_18Y_child_girl",18,205,"B12_sufficient","18y","Female","Bacteria","Elusimicrobiota","Other"
"1799","ASV588","22E203-192",0,"A22E203.192","22E203-192","22E203.192","24YM444",444,"Parents","Mother","F0_24Y_Mothers",24,435,"B12_sufficient","24y","Female","Bacteria","Elusimicrobiota","Other"
"1800","ASV588","22E203-017",0,"A22E203.017","22E203-017","22E203.017","18CB43",43,"Children","Boys","F1_18Y_placebo_boys",18,309,"B12_sufficient","18y","Male","Bacteria","Elusimicrobiota","Other"
"1801","ASV588","M22E203052",0,"M22E203.052","M22E203052","M22E203052","18CB542",542,"Children","Boys","F1_18Y_child_boys",18,246.5,"B12_sufficient","18y","Male","Bacteria","Elusimicrobiota","Other"
"1802","ASV588","22E203-196",0,"A22E203.196","22E203-196","22E203.196","24YM472",472,"Parents","Mother","F0_24Y_Mothers",24,105,"B12_deficient","24y","Female","Bacteria","Elusimicrobiota","Other"
"1803","ASV588","22E203-118",0,"A22E203.118","22E203-118","22E203.118","24YF179",179,"Parents","Father","F0_24Y_Father",24,122,"B12_deficient","24y","Male","Bacteria","Elusimicrobiota","Other"
"1804","ASV588","22E203-189",0,"A22E203.189","22E203-189","22E203.189","24YM418",418,"Parents","Mother","F0_24Y_Mothers",24,107,"B12_deficient","24y","Female","Bacteria","Elusimicrobiota","Other"
"1805","ASV588","22E203-050",0,"A22E203.050","22E203-050","22E203.050","18CB534",534,"Children","Boys","F1_18Y_placebo_boys",18,338,"B12_sufficient","18y","Male","Bacteria","Elusimicrobiota","Other"
"1806","ASV588","M22E203082",0,"M22E203.082","M22E203082","M22E203082","18CG341",341,"Children","Girls","F1_18Y_child_girl",18,116.6,"B12_deficient","18y","Female","Bacteria","Elusimicrobiota","Other"
"1807","ASV588","M22E203105",0,"M22E203.105","M22E203105","M22E203105","18CG638",638,"Children","Girls","F1_18Y_child_girl",18,290,"B12_sufficient","18y","Female","Bacteria","Elusimicrobiota","Other"
"1808","ASV588","22E203-170",0,"A22E203.170","22E203-170","22E203.170","24YM171",171,"Parents","Mother","F0_24Y_Mothers",24,100,"B12_deficient","24y","Female","Bacteria","Elusimicrobiota","Other"
"1809","ASV588","22E203-144",0,"A22E203.144","22E203-144","22E203.144","24YF528",528,"Parents","Father","F0_24Y_Father",24,159,"B12_sufficient","24y","Male","Bacteria","Elusimicrobiota","Other"
"1810","ASV588","22E203-112",0,"A22E203.112","22E203-112","22E203.112","24YF54",54,"Parents","Father","F0_24Y_Father",24,116,"B12_deficient","24y","Male","Bacteria","Elusimicrobiota","Other"
"1811","ASV588","22E203-197",0,"A22E203.197","22E203-197","22E203.197","24YM475",475,"Parents","Mother","F0_24Y_Mothers",24,305,"B12_sufficient","24y","Female","Bacteria","Elusimicrobiota","Other"
"1812","ASV588","22E203-194",0,"A22E203.194","22E203-194","22E203.194","24YM452",452,"Parents","Mother","F0_24Y_Mothers",24,174,"B12_sufficient","24y","Female","Bacteria","Elusimicrobiota","Other"
"1813","ASV588","22E203-019",0,"A22E203.019","22E203-019","22E203.019","18CB50",50,"Children","Boys","F1_18Y_placebo_boys",18,145,"B12_deficient","18y","Male","Bacteria","Elusimicrobiota","Other"
"1814","ASV588","M22E203055",0,"M22E203.055","M22E203055","M22E203055","18CB595",595,"Children","Boys","F1_18Y_child_boys",18,233,"B12_sufficient","18y","Male","Bacteria","Elusimicrobiota","Other"
"1815","ASV588","M22E203083",0,"M22E203.083","M22E203083","M22E203083","18CG346",346,"Children","Girls","F1_18Y_child_girl",18,140,"B12_deficient","18y","Female","Bacteria","Elusimicrobiota","Other"
"1816","ASV588","22E203-119",0,"A22E203.119","22E203-119","22E203.119","24YF192",192,"Parents","Father","F0_24Y_Father",24,295,"B12_sufficient","24y","Male","Bacteria","Elusimicrobiota","Other"
"1817","ASV588","22E203-190",0,"A22E203.190","22E203-190","22E203.190","24YM427",427,"Parents","Mother","F0_24Y_Mothers",24,178,"B12_sufficient","24y","Female","Bacteria","Elusimicrobiota","Other"
"1818","ASV588","22E203-053",0,"A22E203.053","22E203-053","22E203.053","18CB544",544,"Children","Boys","F1_18Y_placebo_boys",18,94,"B12_deficient","18y","Male","Bacteria","Elusimicrobiota","Other"
"1819","ASV588","22E203-113",0,"A22E203.113","22E203-113","22E203.113","24YF76",76,"Parents","Father","F0_24Y_Father",24,108,"B12_deficient","24y","Male","Bacteria","Elusimicrobiota","Other"
"1820","ASV588","M22E203106",0,"M22E203.106","M22E203106","M22E203106","18CG648",648,"Children","Girls","F1_18Y_child_girl",18,181.2,"B12_sufficient","18y","Female","Bacteria","Elusimicrobiota","Other"
"1821","ASV588","22E203-171",0,"A22E203.171","22E203-171","22E203.171","24YM180",180,"Parents","Mother","F0_24Y_Mothers",24,227,"B12_sufficient","24y","Female","Bacteria","Elusimicrobiota","Other"
"1822","ASV588","22E203-145",0,"A22E203.145","22E203-145","22E203.145","24YF547",547,"Parents","Father","F0_24Y_Father",24,123,"B12_deficient","24y","Male","Bacteria","Elusimicrobiota","Other"
"1823","ASV588","M22E203056",0,"M22E203.056","M22E203056","M22E203056","18CB604",604,"Children","Boys","F1_18Y_child_boys",18,101,"B12_deficient","18y","Male","Bacteria","Elusimicrobiota","Other"
"1824","ASV588","22E203-198",0,"A22E203.198","22E203-198","22E203.198","24YM498",498,"Parents","Mother","F0_24Y_Mothers",24,134,"B12_deficient","24y","Female","Bacteria","Elusimicrobiota","Other"
"1825","ASV588","22E203-195",0,"A22E203.195","22E203-195","22E203.195","24YM465",465,"Parents","Mother","F0_24Y_Mothers",24,258,"B12_sufficient","24y","Female","Bacteria","Elusimicrobiota","Other"
"1826","ASV588","22E203-021",0,"A22E203.021","22E203-021","22E203.021","18CB150",150,"Children","Boys","F1_18Y_placebo_boys",18,195,"B12_sufficient","18y","Male","Bacteria","Elusimicrobiota","Other"
"1827","ASV588","22E203-054",0,"A22E203.054","22E203-054","22E203.054","18CB579",579,"Children","Boys","F1_18Y_placebo_boys",18,103,"B12_deficient","18y","Male","Bacteria","Elusimicrobiota","Other"
"1828","ASV588","M22E203085",0,"M22E203.085","M22E203085","M22E203085","18CG401",401,"Children","Girls","F1_18Y_child_girl",18,263,"B12_sufficient","18y","Female","Bacteria","Elusimicrobiota","Other"
"1829","ASV588","22E203-120",0,"A22E203.120","22E203-120","22E203.120","24YF196",196,"Parents","Father","F0_24Y_Father",24,90,"B12_deficient","24y","Male","Bacteria","Elusimicrobiota","Other"
"1830","ASV588","22E203-191",0,"A22E203.191","22E203-191","22E203.191","24YM429",429,"Parents","Mother","F0_24Y_Mothers",24,138,"B12_deficient","24y","Female","Bacteria","Elusimicrobiota","Other"
"1831","ASV588","22E203-146",0,"A22E203.146","22E203-146","22E203.146","24YF563",563,"Parents","Father","F0_24Y_Father",24,185,"B12_sufficient","24y","Male","Bacteria","Elusimicrobiota","Other"
"1832","ASV588","22E203-114",0,"A22E203.114","22E203-114","22E203.114","24YF85",85,"Parents","Father","F0_24Y_Father",24,187,"B12_sufficient","24y","Male","Bacteria","Elusimicrobiota","Other"
"1833","ASV588","M22E203107",0,"M22E203.107","M22E203107","M22E203107","18CG649",649,"Children","Girls","F1_18Y_child_girl",18,245,"B12_sufficient","18y","Female","Bacteria","Elusimicrobiota","Other"
"1834","ASV588","22E203-172",0,"A22E203.172","22E203-172","22E203.172","24YM185",185,"Parents","Mother","F0_24Y_Mothers",24,118,"B12_deficient","24y","Female","Bacteria","Elusimicrobiota","Other"
"1835","ASV588","22E203-024",0,"A22E203.024","22E203-024","22E203.024","18CB200",200,"Children","Boys","F1_18Y_placebo_boys",18,144,"B12_deficient","18y","Male","Bacteria","Elusimicrobiota","Other"
"1836","ASV588","M22E203059",0,"M22E203.059","M22E203059","M22E203059","18CB645",645,"Children","Boys","F1_18Y_child_boys",18,173.2,"B12_sufficient","18y","Male","Bacteria","Elusimicrobiota","Other"
"1837","ASV588","22E203-199",0,"A22E203.199","22E203-199","22E203.199","24YM510",510,"Parents","Mother","F0_24Y_Mothers",24,132,"B12_deficient","24y","Female","Bacteria","Elusimicrobiota","Other"
"1838","ASV588","22E203-153",0,"A22E203.153","22E203-153","22E203.153","24YF624",624,"Parents","Father","F0_24Y_Father",24,326,"B12_sufficient","24y","Male","Bacteria","Elusimicrobiota","Other"
"1839","ASV588","M22E203044",0,"M22E203.044","M22E203044","M22E203044","18CB447",447,"Children","Boys","F1_18Y_child_boys",18,145.5,"B12_deficient","18y","Male","Bacteria","Elusimicrobiota","Other"
"1840","ASV588","22E203-057",0,"A22E203.057","22E203-057","22E203.057","18CB629",629,"Children","Boys","F1_18Y_placebo_boys",18,96,"B12_deficient","18y","Male","Bacteria","Elusimicrobiota","Other"
"1841","ASV588","M22E203086",0,"M22E203.086","M22E203086","M22E203086","18CG414",414,"Children","Girls","F1_18Y_child_girl",18,134,"B12_deficient","18y","Female","Bacteria","Elusimicrobiota","Other"
"1842","ASV588","M22E203108",0,"M22E203.108","M22E203108","M22E203108","18CG678",678,"Children","Girls","F1_18Y_child_girl",18,131.3,"B12_deficient","18y","Female","Bacteria","Elusimicrobiota","Other"
"1843","ASV588","22E203-150",0,"A22E203.150","22E203-150","22E203.150","24YF582",582,"Parents","Father","F0_24Y_Father",24,195,"B12_sufficient","24y","Male","Bacteria","Elusimicrobiota","Other"
"1844","ASV588","22E203-147",0,"A22E203.147","22E203-147","22E203.147","24YF572",572,"Parents","Father","F0_24Y_Father",24,83,"B12_deficient","24y","Male","Bacteria","Elusimicrobiota","Other"
"1845","ASV588","22E203-115",0,"A22E203.115","22E203-115","22E203.115","24YF92",92,"Parents","Father","F0_24Y_Father",24,45,"B12_deficient","24y","Male","Bacteria","Elusimicrobiota","Other"
"1846","ASV588","22E203-200",0,"A22E203.200","22E203-200","22E203.200","24YM511",511,"Parents","Mother","F0_24Y_Mothers",24,117,"B12_deficient","24y","Female","Bacteria","Elusimicrobiota","Other"
"1847","ASV588","22E203-173",0,"A22E203.173","22E203-173","22E203.173","24YM196",196,"Parents","Mother","F0_24Y_Mothers",24,198,"B12_sufficient","24y","Female","Bacteria","Elusimicrobiota","Other"
"1848","ASV588","22E203-025",0,"A22E203.025","22E203-025","22E203.025","18CB202",202,"Children","Boys","F1_18Y_placebo_boys",18,188,"B12_sufficient","18y","Male","Bacteria","Elusimicrobiota","Other"
"1849","ASV588","M22E203062",0,"M22E203.062","M22E203062","M22E203062","18CB695",695,"Children","Boys","F1_18Y_child_boys",18,122,"B12_deficient","18y","Male","Bacteria","Elusimicrobiota","Other"
"1850","ASV588","M22E203088",0,"M22E203.088","M22E203088","M22E203088","18CG434",434,"Children","Girls","F1_18Y_child_girl",18,197,"B12_sufficient","18y","Female","Bacteria","Elusimicrobiota","Other"
"1851","ASV588","22E203-154",0,"A22E203.154","22E203-154","22E203.154","24YF625",625,"Parents","Father","F0_24Y_Father",24,138,"B12_deficient","24y","Male","Bacteria","Elusimicrobiota","Other"
"1852","ASV588","M22E203045",0,"M22E203.045","M22E203045","M22E203045","18CB474",474,"Children","Boys","F1_18Y_child_boys",18,133,"B12_deficient","18y","Male","Bacteria","Elusimicrobiota","Other"
"1853","ASV588","22E203-058",0,"A22E203.058","22E203-058","22E203.058","18CB644",644,"Children","Boys","F1_18Y_placebo_boys",18,60.2,"B12_deficient","18y","Male","Bacteria","Elusimicrobiota","Other"
"1854","ASV588","22E203-116",0,"A22E203.116","22E203-116","22E203.116","24YF100",100,"Parents","Father","F0_24Y_Father",24,101.5,"B12_deficient","24y","Male","Bacteria","Elusimicrobiota","Other"
"1855","ASV588","M22E203160",0,"M22E203.160","M22E203160","M22E203160","24YM14",14,"Parents","Mother","F0_24Y_Mothers",24,146,"B12_deficient","24y","Female","Bacteria","Elusimicrobiota","Other"
"1856","ASV588","22E203-151",0,"A22E203.151","22E203-151","22E203.151","24YF590",590,"Parents","Father","F0_24Y_Father",24,169,"B12_sufficient","24y","Male","Bacteria","Elusimicrobiota","Other"
"1857","ASV588","22E203-148",0,"A22E203.148","22E203-148","22E203.148","24YF577",577,"Parents","Father","F0_24Y_Father",24,124,"B12_deficient","24y","Male","Bacteria","Elusimicrobiota","Other"
"1858","ASV588","M22E203064",0,"M22E203.064","M22E203064","M22E203064","18CG5",5,"Children","Girls","F1_18Y_child_girl",18,172.6,"B12_sufficient","18y","Female","Bacteria","Elusimicrobiota","Other"
"1859","ASV588","22E203-201",0,"A22E203.201","22E203-201","22E203.201","24YM541",541,"Parents","Mother","F0_24Y_Mothers",24,240,"B12_sufficient","24y","Female","Bacteria","Elusimicrobiota","Other"
"1860","ASV588","22E203-174",0,"A22E203.174","22E203-174","22E203.174","24YM201",201,"Parents","Mother","F0_24Y_Mothers",24,330,"B12_sufficient","24y","Female","Bacteria","Elusimicrobiota","Other"
"1861","ASV588","22E203-027",0,"A22E203.027","22E203-027","22E203.027","18CB223",223,"Children","Boys","F1_18Y_placebo_boys",18,199.1,"B12_sufficient","18y","Male","Bacteria","Elusimicrobiota","Other"
"1862","ASV588","22E203-060",0,"A22E203.060","22E203-060","22E203.060","18CB651",651,"Children","Boys","F1_18Y_placebo_boys",18,141,"B12_deficient","18y","Male","Bacteria","Elusimicrobiota","Other"
"1863","ASV588","M22E203089",0,"M22E203.089","M22E203089","M22E203089","18CG436",436,"Children","Girls","F1_18Y_child_girl",18,131,"B12_deficient","18y","Female","Bacteria","Elusimicrobiota","Other"
"1864","ASV588","22E203-155",0,"A22E203.155","22E203-155","22E203.155","24YF638",638,"Parents","Father","F0_24Y_Father",24,135,"B12_deficient","24y","Male","Bacteria","Elusimicrobiota","Other"
"1865","ASV588","M22E203051",0,"M22E203.051","M22E203051","M22E203051","18CB540",540,"Children","Boys","F1_18Y_child_boys",18,136,"B12_deficient","18y","Male","Bacteria","Elusimicrobiota","Other"
"1866","ASV588","22E203-149",0,"A22E203.149","22E203-149","22E203.149","24YF578",578,"Parents","Father","F0_24Y_Father",24,255,"B12_sufficient","24y","Male","Bacteria","Elusimicrobiota","Other"
"1867","ASV588","22E203-117",0,"A22E203.117","22E203-117","22E203.117","24YF116",116,"Parents","Father","F0_24Y_Father",24,291,"B12_sufficient","24y","Male","Bacteria","Elusimicrobiota","Other"
"1868","ASV588","M22E203180",0,"M22E203.180","M22E203180","M22E203180","24YM258",258,"Parents","Mother","F0_24Y_Mothers",24,114,"B12_deficient","24y","Female","Bacteria","Elusimicrobiota","Other"
"1869","ASV588","22E203-152",0,"A22E203.152","22E203-152","22E203.152","24YF602",602,"Parents","Father","F0_24Y_Father",24,310,"B12_sufficient","24y","Male","Bacteria","Elusimicrobiota","Other"
"1870","ASV588","22E203-028",0,"A22E203.028","22E203-028","22E203.028","18CB234",234,"Children","Boys","F1_18Y_placebo_boys",18,179,"B12_sufficient","18y","Male","Bacteria","Elusimicrobiota","Other"
"1871","ASV588","M22E203065",0,"M22E203.065","M22E203065","M22E203065","18CG17",17,"Children","Girls","F1_18Y_child_girl",18,86,"B12_deficient","18y","Female","Bacteria","Elusimicrobiota","Other"
"1872","ASV588","22E203-202",0,"A22E203.202","22E203-202","22E203.202","24YM556",556,"Parents","Mother","F0_24Y_Mothers",24,161,"B12_sufficient","24y","Female","Bacteria","Elusimicrobiota","Other"
"1873","ASV588","22E203-175",0,"A22E203.175","22E203-175","22E203.175","24YM220",220,"Parents","Mother","F0_24Y_Mothers",24,231,"B12_sufficient","24y","Female","Bacteria","Elusimicrobiota","Other"
"1874","ASV588","22E203-186",0,"A22E203.186","22E203-186","22E203.186","24YM387",387,"Parents","Mother","F0_24Y_Mothers",24,180,"B12_sufficient","24y","Female","Bacteria","Elusimicrobiota","Other"
"1875","ASV588","22E203-047",0,"A22E203.047","22E203-047","22E203.047","18CB492",492,"Children","Boys","F1_18Y_placebo_boys",18,105,"B12_deficient","18y","Male","Bacteria","Elusimicrobiota","Other"
"1876","ASV588","M22E203077",0,"M22E203.077","M22E203077","M22E203077","18CG236",236,"Children","Girls","F1_18Y_child_girl",18,185,"B12_sufficient","18y","Female","Bacteria","Elusimicrobiota","Other"
"1877","ASV588","M22E203036",0,"M22E203.036","M22E203036","M22E203036","18CB340",340,"Children","Boys","F1_18Y_child_boys",18,250,"B12_sufficient","18y","Male","Bacteria","Elusimicrobiota","Other"
"1878","ASV588","22E203-176",0,"A22E203.176","22E203-176","22E203.176","24YM221",221,"Parents","Mother","F0_24Y_Mothers",24,213,"B12_sufficient","24y","Female","Bacteria","Elusimicrobiota","Other"
"1879","ASV588","22E203-030",0,"A22E203.030","22E203-030","22E203.030","18CB258",258,"Children","Boys","F1_18Y_placebo_boys",18,182,"B12_sufficient","18y","Male","Bacteria","Elusimicrobiota","Other"
"1880","ASV588","M22E203066",0,"M22E203.066","M22E203066","M22E203066","18CG28",28,"Children","Girls","F1_18Y_child_girl",18,115,"B12_deficient","18y","Female","Bacteria","Elusimicrobiota","Other"
"1881","ASV588","22E203-179",0,"A22E203.179","22E203-179","22E203.179","24YM239",239,"Parents","Mother","F0_24Y_Mothers",24,101,"B12_deficient","24y","Female","Bacteria","Elusimicrobiota","Other"
"1882","ASV588","M22E203039",0,"M22E203.039","M22E203039","M22E203039","18CB391",391,"Children","Boys","F1_18Y_child_boys",18,119.3,"B12_deficient","18y","Male","Bacteria","Elusimicrobiota","Other"
"1883","ASV588","22E203-187",0,"A22E203.187","22E203-187","22E203.187","24YM414",414,"Parents","Mother","F0_24Y_Mothers",24,102,"B12_deficient","24y","Female","Bacteria","Elusimicrobiota","Other"
"1884","ASV588","22E203-048",0,"A22E203.048","22E203-048","22E203.048","18CB503",503,"Children","Boys","F1_18Y_placebo_boys",18,191,"B12_sufficient","18y","Male","Bacteria","Elusimicrobiota","Other"
"1885","ASV588","22E203-203",0,"A22E203.203","22E203-203","22E203.203","24YM558",558,"Parents","Mother","F0_24Y_Mothers",24,1073,"B12_sufficient","24y","Female","Bacteria","Elusimicrobiota","Other"
"1886","ASV588","22E203-181",0,"A22E203.181","22E203-181","22E203.181","24YM278",278,"Parents","Mother","F0_24Y_Mothers",24,96,"B12_deficient","24y","Female","Bacteria","Elusimicrobiota","Other"
"1888","ASV588","22E203-031",0,"A22E203.031","22E203-031","22E203.031","18CB287",287,"Children","Boys","F1_18Y_placebo_boys",18,296,"B12_sufficient","18y","Male","Bacteria","Elusimicrobiota","Other"
"1889","ASV588","M22E203078",0,"M22E203.078","M22E203078","M22E203078","18CG283",283,"Children","Girls","F1_18Y_child_girl",18,133.4,"B12_deficient","18y","Female","Bacteria","Elusimicrobiota","Other"
"1890","ASV588","22E203-204",0,"A22E203.204","22E203-204","22E203.204","24YM560",560,"Parents","Mother","F0_24Y_Mothers",24,136,"B12_deficient","24y","Female","Bacteria","Elusimicrobiota","Other"
"1891","ASV588","M22E203042",0,"M22E203.042","M22E203042","M22E203042","18CB426",426,"Children","Boys","F1_18Y_child_boys",18,130.2,"B12_deficient","18y","Male","Bacteria","Elusimicrobiota","Other"
"1892","ASV588","22E203-188",0,"A22E203.188","22E203-188","22E203.188","24YM415",415,"Parents","Mother","F0_24Y_Mothers",24,277,"B12_sufficient","24y","Female","Bacteria","Elusimicrobiota","Other"
"1893","ASV588","M22E203068",0,"M22E203.068","M22E203068","M22E203068","18CG53",53,"Children","Girls","F1_18Y_child_girl",18,186.4,"B12_sufficient","18y","Female","Bacteria","Elusimicrobiota","Other"
"1894","ASV588","M22E203079",0,"M22E203.079","M22E203079","M22E203079","18CG288",288,"Children","Girls","F1_18Y_child_girl",18,288,"B12_sufficient","18y","Female","Bacteria","Elusimicrobiota","Other"
"1895","ASV588","22E203-182",0,"A22E203.182","22E203-182","22E203.182","24YM292",292,"Parents","Mother","F0_24Y_Mothers",24,231,"B12_sufficient","24y","Female","Bacteria","Elusimicrobiota","Other"
"1896","ASV588","22E203-178",0,"A22E203.178","22E203-178","22E203.178","24YM237",237,"Parents","Mother","F0_24Y_Mothers",24,189,"B12_sufficient","24y","Female","Bacteria","Elusimicrobiota","Other"
"1897","ASV588","22E203-049",0,"A22E203.049","22E203-049","22E203.049","18CB517",517,"Children","Boys","F1_18Y_placebo_boys",18,182,"B12_sufficient","18y","Male","Bacteria","Elusimicrobiota","Other"
"1898","ASV588","M22E203069",0,"M22E203.069","M22E203069","M22E203069","18CG64",64,"Children","Girls","F1_18Y_child_girl",18,143,"B12_deficient","18y","Female","Bacteria","Elusimicrobiota","Other"
"1899","ASV588","22E203-205",0,"A22E203.205","22E203-205","22E203.205","24YM563",563,"Parents","Mother","F0_24Y_Mothers",24,239,"B12_sufficient","24y","Female","Bacteria","Elusimicrobiota","Other"
"1900","ASV588","22E203-183",0,"A22E203.183","22E203-183","22E203.183","24YM294",294,"Parents","Mother","F0_24Y_Mothers",24,128,"B12_deficient","24y","Female","Bacteria","Elusimicrobiota","Other"
"1901","ASV588","22E203-035",0,"A22E203.035","22E203-035","22E203.035","18CB315",315,"Children","Boys","F1_18Y_placebo_boys",18,195,"B12_sufficient","18y","Male","Bacteria","Elusimicrobiota","Other"
"1902","ASV588","M22E203032",0,"M22E203.032","M22E203032","M22E203032","18CB304",304,"Children","Boys","F1_18Y_child_boys",18,216,"B12_sufficient","18y","Male","Bacteria","Elusimicrobiota","Other"
"1903","ASV588","M22E203070",0,"M22E203.070","M22E203070","M22E203070","18CG84",84,"Children","Girls","F1_18Y_child_girl",18,282,"B12_sufficient","18y","Female","Bacteria","Elusimicrobiota","Other"
"1904","ASV588","22E203-206",0,"A22E203.206","22E203-206","22E203.206","24YM638",638,"Parents","Mother","F0_24Y_Mothers",24,146,"B12_deficient","24y","Female","Bacteria","Elusimicrobiota","Other"
"1905","ASV588","22E203-041",0,"A22E203.041","22E203-041","22E203.041","18CB416",416,"Children","Boys","F1_18Y_placebo_boys",18,135,"B12_deficient","18y","Male","Bacteria","Elusimicrobiota","Other"
"1906","ASV588","22E203-037",0,"A22E203.037","22E203-037","22E203.037","18CB371",371,"Children","Boys","F1_18Y_placebo_boys",18,188,"B12_sufficient","18y","Male","Bacteria","Elusimicrobiota","Other"
"1907","ASV588","M22E203033",0,"M22E203.033","M22E203033","M22E203033","18CB307",307,"Children","Boys","F1_18Y_child_boys",18,117,"B12_deficient","18y","Male","Bacteria","Elusimicrobiota","Other"
"1908","ASV588","M22E203071",0,"M22E203.071","M22E203071","M22E203071","18CG163",163,"Children","Girls","F1_18Y_child_girl",18,194,"B12_sufficient","18y","Female","Bacteria","Elusimicrobiota","Other"
"1909","ASV588","22E203-184",0,"A22E203.184","22E203-184","22E203.184","24YM316",316,"Parents","Mother","F0_24Y_Mothers",24,161,"B12_sufficient","24y","Female","Bacteria","Elusimicrobiota","Other"
"1910","ASV588","22E203-043",0,"A22E203.043","22E203-043","22E203.043","18CB433",433,"Children","Boys","F1_18Y_placebo_boys",18,75,"B12_deficient","18y","Male","Bacteria","Elusimicrobiota","Other"
"1911","ASV588","22E203-038",0,"A22E203.038","22E203-038","22E203.038","18CB375",375,"Children","Boys","F1_18Y_placebo_boys",18,149.5,"B12_deficient","18y","Male","Bacteria","Elusimicrobiota","Other"
"1912","ASV588","M22E203034",0,"M22E203.034","M22E203034","M22E203034","18CB312",312,"Children","Boys","F1_18Y_child_boys",18,380.5,"B12_sufficient","18y","Male","Bacteria","Elusimicrobiota","Other"
"1914","ASV588","22E203-185",0,"A22E203.185","22E203-185","22E203.185","24YM342",342,"Parents","Mother","F0_24Y_Mothers",24,121,"B12_deficient","24y","Female","Bacteria","Elusimicrobiota","Other"
"1915","ASV588","22E203-046",0,"A22E203.046","22E203-046","22E203.046","18CB477",477,"Children","Boys","F1_18Y_placebo_boys",18,152.8,"B12_sufficient","18y","Male","Bacteria","Elusimicrobiota","Other"
"1916","ASV588","22E203-040",0,"A22E203.040","22E203-040","22E203.040","18CB400",400,"Children","Boys","F1_18Y_placebo_boys",18,244,"B12_sufficient","18y","Male","Bacteria","Elusimicrobiota","Other"
"1917","ASV588","M22E203072",0,"M22E203.072","M22E203072","M22E203072","18CG198",198,"Children","Girls","F1_18Y_child_girl",18,284.1,"B12_sufficient","18y","Female","Bacteria","Elusimicrobiota","Other"
"1918","ASV588","22E203-208",0,"A22E203.208","22E203-208","22E203.208","24YM667",667,"Parents","Mother","F0_24Y_Mothers",24,98,"B12_deficient","24y","Female","Bacteria","Elusimicrobiota","Other"
"1919","ASV588","22E203-209",0,"A22E203.209","22E203-209","22E203.209","24YM708",708,"Parents","Mother","F0_24Y_Mothers",24,83,"B12_deficient","24y","Female","Bacteria","Elusimicrobiota","Other"
"1920","ASV588","M22E203023",0,"M22E203.023","M22E203023","M22E203023","18CB183",183,"Children","Boys","F1_18Y_child_boys",18,117,"B12_deficient","18y","Male","Bacteria","Elusimicrobiota","Other"
"1921","ASV588","M22E203026",0,"M22E203.026","M22E203026","M22E203026","18CB218",218,"Children","Boys","F1_18Y_child_boys",18,86,"B12_deficient","18y","Male","Bacteria","Elusimicrobiota","Other"
"1922","ASV588","M22E203073",0,"M22E203.073","M22E203073","M22E203073","18CG199",199,"Children","Girls","F1_18Y_child_girl",18,106,"B12_deficient","18y","Female","Bacteria","Elusimicrobiota","Other"
"1923","ASV588","M22E203074",0,"M22E203.074","M22E203074","M22E203074","18CG207",207,"Children","Girls","F1_18Y_child_girl",18,123.1,"B12_deficient","18y","Female","Bacteria","Elusimicrobiota","Other"
"1925","ASV588","M22E203015",0,"M22E203.015","M22E203015","M22E203015","18CB24",24,"Children","Boys","F1_18Y_child_boys",18,114,"B12_deficient","18y","Male","Bacteria","Elusimicrobiota","Other"
"1926","ASV588","M22E203029",0,"M22E203.029","M22E203029","M22E203029","18CB246",246,"Children","Boys","F1_18Y_child_boys",18,94,"B12_deficient","18y","Male","Bacteria","Elusimicrobiota","Other"
"1927","ASV588","M22E203020",0,"M22E203.020","M22E203020","M22E203020","18CB97",97,"Children","Boys","F1_18Y_child_boys",18,157.7,"B12_sufficient","18y","Male","Bacteria","Elusimicrobiota","Other"
"1928","ASV588","M22E203076",0,"M22E203.076","M22E203076","M22E203076","18CG233",233,"Children","Girls","F1_18Y_child_girl",18,112,"B12_deficient","18y","Female","Bacteria","Elusimicrobiota","Other"
"1929","ASV588","M22E203018",0,"M22E203.018","M22E203018","M22E203018","18CB44",44,"Children","Boys","F1_18Y_child_boys",18,131.3,"B12_deficient","18y","Male","Bacteria","Elusimicrobiota","Other"
"1930","ASV588","M22E203022",0,"M22E203.022","M22E203022","M22E203022","18CB152",152,"Children","Boys","F1_18Y_child_boys",18,118.1,"B12_deficient","18y","Male","Bacteria","Elusimicrobiota","Other"
"1931","ASV5902","22E203-109",0,"A22E203.109","22E203-109","22E203.109","18CG684",684,"Children","Girls","F1_18Y_placebo_girls",18,174,"B12_sufficient","18y","Female","Bacteria","Thermodesulfobacteriota","Other"
"1932","ASV5902","22E203-081",0,"A22E203.081","22E203-081","22E203.081","18CG314",314,"Children","Girls","F1_18Y_placebo_girls",18,175,"B12_sufficient","18y","Female","Bacteria","Thermodesulfobacteriota","Other"
"1933","ASV5902","22E203-137",0,"A22E203.137","22E203-137","22E203.137","24YF454",454,"Parents","Father","F0_24Y_Father",24,124,"B12_deficient","24y","Male","Bacteria","Thermodesulfobacteriota","Other"
"1934","ASV5902","22E203-075",0,"A22E203.075","22E203-075","22E203.075","18CG219",219,"Children","Girls","F1_18Y_placebo_girls",18,146.5,"B12_deficient","18y","Female","Bacteria","Thermodesulfobacteriota","Other"
"1935","ASV5902","22E203-127",0,"A22E203.127","22E203-127","22E203.127","24YF299",299,"Parents","Father","F0_24Y_Father",24,166,"B12_sufficient","24y","Male","Bacteria","Thermodesulfobacteriota","Other"
"1936","ASV5902","22E203-110",0,"A22E203.110","22E203-110","22E203.110","24YF14",14,"Parents","Father","F0_24Y_Father",24,151,"B12_sufficient","24y","Male","Bacteria","Thermodesulfobacteriota","Other"
"1937","ASV5902","22E203-111",0,"A22E203.111","22E203-111","22E203.111","24YF36",36,"Parents","Father","F0_24Y_Father",24,106,"B12_deficient","24y","Male","Bacteria","Thermodesulfobacteriota","Other"
"1939","ASV5902","22E203-118",0,"A22E203.118","22E203-118","22E203.118","24YF179",179,"Parents","Father","F0_24Y_Father",24,122,"B12_deficient","24y","Male","Bacteria","Thermodesulfobacteriota","Other"
"1940","ASV5902","22E203-084",0,"A22E203.084","22E203-084","22E203.084","18CG386",386,"Children","Girls","F1_18Y_placebo_girls",18,157,"B12_sufficient","18y","Female","Bacteria","Thermodesulfobacteriota","Other"
"1941","ASV5902","22E203-134",0,"A22E203.134","22E203-134","22E203.134","24YF437",437,"Parents","Father","F0_24Y_Father",24,219,"B12_sufficient","24y","Male","Bacteria","Thermodesulfobacteriota","Other"
"1942","ASV5902","22E203-080",0,"A22E203.080","22E203-080","22E203.080","18CG294",294,"Children","Girls","F1_18Y_placebo_girls",18,213.3,"B12_sufficient","18y","Female","Bacteria","Thermodesulfobacteriota","Other"
"1943","ASV5902","22E203-141",0,"A22E203.141","22E203-141","22E203.141","24YF490",490,"Parents","Father","F0_24Y_Father",24,144,"B12_deficient","24y","Male","Bacteria","Thermodesulfobacteriota","Other"
"1944","ASV5902","22E203-138",0,"A22E203.138","22E203-138","22E203.138","24YF465",465,"Parents","Father","F0_24Y_Father",24,184,"B12_sufficient","24y","Male","Bacteria","Thermodesulfobacteriota","Other"
"1945","ASV5902","22E203-087",0,"A22E203.087","22E203-087","22E203.087","18CG429",429,"Children","Girls","F1_18Y_placebo_girls",18,203,"B12_sufficient","18y","Female","Bacteria","Thermodesulfobacteriota","Other"
"1946","ASV5902","22E203-140",0,"A22E203.140","22E203-140","22E203.140","24YF472",472,"Parents","Father","F0_24Y_Father",24,116,"B12_deficient","24y","Male","Bacteria","Thermodesulfobacteriota","Other"
"1947","ASV5902","22E203-113",0,"A22E203.113","22E203-113","22E203.113","24YF76",76,"Parents","Father","F0_24Y_Father",24,108,"B12_deficient","24y","Male","Bacteria","Thermodesulfobacteriota","Other"
"1948","ASV5902","22E203-128",0,"A22E203.128","22E203-128","22E203.128","24YF348",348,"Parents","Father","F0_24Y_Father",24,164,"B12_sufficient","24y","Male","Bacteria","Thermodesulfobacteriota","Other"
"1949","ASV5902","22E203-139",0,"A22E203.139","22E203-139","22E203.139","24YF468",468,"Parents","Father","F0_24Y_Father",24,144.7,"B12_deficient","24y","Male","Bacteria","Thermodesulfobacteriota","Other"
"1950","ASV5902","22E203-112",0,"A22E203.112","22E203-112","22E203.112","24YF54",54,"Parents","Father","F0_24Y_Father",24,116,"B12_deficient","24y","Male","Bacteria","Thermodesulfobacteriota","Other"
"1951","ASV5902","22E203-136",0,"A22E203.136","22E203-136","22E203.136","24YF441",441,"Parents","Father","F0_24Y_Father",24,340,"B12_sufficient","24y","Male","Bacteria","Thermodesulfobacteriota","Other"
"1952","ASV5902","22E203-119",0,"A22E203.119","22E203-119","22E203.119","24YF192",192,"Parents","Father","F0_24Y_Father",24,295,"B12_sufficient","24y","Male","Bacteria","Thermodesulfobacteriota","Other"
"1953","ASV5902","22E203-129",0,"A22E203.129","22E203-129","22E203.129","24YF351",351,"Parents","Father","F0_24Y_Father",24,139,"B12_deficient","24y","Male","Bacteria","Thermodesulfobacteriota","Other"
"1954","ASV5902","22E203-135",0,"A22E203.135","22E203-135","22E203.135","24YF438",438,"Parents","Father","F0_24Y_Father",24,312,"B12_sufficient","24y","Male","Bacteria","Thermodesulfobacteriota","Other"
"1955","ASV5902","M22E203065",0,"M22E203.065","M22E203065","M22E203065","18CG17",17,"Children","Girls","F1_18Y_child_girl",18,86,"B12_deficient","18y","Female","Bacteria","Thermodesulfobacteriota","Other"
"1956","ASV5902","22E203-142",0,"A22E203.142","22E203-142","22E203.142","24YF502",502,"Parents","Father","F0_24Y_Father",24,76,"B12_deficient","24y","Male","Bacteria","Thermodesulfobacteriota","Other"
"1957","ASV5902","22E203-120",0,"A22E203.120","22E203-120","22E203.120","24YF196",196,"Parents","Father","F0_24Y_Father",24,90,"B12_deficient","24y","Male","Bacteria","Thermodesulfobacteriota","Other"
"1958","ASV5902","22E203-100",0,"A22E203.100","22E203-100","22E203.100","18CG584",584,"Children","Girls","F1_18Y_placebo_girls",18,109,"B12_deficient","18y","Female","Bacteria","Thermodesulfobacteriota","Other"
"1959","ASV5902","22E203-061",0,"A22E203.061","22E203-061","22E203.061","18CB669",669,"Children","Boys","F1_18Y_placebo_boys",18,NA,NA,"18y","Male","Bacteria","Thermodesulfobacteriota","Other"
"1960","ASV5902","22E203-114",0,"A22E203.114","22E203-114","22E203.114","24YF85",85,"Parents","Father","F0_24Y_Father",24,187,"B12_sufficient","24y","Male","Bacteria","Thermodesulfobacteriota","Other"
"1961","ASV5902","22E203-143",0,"A22E203.143","22E203-143","22E203.143","24YF503",503,"Parents","Father","F0_24Y_Father",24,104,"B12_deficient","24y","Male","Bacteria","Thermodesulfobacteriota","Other"
"1962","ASV5902","22E203-028",0,"A22E203.028","22E203-028","22E203.028","18CB234",234,"Children","Boys","F1_18Y_placebo_boys",18,179,"B12_sufficient","18y","Male","Bacteria","Thermodesulfobacteriota","Other"
"1963","ASV5902","22E203-047",0,"A22E203.047","22E203-047","22E203.047","18CB492",492,"Children","Boys","F1_18Y_placebo_boys",18,105,"B12_deficient","18y","Male","Bacteria","Thermodesulfobacteriota","Other"
"1964","ASV5902","M22E203099",0,"M22E203.099","M22E203099","M22E203099","18CG565",565,"Children","Girls","F1_18Y_child_girl",18,86,"B12_deficient","18y","Female","Bacteria","Thermodesulfobacteriota","Other"
"1965","ASV5902","22E203-166",0,"A22E203.166","22E203-166","22E203.166","24YM70",70,"Parents","Mother","F0_24Y_Mothers",24,519,"B12_sufficient","24y","Female","Bacteria","Thermodesulfobacteriota","Other"
"1966","ASV5902","22E203-130",0,"A22E203.130","22E203-130","22E203.130","24YF369",369,"Parents","Father","F0_24Y_Father",24,34,"B12_deficient","24y","Male","Bacteria","Thermodesulfobacteriota","Other"
"1967","ASV5902","22E203-030",0,"A22E203.030","22E203-030","22E203.030","18CB258",258,"Children","Boys","F1_18Y_placebo_boys",18,182,"B12_sufficient","18y","Male","Bacteria","Thermodesulfobacteriota","Other"
"1968","ASV5902","M22E203066",0,"M22E203.066","M22E203066","M22E203066","18CG28",28,"Children","Girls","F1_18Y_child_girl",18,115,"B12_deficient","18y","Female","Bacteria","Thermodesulfobacteriota","Other"
"1969","ASV5902","22E203-124",0,"A22E203.124","22E203-124","22E203.124","24YF265",265,"Parents","Father","F0_24Y_Father",24,80,"B12_deficient","24y","Male","Bacteria","Thermodesulfobacteriota","Other"
"1970","ASV5902","22E203-121",0,"A22E203.121","22E203-121","22E203.121","24YF198",198,"Parents","Father","F0_24Y_Father",24,220,"B12_sufficient","24y","Male","Bacteria","Thermodesulfobacteriota","Other"
"1971","ASV5902","22E203-131",0,"A22E203.131","22E203-131","22E203.131","24YF383",383,"Parents","Father","F0_24Y_Father",24,154,"B12_sufficient","24y","Male","Bacteria","Thermodesulfobacteriota","Other"
"1972","ASV5902","22E203-063",0,"A22E203.063","22E203-063","22E203.063","18CB702",702,"Children","Boys","F1_18Y_placebo_boys",18,152.6,"B12_sufficient","18y","Male","Bacteria","Thermodesulfobacteriota","Other"
"1973","ASV5902","22E203-115",0,"A22E203.115","22E203-115","22E203.115","24YF92",92,"Parents","Father","F0_24Y_Father",24,45,"B12_deficient","24y","Male","Bacteria","Thermodesulfobacteriota","Other"
"1974","ASV5902","22E203-144",0,"A22E203.144","22E203-144","22E203.144","24YF528",528,"Parents","Father","F0_24Y_Father",24,159,"B12_sufficient","24y","Male","Bacteria","Thermodesulfobacteriota","Other"
"1975","ASV5902","22E203-122",0,"A22E203.122","22E203-122","22E203.122","24YF203",203,"Parents","Father","F0_24Y_Father",24,77,"B12_deficient","24y","Male","Bacteria","Thermodesulfobacteriota","Other"
"1976","ASV5902","22E203-048",0,"A22E203.048","22E203-048","22E203.048","18CB503",503,"Children","Boys","F1_18Y_placebo_boys",18,191,"B12_sufficient","18y","Male","Bacteria","Thermodesulfobacteriota","Other"
"1977","ASV5902","M22E203102",0,"M22E203.102","M22E203102","M22E203102","18CG601",601,"Children","Girls","F1_18Y_child_girl",18,168,"B12_sufficient","18y","Female","Bacteria","Thermodesulfobacteriota","Other"
"1978","ASV5902","22E203-167",0,"A22E203.167","22E203-167","22E203.167","24YM76",76,"Parents","Mother","F0_24Y_Mothers",24,NA,NA,"24y","Female","Bacteria","Thermodesulfobacteriota","Other"
"1979","ASV5902","22E203-145",0,"A22E203.145","22E203-145","22E203.145","24YF547",547,"Parents","Father","F0_24Y_Father",24,123,"B12_deficient","24y","Male","Bacteria","Thermodesulfobacteriota","Other"
"1980","ASV5902","22E203-031",0,"A22E203.031","22E203-031","22E203.031","18CB287",287,"Children","Boys","F1_18Y_placebo_boys",18,296,"B12_sufficient","18y","Male","Bacteria","Thermodesulfobacteriota","Other"
"1981","ASV5902","M22E203068",0,"M22E203.068","M22E203068","M22E203068","18CG53",53,"Children","Girls","F1_18Y_child_girl",18,186.4,"B12_sufficient","18y","Female","Bacteria","Thermodesulfobacteriota","Other"
"1983","ASV5902","22E203-168",0,"A22E203.168","22E203-168","22E203.168","24YM100",100,"Parents","Mother","F0_24Y_Mothers",24,173,"B12_sufficient","24y","Female","Bacteria","Thermodesulfobacteriota","Other"
"1984","ASV5902","22E203-133",0,"A22E203.133","22E203-133","22E203.133","24YF429",429,"Parents","Father","F0_24Y_Father",24,329,"B12_sufficient","24y","Male","Bacteria","Thermodesulfobacteriota","Other"
"1985","ASV5902","22E203-067",0,"A22E203.067","22E203-067","22E203.067","18CG35",35,"Children","Girls","F1_18Y_placebo_girls",18,143.9,"B12_deficient","18y","Female","Bacteria","Thermodesulfobacteriota","Other"
"1986","ASV5902","22E203-116",0,"A22E203.116","22E203-116","22E203.116","24YF100",100,"Parents","Father","F0_24Y_Father",24,101.5,"B12_deficient","24y","Male","Bacteria","Thermodesulfobacteriota","Other"
"1987","ASV5902","22E203-126",0,"A22E203.126","22E203-126","22E203.126","24YF294",294,"Parents","Father","F0_24Y_Father",24,81,"B12_deficient","24y","Male","Bacteria","Thermodesulfobacteriota","Other"
"1988","ASV5902","22E203-123",0,"A22E203.123","22E203-123","22E203.123","24YF244",244,"Parents","Father","F0_24Y_Father",24,259,"B12_sufficient","24y","Male","Bacteria","Thermodesulfobacteriota","Other"
"1989","ASV5902","22E203-049",0,"A22E203.049","22E203-049","22E203.049","18CB517",517,"Children","Boys","F1_18Y_placebo_boys",18,182,"B12_sufficient","18y","Male","Bacteria","Thermodesulfobacteriota","Other"
"1990","ASV5902","M22E203103",0,"M22E203.103","M22E203103","M22E203103","18CG615",615,"Children","Girls","F1_18Y_child_girl",18,244,"B12_sufficient","18y","Female","Bacteria","Thermodesulfobacteriota","Other"
"1991","ASV5902","22E203-117",0,"A22E203.117","22E203-117","22E203.117","24YF116",116,"Parents","Father","F0_24Y_Father",24,291,"B12_sufficient","24y","Male","Bacteria","Thermodesulfobacteriota","Other"
"1992","ASV5902","22E203-146",0,"A22E203.146","22E203-146","22E203.146","24YF563",563,"Parents","Father","F0_24Y_Father",24,185,"B12_sufficient","24y","Male","Bacteria","Thermodesulfobacteriota","Other"
"1993","ASV5902","22E203-035",0,"A22E203.035","22E203-035","22E203.035","18CB315",315,"Children","Boys","F1_18Y_placebo_boys",18,195,"B12_sufficient","18y","Male","Bacteria","Thermodesulfobacteriota","Other"
"1994","ASV5902","M22E203069",0,"M22E203.069","M22E203069","M22E203069","18CG64",64,"Children","Girls","F1_18Y_child_girl",18,143,"B12_deficient","18y","Female","Bacteria","Thermodesulfobacteriota","Other"
"1995","ASV5902","M22E203104",0,"M22E203.104","M22E203104","M22E203104","18CG628",628,"Children","Girls","F1_18Y_child_girl",18,205,"B12_sufficient","18y","Female","Bacteria","Thermodesulfobacteriota","Other"
"1996","ASV5902","22E203-169",0,"A22E203.169","22E203-169","22E203.169","24YM123",123,"Parents","Mother","F0_24Y_Mothers",24,288,"B12_sufficient","24y","Female","Bacteria","Thermodesulfobacteriota","Other"
"1997","ASV5902","22E203-017",0,"A22E203.017","22E203-017","22E203.017","18CB43",43,"Children","Boys","F1_18Y_placebo_boys",18,309,"B12_sufficient","18y","Male","Bacteria","Thermodesulfobacteriota","Other"
"1998","ASV5902","M22E203052",0,"M22E203.052","M22E203052","M22E203052","18CB542",542,"Children","Boys","F1_18Y_child_boys",18,246.5,"B12_sufficient","18y","Male","Bacteria","Thermodesulfobacteriota","Other"
"1999","ASV5902","M22E203093",0,"M22E203.093","M22E203093","M22E203093","18CG482",482,"Children","Girls","F1_18Y_child_girl",18,183,"B12_sufficient","18y","Female","Bacteria","Thermodesulfobacteriota","Other"
"2000","ASV5902","M22E203090",0,"M22E203.090","M22E203090","M22E203090","18CG437",437,"Children","Girls","F1_18Y_child_girl",18,162.3,"B12_sufficient","18y","Female","Bacteria","Thermodesulfobacteriota","Other"
"2001","ASV5902","22E203-156",0,"A22E203.156","22E203-156","22E203.156","24YF640",640,"Parents","Father","F0_24Y_Father",24,83,"B12_deficient","24y","Male","Bacteria","Thermodesulfobacteriota","Other"
"2002","ASV5902","22E203-050",0,"A22E203.050","22E203-050","22E203.050","18CB534",534,"Children","Boys","F1_18Y_placebo_boys",18,338,"B12_sufficient","18y","Male","Bacteria","Thermodesulfobacteriota","Other"
"2003","ASV5902","M22E203082",0,"M22E203.082","M22E203082","M22E203082","18CG341",341,"Children","Girls","F1_18Y_child_girl",18,116.6,"B12_deficient","18y","Female","Bacteria","Thermodesulfobacteriota","Other"
"2004","ASV5902","M22E203077",0,"M22E203.077","M22E203077","M22E203077","18CG236",236,"Children","Girls","F1_18Y_child_girl",18,185,"B12_sufficient","18y","Female","Bacteria","Thermodesulfobacteriota","Other"
"2005","ASV5902","22E203-147",0,"A22E203.147","22E203-147","22E203.147","24YF572",572,"Parents","Father","F0_24Y_Father",24,83,"B12_deficient","24y","Male","Bacteria","Thermodesulfobacteriota","Other"
"2006","ASV5902","22E203-037",0,"A22E203.037","22E203-037","22E203.037","18CB371",371,"Children","Boys","F1_18Y_placebo_boys",18,188,"B12_sufficient","18y","Male","Bacteria","Thermodesulfobacteriota","Other"
"2007","ASV5902","M22E203070",0,"M22E203.070","M22E203070","M22E203070","18CG84",84,"Children","Girls","F1_18Y_child_girl",18,282,"B12_sufficient","18y","Female","Bacteria","Thermodesulfobacteriota","Other"
"2008","ASV5902","M22E203105",0,"M22E203.105","M22E203105","M22E203105","18CG638",638,"Children","Girls","F1_18Y_child_girl",18,290,"B12_sufficient","18y","Female","Bacteria","Thermodesulfobacteriota","Other"
"2009","ASV5902","22E203-170",0,"A22E203.170","22E203-170","22E203.170","24YM171",171,"Parents","Mother","F0_24Y_Mothers",24,100,"B12_deficient","24y","Female","Bacteria","Thermodesulfobacteriota","Other"
"2010","ASV5902","22E203-019",0,"A22E203.019","22E203-019","22E203.019","18CB50",50,"Children","Boys","F1_18Y_placebo_boys",18,145,"B12_deficient","18y","Male","Bacteria","Thermodesulfobacteriota","Other"
"2011","ASV5902","M22E203055",0,"M22E203.055","M22E203055","M22E203055","18CB595",595,"Children","Boys","F1_18Y_child_boys",18,233,"B12_sufficient","18y","Male","Bacteria","Thermodesulfobacteriota","Other"
"2012","ASV5902","M22E203094",0,"M22E203.094","M22E203094","M22E203094","18CG490",490,"Children","Girls","F1_18Y_child_girl",18,208,"B12_sufficient","18y","Female","Bacteria","Thermodesulfobacteriota","Other"
"2013","ASV5902","M22E203091",0,"M22E203.091","M22E203091","M22E203091","18CG438",438,"Children","Girls","F1_18Y_child_girl",18,208.2,"B12_sufficient","18y","Female","Bacteria","Thermodesulfobacteriota","Other"
"2014","ASV5902","22E203-157",0,"A22E203.157","22E203-157","22E203.157","24YF677",677,"Parents","Father","F0_24Y_Father",24,108,"B12_deficient","24y","Male","Bacteria","Thermodesulfobacteriota","Other"
"2015","ASV5902","22E203-053",0,"A22E203.053","22E203-053","22E203.053","18CB544",544,"Children","Boys","F1_18Y_placebo_boys",18,94,"B12_deficient","18y","Male","Bacteria","Thermodesulfobacteriota","Other"
"2016","ASV5902","M22E203083",0,"M22E203.083","M22E203083","M22E203083","18CG346",346,"Children","Girls","F1_18Y_child_girl",18,140,"B12_deficient","18y","Female","Bacteria","Thermodesulfobacteriota","Other"
"2017","ASV5902","M22E203078",0,"M22E203.078","M22E203078","M22E203078","18CG283",283,"Children","Girls","F1_18Y_child_girl",18,133.4,"B12_deficient","18y","Female","Bacteria","Thermodesulfobacteriota","Other"
"2018","ASV5902","22E203-148",0,"A22E203.148","22E203-148","22E203.148","24YF577",577,"Parents","Father","F0_24Y_Father",24,124,"B12_deficient","24y","Male","Bacteria","Thermodesulfobacteriota","Other"
"2019","ASV5902","22E203-038",0,"A22E203.038","22E203-038","22E203.038","18CB375",375,"Children","Boys","F1_18Y_placebo_boys",18,149.5,"B12_deficient","18y","Male","Bacteria","Thermodesulfobacteriota","Other"
"2020","ASV5902","M22E203071",0,"M22E203.071","M22E203071","M22E203071","18CG163",163,"Children","Girls","F1_18Y_child_girl",18,194,"B12_sufficient","18y","Female","Bacteria","Thermodesulfobacteriota","Other"
"2021","ASV5902","M22E203106",0,"M22E203.106","M22E203106","M22E203106","18CG648",648,"Children","Girls","F1_18Y_child_girl",18,181.2,"B12_sufficient","18y","Female","Bacteria","Thermodesulfobacteriota","Other"
"2022","ASV5902","22E203-171",0,"A22E203.171","22E203-171","22E203.171","24YM180",180,"Parents","Mother","F0_24Y_Mothers",24,227,"B12_sufficient","24y","Female","Bacteria","Thermodesulfobacteriota","Other"
"2023","ASV5902","22E203-021",0,"A22E203.021","22E203-021","22E203.021","18CB150",150,"Children","Boys","F1_18Y_placebo_boys",18,195,"B12_sufficient","18y","Male","Bacteria","Thermodesulfobacteriota","Other"
"2024","ASV5902","M22E203056",0,"M22E203.056","M22E203056","M22E203056","18CB604",604,"Children","Boys","F1_18Y_child_boys",18,101,"B12_deficient","18y","Male","Bacteria","Thermodesulfobacteriota","Other"
"2025","ASV5902","M22E203095",0,"M22E203.095","M22E203095","M22E203095","18CG512",512,"Children","Girls","F1_18Y_child_girl",18,98,"B12_deficient","18y","Female","Bacteria","Thermodesulfobacteriota","Other"
"2026","ASV5902","M22E203092",0,"M22E203.092","M22E203092","M22E203092","18CG460",460,"Children","Girls","F1_18Y_child_girl",18,NA,NA,"18y","Female","Bacteria","Thermodesulfobacteriota","Other"
"2027","ASV5902","22E203-158",0,"A22E203.158","22E203-158","22E203.158","24YF708",708,"Parents","Father","F0_24Y_Father",24,496,"B12_sufficient","24y","Male","Bacteria","Thermodesulfobacteriota","Other"
"2028","ASV5902","22E203-054",0,"A22E203.054","22E203-054","22E203.054","18CB579",579,"Children","Boys","F1_18Y_placebo_boys",18,103,"B12_deficient","18y","Male","Bacteria","Thermodesulfobacteriota","Other"
"2029","ASV5902","M22E203085",0,"M22E203.085","M22E203085","M22E203085","18CG401",401,"Children","Girls","F1_18Y_child_girl",18,263,"B12_sufficient","18y","Female","Bacteria","Thermodesulfobacteriota","Other"
"2030","ASV5902","M22E203079",0,"M22E203.079","M22E203079","M22E203079","18CG288",288,"Children","Girls","F1_18Y_child_girl",18,288,"B12_sufficient","18y","Female","Bacteria","Thermodesulfobacteriota","Other"
"2031","ASV5902","22E203-149",0,"A22E203.149","22E203-149","22E203.149","24YF578",578,"Parents","Father","F0_24Y_Father",24,255,"B12_sufficient","24y","Male","Bacteria","Thermodesulfobacteriota","Other"
"2032","ASV5902","22E203-040",0,"A22E203.040","22E203-040","22E203.040","18CB400",400,"Children","Boys","F1_18Y_placebo_boys",18,244,"B12_sufficient","18y","Male","Bacteria","Thermodesulfobacteriota","Other"
"2033","ASV5902","M22E203072",0,"M22E203.072","M22E203072","M22E203072","18CG198",198,"Children","Girls","F1_18Y_child_girl",18,284.1,"B12_sufficient","18y","Female","Bacteria","Thermodesulfobacteriota","Other"
"2034","ASV5902","M22E203107",0,"M22E203.107","M22E203107","M22E203107","18CG649",649,"Children","Girls","F1_18Y_child_girl",18,245,"B12_sufficient","18y","Female","Bacteria","Thermodesulfobacteriota","Other"
"2035","ASV5902","22E203-172",0,"A22E203.172","22E203-172","22E203.172","24YM185",185,"Parents","Mother","F0_24Y_Mothers",24,118,"B12_deficient","24y","Female","Bacteria","Thermodesulfobacteriota","Other"
"2036","ASV5902","22E203-024",0,"A22E203.024","22E203-024","22E203.024","18CB200",200,"Children","Boys","F1_18Y_placebo_boys",18,144,"B12_deficient","18y","Male","Bacteria","Thermodesulfobacteriota","Other"
"2037","ASV5902","M22E203059",0,"M22E203.059","M22E203059","M22E203059","18CB645",645,"Children","Boys","F1_18Y_child_boys",18,173.2,"B12_sufficient","18y","Male","Bacteria","Thermodesulfobacteriota","Other"
"2038","ASV5902","M22E203096",0,"M22E203.096","M22E203096","M22E203096","18CG514",514,"Children","Girls","F1_18Y_child_girl",18,161.9,"B12_sufficient","18y","Female","Bacteria","Thermodesulfobacteriota","Other"
"2039","ASV5902","22E203-163",0,"A22E203.163","22E203-163","22E203.163","24YM40",40,"Parents","Mother","F0_24Y_Mothers",24,466,"B12_sufficient","24y","Female","Bacteria","Thermodesulfobacteriota","Other"
"2040","ASV5902","22E203-159",0,"A22E203.159","22E203-159","22E203.159","24YF710",710,"Parents","Father","F0_24Y_Father",24,106,"B12_deficient","24y","Male","Bacteria","Thermodesulfobacteriota","Other"
"2041","ASV5902","22E203-057",0,"A22E203.057","22E203-057","22E203.057","18CB629",629,"Children","Boys","F1_18Y_placebo_boys",18,96,"B12_deficient","18y","Male","Bacteria","Thermodesulfobacteriota","Other"
"2042","ASV5902","M22E203086",0,"M22E203.086","M22E203086","M22E203086","18CG414",414,"Children","Girls","F1_18Y_child_girl",18,134,"B12_deficient","18y","Female","Bacteria","Thermodesulfobacteriota","Other"
"2043","ASV5902","22E203-153",0,"A22E203.153","22E203-153","22E203.153","24YF624",624,"Parents","Father","F0_24Y_Father",24,326,"B12_sufficient","24y","Male","Bacteria","Thermodesulfobacteriota","Other"
"2044","ASV5902","22E203-150",0,"A22E203.150","22E203-150","22E203.150","24YF582",582,"Parents","Father","F0_24Y_Father",24,195,"B12_sufficient","24y","Male","Bacteria","Thermodesulfobacteriota","Other"
"2045","ASV5902","22E203-041",0,"A22E203.041","22E203-041","22E203.041","18CB416",416,"Children","Boys","F1_18Y_placebo_boys",18,135,"B12_deficient","18y","Male","Bacteria","Thermodesulfobacteriota","Other"
"2046","ASV5902","M22E203073",0,"M22E203.073","M22E203073","M22E203073","18CG199",199,"Children","Girls","F1_18Y_child_girl",18,106,"B12_deficient","18y","Female","Bacteria","Thermodesulfobacteriota","Other"
"2047","ASV5902","M22E203108",0,"M22E203.108","M22E203108","M22E203108","18CG678",678,"Children","Girls","F1_18Y_child_girl",18,131.3,"B12_deficient","18y","Female","Bacteria","Thermodesulfobacteriota","Other"
"2048","ASV5902","22E203-173",0,"A22E203.173","22E203-173","22E203.173","24YM196",196,"Parents","Mother","F0_24Y_Mothers",24,198,"B12_sufficient","24y","Female","Bacteria","Thermodesulfobacteriota","Other"
"2049","ASV5902","22E203-025",0,"A22E203.025","22E203-025","22E203.025","18CB202",202,"Children","Boys","F1_18Y_placebo_boys",18,188,"B12_sufficient","18y","Male","Bacteria","Thermodesulfobacteriota","Other"
"2050","ASV5902","M22E203062",0,"M22E203.062","M22E203062","M22E203062","18CB695",695,"Children","Boys","F1_18Y_child_boys",18,122,"B12_deficient","18y","Male","Bacteria","Thermodesulfobacteriota","Other"
"2051","ASV5902","M22E203097",0,"M22E203.097","M22E203097","M22E203097","18CG539",539,"Children","Girls","F1_18Y_child_girl",18,148,"B12_deficient","18y","Female","Bacteria","Thermodesulfobacteriota","Other"
"2052","ASV5902","22E203-164",0,"A22E203.164","22E203-164","22E203.164","24YM51",51,"Parents","Mother","F0_24Y_Mothers",24,123,"B12_deficient","24y","Female","Bacteria","Thermodesulfobacteriota","Other"
"2053","ASV5902","22E203-161",0,"A22E203.161","22E203-161","22E203.161","24YM36",36,"Parents","Mother","F0_24Y_Mothers",24,185,"B12_sufficient","24y","Female","Bacteria","Thermodesulfobacteriota","Other"
"2054","ASV5902","22E203-058",0,"A22E203.058","22E203-058","22E203.058","18CB644",644,"Children","Boys","F1_18Y_placebo_boys",18,60.2,"B12_deficient","18y","Male","Bacteria","Thermodesulfobacteriota","Other"
"2055","ASV5902","M22E203088",0,"M22E203.088","M22E203088","M22E203088","18CG434",434,"Children","Girls","F1_18Y_child_girl",18,197,"B12_sufficient","18y","Female","Bacteria","Thermodesulfobacteriota","Other"
"2056","ASV5902","22E203-154",0,"A22E203.154","22E203-154","22E203.154","24YF625",625,"Parents","Father","F0_24Y_Father",24,138,"B12_deficient","24y","Male","Bacteria","Thermodesulfobacteriota","Other"
"2057","ASV5902","22E203-151",0,"A22E203.151","22E203-151","22E203.151","24YF590",590,"Parents","Father","F0_24Y_Father",24,169,"B12_sufficient","24y","Male","Bacteria","Thermodesulfobacteriota","Other"
"2058","ASV5902","22E203-043",0,"A22E203.043","22E203-043","22E203.043","18CB433",433,"Children","Boys","F1_18Y_placebo_boys",18,75,"B12_deficient","18y","Male","Bacteria","Thermodesulfobacteriota","Other"
"2059","ASV5902","M22E203074",0,"M22E203.074","M22E203074","M22E203074","18CG207",207,"Children","Girls","F1_18Y_child_girl",18,123.1,"B12_deficient","18y","Female","Bacteria","Thermodesulfobacteriota","Other"
"2060","ASV5902","M22E203160",0,"M22E203.160","M22E203160","M22E203160","24YM14",14,"Parents","Mother","F0_24Y_Mothers",24,146,"B12_deficient","24y","Female","Bacteria","Thermodesulfobacteriota","Other"
"2061","ASV5902","22E203-174",0,"A22E203.174","22E203-174","22E203.174","24YM201",201,"Parents","Mother","F0_24Y_Mothers",24,330,"B12_sufficient","24y","Female","Bacteria","Thermodesulfobacteriota","Other"
"2062","ASV5902","22E203-027",0,"A22E203.027","22E203-027","22E203.027","18CB223",223,"Children","Boys","F1_18Y_placebo_boys",18,199.1,"B12_sufficient","18y","Male","Bacteria","Thermodesulfobacteriota","Other"
"2063","ASV5902","M22E203064",0,"M22E203.064","M22E203064","M22E203064","18CG5",5,"Children","Girls","F1_18Y_child_girl",18,172.6,"B12_sufficient","18y","Female","Bacteria","Thermodesulfobacteriota","Other"
"2064","ASV5902","M22E203098",0,"M22E203.098","M22E203098","M22E203098","18CG558",558,"Children","Girls","F1_18Y_child_girl",18,225,"B12_sufficient","18y","Female","Bacteria","Thermodesulfobacteriota","Other"
"2065","ASV5902","22E203-165",0,"A22E203.165","22E203-165","22E203.165","24YM54",54,"Parents","Mother","F0_24Y_Mothers",24,164,"B12_sufficient","24y","Female","Bacteria","Thermodesulfobacteriota","Other"
"2066","ASV5902","22E203-162",0,"A22E203.162","22E203-162","22E203.162","24YM38",38,"Parents","Mother","F0_24Y_Mothers",24,753,"B12_sufficient","24y","Female","Bacteria","Thermodesulfobacteriota","Other"
"2067","ASV5902","22E203-060",0,"A22E203.060","22E203-060","22E203.060","18CB651",651,"Children","Boys","F1_18Y_placebo_boys",18,141,"B12_deficient","18y","Male","Bacteria","Thermodesulfobacteriota","Other"
"2068","ASV5902","M22E203089",0,"M22E203.089","M22E203089","M22E203089","18CG436",436,"Children","Girls","F1_18Y_child_girl",18,131,"B12_deficient","18y","Female","Bacteria","Thermodesulfobacteriota","Other"
"2069","ASV5902","22E203-155",0,"A22E203.155","22E203-155","22E203.155","24YF638",638,"Parents","Father","F0_24Y_Father",24,135,"B12_deficient","24y","Male","Bacteria","Thermodesulfobacteriota","Other"
"2070","ASV5902","22E203-152",0,"A22E203.152","22E203-152","22E203.152","24YF602",602,"Parents","Father","F0_24Y_Father",24,310,"B12_sufficient","24y","Male","Bacteria","Thermodesulfobacteriota","Other"
"2071","ASV5902","22E203-046",0,"A22E203.046","22E203-046","22E203.046","18CB477",477,"Children","Boys","F1_18Y_placebo_boys",18,152.8,"B12_sufficient","18y","Male","Bacteria","Thermodesulfobacteriota","Other"
"2072","ASV5902","M22E203076",0,"M22E203.076","M22E203076","M22E203076","18CG233",233,"Children","Girls","F1_18Y_child_girl",18,112,"B12_deficient","18y","Female","Bacteria","Thermodesulfobacteriota","Other"
"2073","ASV5902","M22E203180",0,"M22E203.180","M22E203180","M22E203180","24YM258",258,"Parents","Mother","F0_24Y_Mothers",24,114,"B12_deficient","24y","Female","Bacteria","Thermodesulfobacteriota","Other"
"2074","ASV5902","22E203-175",0,"A22E203.175","22E203-175","22E203.175","24YM220",220,"Parents","Mother","F0_24Y_Mothers",24,231,"B12_sufficient","24y","Female","Bacteria","Thermodesulfobacteriota","Other"
"2075","ASV5902","22E203-205",0,"A22E203.205","22E203-205","22E203.205","24YM563",563,"Parents","Mother","F0_24Y_Mothers",24,239,"B12_sufficient","24y","Female","Bacteria","Thermodesulfobacteriota","Other"
"2076","ASV5902","M22E203044",0,"M22E203.044","M22E203044","M22E203044","18CB447",447,"Children","Boys","F1_18Y_child_boys",18,145.5,"B12_deficient","18y","Male","Bacteria","Thermodesulfobacteriota","Other"
"2077","ASV5902","22E203-202",0,"A22E203.202","22E203-202","22E203.202","24YM556",556,"Parents","Mother","F0_24Y_Mothers",24,161,"B12_sufficient","24y","Female","Bacteria","Thermodesulfobacteriota","Other"
"2078","ASV5902","22E203-199",0,"A22E203.199","22E203-199","22E203.199","24YM510",510,"Parents","Mother","F0_24Y_Mothers",24,132,"B12_deficient","24y","Female","Bacteria","Thermodesulfobacteriota","Other"
"2079","ASV5902","22E203-196",0,"A22E203.196","22E203-196","22E203.196","24YM472",472,"Parents","Mother","F0_24Y_Mothers",24,105,"B12_deficient","24y","Female","Bacteria","Thermodesulfobacteriota","Other"
"2080","ASV5902","M22E203023",0,"M22E203.023","M22E203023","M22E203023","18CB183",183,"Children","Boys","F1_18Y_child_boys",18,117,"B12_deficient","18y","Male","Bacteria","Thermodesulfobacteriota","Other"
"2081","ASV5902","22E203-192",0,"A22E203.192","22E203-192","22E203.192","24YM444",444,"Parents","Mother","F0_24Y_Mothers",24,435,"B12_sufficient","24y","Female","Bacteria","Thermodesulfobacteriota","Other"
"2082","ASV5902","22E203-189",0,"A22E203.189","22E203-189","22E203.189","24YM418",418,"Parents","Mother","F0_24Y_Mothers",24,107,"B12_deficient","24y","Female","Bacteria","Thermodesulfobacteriota","Other"
"2083","ASV5902","22E203-186",0,"A22E203.186","22E203-186","22E203.186","24YM387",387,"Parents","Mother","F0_24Y_Mothers",24,180,"B12_sufficient","24y","Female","Bacteria","Thermodesulfobacteriota","Other"
"2084","ASV5902","22E203-206",0,"A22E203.206","22E203-206","22E203.206","24YM638",638,"Parents","Mother","F0_24Y_Mothers",24,146,"B12_deficient","24y","Female","Bacteria","Thermodesulfobacteriota","Other"
"2085","ASV5902","22E203-183",0,"A22E203.183","22E203-183","22E203.183","24YM294",294,"Parents","Mother","F0_24Y_Mothers",24,128,"B12_deficient","24y","Female","Bacteria","Thermodesulfobacteriota","Other"
"2086","ASV5902","22E203-179",0,"A22E203.179","22E203-179","22E203.179","24YM239",239,"Parents","Mother","F0_24Y_Mothers",24,101,"B12_deficient","24y","Female","Bacteria","Thermodesulfobacteriota","Other"
"2087","ASV5902","22E203-176",0,"A22E203.176","22E203-176","22E203.176","24YM221",221,"Parents","Mother","F0_24Y_Mothers",24,213,"B12_sufficient","24y","Female","Bacteria","Thermodesulfobacteriota","Other"
"2088","ASV5902","22E203-197",0,"A22E203.197","22E203-197","22E203.197","24YM475",475,"Parents","Mother","F0_24Y_Mothers",24,305,"B12_sufficient","24y","Female","Bacteria","Thermodesulfobacteriota","Other"
"2089","ASV5902","M22E203045",0,"M22E203.045","M22E203045","M22E203045","18CB474",474,"Children","Boys","F1_18Y_child_boys",18,133,"B12_deficient","18y","Male","Bacteria","Thermodesulfobacteriota","Other"
"2090","ASV5902","22E203-203",0,"A22E203.203","22E203-203","22E203.203","24YM558",558,"Parents","Mother","F0_24Y_Mothers",24,1073,"B12_sufficient","24y","Female","Bacteria","Thermodesulfobacteriota","Other"
"2091","ASV5902","22E203-200",0,"A22E203.200","22E203-200","22E203.200","24YM511",511,"Parents","Mother","F0_24Y_Mothers",24,117,"B12_deficient","24y","Female","Bacteria","Thermodesulfobacteriota","Other"
"2092","ASV5902","22E203-187",0,"A22E203.187","22E203-187","22E203.187","24YM414",414,"Parents","Mother","F0_24Y_Mothers",24,102,"B12_deficient","24y","Female","Bacteria","Thermodesulfobacteriota","Other"
"2093","ASV5902","M22E203026",0,"M22E203.026","M22E203026","M22E203026","18CB218",218,"Children","Boys","F1_18Y_child_boys",18,86,"B12_deficient","18y","Male","Bacteria","Thermodesulfobacteriota","Other"
"2094","ASV5902","22E203-194",0,"A22E203.194","22E203-194","22E203.194","24YM452",452,"Parents","Mother","F0_24Y_Mothers",24,174,"B12_sufficient","24y","Female","Bacteria","Thermodesulfobacteriota","Other"
"2095","ASV5902","22E203-190",0,"A22E203.190","22E203-190","22E203.190","24YM427",427,"Parents","Mother","F0_24Y_Mothers",24,178,"B12_sufficient","24y","Female","Bacteria","Thermodesulfobacteriota","Other"
"2096","ASV5902","22E203-177",0,"A22E203.177","22E203-177","22E203.177","24YM233",233,"Parents","Mother","F0_24Y_Mothers",24,494,"B12_sufficient","24y","Female","Bacteria","Thermodesulfobacteriota","Other"
"2097","ASV5902","22E203-207",0,"A22E203.207","22E203-207","22E203.207","24YM655",655,"Parents","Mother","F0_24Y_Mothers",24,128,"B12_deficient","24y","Female","Bacteria","Thermodesulfobacteriota","Other"
"2098","ASV5902","22E203-184",0,"A22E203.184","22E203-184","22E203.184","24YM316",316,"Parents","Mother","F0_24Y_Mothers",24,161,"B12_sufficient","24y","Female","Bacteria","Thermodesulfobacteriota","Other"
"2099","ASV5902","22E203-181",0,"A22E203.181","22E203-181","22E203.181","24YM278",278,"Parents","Mother","F0_24Y_Mothers",24,96,"B12_deficient","24y","Female","Bacteria","Thermodesulfobacteriota","Other"
"2100","ASV5902","22E203-201",0,"A22E203.201","22E203-201","22E203.201","24YM541",541,"Parents","Mother","F0_24Y_Mothers",24,240,"B12_sufficient","24y","Female","Bacteria","Thermodesulfobacteriota","Other"
"2101","ASV5902","22E203-198",0,"A22E203.198","22E203-198","22E203.198","24YM498",498,"Parents","Mother","F0_24Y_Mothers",24,134,"B12_deficient","24y","Female","Bacteria","Thermodesulfobacteriota","Other"
"2102","ASV5902","M22E203051",0,"M22E203.051","M22E203051","M22E203051","18CB540",540,"Children","Boys","F1_18Y_child_boys",18,136,"B12_deficient","18y","Male","Bacteria","Thermodesulfobacteriota","Other"
"2103","ASV5902","22E203-204",0,"A22E203.204","22E203-204","22E203.204","24YM560",560,"Parents","Mother","F0_24Y_Mothers",24,136,"B12_deficient","24y","Female","Bacteria","Thermodesulfobacteriota","Other"
"2104","ASV5902","22E203-191",0,"A22E203.191","22E203-191","22E203.191","24YM429",429,"Parents","Mother","F0_24Y_Mothers",24,138,"B12_deficient","24y","Female","Bacteria","Thermodesulfobacteriota","Other"
"2105","ASV5902","22E203-188",0,"A22E203.188","22E203-188","22E203.188","24YM415",415,"Parents","Mother","F0_24Y_Mothers",24,277,"B12_sufficient","24y","Female","Bacteria","Thermodesulfobacteriota","Other"
"2106","ASV5902","M22E203029",0,"M22E203.029","M22E203029","M22E203029","18CB246",246,"Children","Boys","F1_18Y_child_boys",18,94,"B12_deficient","18y","Male","Bacteria","Thermodesulfobacteriota","Other"
"2107","ASV5902","22E203-195",0,"A22E203.195","22E203-195","22E203.195","24YM465",465,"Parents","Mother","F0_24Y_Mothers",24,258,"B12_sufficient","24y","Female","Bacteria","Thermodesulfobacteriota","Other"
"2109","ASV5902","22E203-178",0,"A22E203.178","22E203-178","22E203.178","24YM237",237,"Parents","Mother","F0_24Y_Mothers",24,189,"B12_sufficient","24y","Female","Bacteria","Thermodesulfobacteriota","Other"
"2110","ASV5902","22E203-208",0,"A22E203.208","22E203-208","22E203.208","24YM667",667,"Parents","Mother","F0_24Y_Mothers",24,98,"B12_deficient","24y","Female","Bacteria","Thermodesulfobacteriota","Other"
"2111","ASV5902","22E203-185",0,"A22E203.185","22E203-185","22E203.185","24YM342",342,"Parents","Mother","F0_24Y_Mothers",24,121,"B12_deficient","24y","Female","Bacteria","Thermodesulfobacteriota","Other"
"2112","ASV5902","M22E203033",0,"M22E203.033","M22E203033","M22E203033","18CB307",307,"Children","Boys","F1_18Y_child_boys",18,117,"B12_deficient","18y","Male","Bacteria","Thermodesulfobacteriota","Other"
"2113","ASV5902","M22E203034",0,"M22E203.034","M22E203034","M22E203034","18CB312",312,"Children","Boys","F1_18Y_child_boys",18,380.5,"B12_sufficient","18y","Male","Bacteria","Thermodesulfobacteriota","Other"
"2114","ASV5902","M22E203036",0,"M22E203.036","M22E203036","M22E203036","18CB340",340,"Children","Boys","F1_18Y_child_boys",18,250,"B12_sufficient","18y","Male","Bacteria","Thermodesulfobacteriota","Other"
"2115","ASV5902","M22E203032",0,"M22E203.032","M22E203032","M22E203032","18CB304",304,"Children","Boys","F1_18Y_child_boys",18,216,"B12_sufficient","18y","Male","Bacteria","Thermodesulfobacteriota","Other"
"2116","ASV5902","M22E203014",0,"M22E203.014","M22E203014","M22E203014","18CB22",22,"Children","Boys","F1_18Y_child_boys",18,146,"B12_deficient","18y","Male","Bacteria","Thermodesulfobacteriota","Other"
"2117","ASV5902","M22E203015",0,"M22E203.015","M22E203015","M22E203015","18CB24",24,"Children","Boys","F1_18Y_child_boys",18,114,"B12_deficient","18y","Male","Bacteria","Thermodesulfobacteriota","Other"
"2118","ASV5902","M22E203018",0,"M22E203.018","M22E203018","M22E203018","18CB44",44,"Children","Boys","F1_18Y_child_boys",18,131.3,"B12_deficient","18y","Male","Bacteria","Thermodesulfobacteriota","Other"
"2119","ASV5902","22E203-209",0,"A22E203.209","22E203-209","22E203.209","24YM708",708,"Parents","Mother","F0_24Y_Mothers",24,83,"B12_deficient","24y","Female","Bacteria","Thermodesulfobacteriota","Other"
"2120","ASV5902","M22E203042",0,"M22E203.042","M22E203042","M22E203042","18CB426",426,"Children","Boys","F1_18Y_child_boys",18,130.2,"B12_deficient","18y","Male","Bacteria","Thermodesulfobacteriota","Other"
"2121","ASV5902","M22E203039",0,"M22E203.039","M22E203039","M22E203039","18CB391",391,"Children","Boys","F1_18Y_child_boys",18,119.3,"B12_deficient","18y","Male","Bacteria","Thermodesulfobacteriota","Other"
"2122","ASV5902","M22E203022",0,"M22E203.022","M22E203022","M22E203022","18CB152",152,"Children","Boys","F1_18Y_child_boys",18,118.1,"B12_deficient","18y","Male","Bacteria","Thermodesulfobacteriota","Other"
"2123","ASV5902","M22E203020",0,"M22E203.020","M22E203020","M22E203020","18CB97",97,"Children","Boys","F1_18Y_child_boys",18,157.7,"B12_sufficient","18y","Male","Bacteria","Thermodesulfobacteriota","Other"
"2124","ASV6301","22E203-030",0,"A22E203.030","22E203-030","22E203.030","18CB258",258,"Children","Boys","F1_18Y_placebo_boys",18,182,"B12_sufficient","18y","Male","Bacteria","Campylobacterota","Other"
"2125","ASV6301","22E203-031",0,"A22E203.031","22E203-031","22E203.031","18CB287",287,"Children","Boys","F1_18Y_placebo_boys",18,296,"B12_sufficient","18y","Male","Bacteria","Campylobacterota","Other"
"2126","ASV6301","22E203-101",0,"A22E203.101","22E203-101","22E203.101","18CG587",587,"Children","Girls","F1_18Y_placebo_girls",18,160,"B12_sufficient","18y","Female","Bacteria","Campylobacterota","Other"
"2127","ASV6301","22E203-137",0,"A22E203.137","22E203-137","22E203.137","24YF454",454,"Parents","Father","F0_24Y_Father",24,124,"B12_deficient","24y","Male","Bacteria","Campylobacterota","Other"
"2128","ASV6301","22E203-028",0,"A22E203.028","22E203-028","22E203.028","18CB234",234,"Children","Boys","F1_18Y_placebo_boys",18,179,"B12_sufficient","18y","Male","Bacteria","Campylobacterota","Other"
"2129","ASV6301","22E203-061",0,"A22E203.061","22E203-061","22E203.061","18CB669",669,"Children","Boys","F1_18Y_placebo_boys",18,NA,NA,"18y","Male","Bacteria","Campylobacterota","Other"
"2130","ASV6301","22E203-109",0,"A22E203.109","22E203-109","22E203.109","18CG684",684,"Children","Girls","F1_18Y_placebo_girls",18,174,"B12_sufficient","18y","Female","Bacteria","Campylobacterota","Other"
"2131","ASV6301","22E203-035",0,"A22E203.035","22E203-035","22E203.035","18CB315",315,"Children","Boys","F1_18Y_placebo_boys",18,195,"B12_sufficient","18y","Male","Bacteria","Campylobacterota","Other"
"2132","ASV6301","22E203-111",0,"A22E203.111","22E203-111","22E203.111","24YF36",36,"Parents","Father","F0_24Y_Father",24,106,"B12_deficient","24y","Male","Bacteria","Campylobacterota","Other"
"2133","ASV6301","22E203-047",0,"A22E203.047","22E203-047","22E203.047","18CB492",492,"Children","Boys","F1_18Y_placebo_boys",18,105,"B12_deficient","18y","Male","Bacteria","Campylobacterota","Other"
"2134","ASV6301","22E203-063",0,"A22E203.063","22E203-063","22E203.063","18CB702",702,"Children","Boys","F1_18Y_placebo_boys",18,152.6,"B12_sufficient","18y","Male","Bacteria","Campylobacterota","Other"
"2135","ASV6301","22E203-017",0,"A22E203.017","22E203-017","22E203.017","18CB43",43,"Children","Boys","F1_18Y_placebo_boys",18,309,"B12_sufficient","18y","Male","Bacteria","Campylobacterota","Other"
"2136","ASV6301","22E203-075",0,"A22E203.075","22E203-075","22E203.075","18CG219",219,"Children","Girls","F1_18Y_placebo_girls",18,146.5,"B12_deficient","18y","Female","Bacteria","Campylobacterota","Other"
"2137","ASV6301","22E203-112",0,"A22E203.112","22E203-112","22E203.112","24YF54",54,"Parents","Father","F0_24Y_Father",24,116,"B12_deficient","24y","Male","Bacteria","Campylobacterota","Other"
"2138","ASV6301","22E203-048",0,"A22E203.048","22E203-048","22E203.048","18CB503",503,"Children","Boys","F1_18Y_placebo_boys",18,191,"B12_sufficient","18y","Male","Bacteria","Campylobacterota","Other"
"2139","ASV6301","22E203-138",0,"A22E203.138","22E203-138","22E203.138","24YF465",465,"Parents","Father","F0_24Y_Father",24,184,"B12_sufficient","24y","Male","Bacteria","Campylobacterota","Other"
"2140","ASV6301","22E203-050",0,"A22E203.050","22E203-050","22E203.050","18CB534",534,"Children","Boys","F1_18Y_placebo_boys",18,338,"B12_sufficient","18y","Male","Bacteria","Campylobacterota","Other"
"2141","ASV6301","22E203-080",0,"A22E203.080","22E203-080","22E203.080","18CG294",294,"Children","Girls","F1_18Y_placebo_girls",18,213.3,"B12_sufficient","18y","Female","Bacteria","Campylobacterota","Other"
"2142","ASV6301","22E203-113",0,"A22E203.113","22E203-113","22E203.113","24YF76",76,"Parents","Father","F0_24Y_Father",24,108,"B12_deficient","24y","Male","Bacteria","Campylobacterota","Other"
"2143","ASV6301","22E203-110",0,"A22E203.110","22E203-110","22E203.110","24YF14",14,"Parents","Father","F0_24Y_Father",24,151,"B12_sufficient","24y","Male","Bacteria","Campylobacterota","Other"
"2144","ASV6301","22E203-037",0,"A22E203.037","22E203-037","22E203.037","18CB371",371,"Children","Boys","F1_18Y_placebo_boys",18,188,"B12_sufficient","18y","Male","Bacteria","Campylobacterota","Other"
"2145","ASV6301","22E203-053",0,"A22E203.053","22E203-053","22E203.053","18CB544",544,"Children","Boys","F1_18Y_placebo_boys",18,94,"B12_deficient","18y","Male","Bacteria","Campylobacterota","Other"
"2146","ASV6301","22E203-081",0,"A22E203.081","22E203-081","22E203.081","18CG314",314,"Children","Girls","F1_18Y_placebo_girls",18,175,"B12_sufficient","18y","Female","Bacteria","Campylobacterota","Other"
"2147","ASV6301","22E203-067",0,"A22E203.067","22E203-067","22E203.067","18CG35",35,"Children","Girls","F1_18Y_placebo_girls",18,143.9,"B12_deficient","18y","Female","Bacteria","Campylobacterota","Other"
"2148","ASV6301","22E203-019",0,"A22E203.019","22E203-019","22E203.019","18CB50",50,"Children","Boys","F1_18Y_placebo_boys",18,145,"B12_deficient","18y","Male","Bacteria","Campylobacterota","Other"
"2149","ASV6301","22E203-038",0,"A22E203.038","22E203-038","22E203.038","18CB375",375,"Children","Boys","F1_18Y_placebo_boys",18,149.5,"B12_deficient","18y","Male","Bacteria","Campylobacterota","Other"
"2150","ASV6301","22E203-054",0,"A22E203.054","22E203-054","22E203.054","18CB579",579,"Children","Boys","F1_18Y_placebo_boys",18,103,"B12_deficient","18y","Male","Bacteria","Campylobacterota","Other"
"2151","ASV6301","22E203-049",0,"A22E203.049","22E203-049","22E203.049","18CB517",517,"Children","Boys","F1_18Y_placebo_boys",18,182,"B12_sufficient","18y","Male","Bacteria","Campylobacterota","Other"
"2152","ASV6301","22E203-139",0,"A22E203.139","22E203-139","22E203.139","24YF468",468,"Parents","Father","F0_24Y_Father",24,144.7,"B12_deficient","24y","Male","Bacteria","Campylobacterota","Other"
"2153","ASV6301","22E203-021",0,"A22E203.021","22E203-021","22E203.021","18CB150",150,"Children","Boys","F1_18Y_placebo_boys",18,195,"B12_sufficient","18y","Male","Bacteria","Campylobacterota","Other"
"2154","ASV6301","22E203-040",0,"A22E203.040","22E203-040","22E203.040","18CB400",400,"Children","Boys","F1_18Y_placebo_boys",18,244,"B12_sufficient","18y","Male","Bacteria","Campylobacterota","Other"
"2155","ASV6301","22E203-114",0,"A22E203.114","22E203-114","22E203.114","24YF85",85,"Parents","Father","F0_24Y_Father",24,187,"B12_sufficient","24y","Male","Bacteria","Campylobacterota","Other"
"2156","ASV6301","22E203-143",0,"A22E203.143","22E203-143","22E203.143","24YF503",503,"Parents","Father","F0_24Y_Father",24,104,"B12_deficient","24y","Male","Bacteria","Campylobacterota","Other"
"2157","ASV6301","22E203-140",0,"A22E203.140","22E203-140","22E203.140","24YF472",472,"Parents","Father","F0_24Y_Father",24,116,"B12_deficient","24y","Male","Bacteria","Campylobacterota","Other"
"2158","ASV6301","22E203-024",0,"A22E203.024","22E203-024","22E203.024","18CB200",200,"Children","Boys","F1_18Y_placebo_boys",18,144,"B12_deficient","18y","Male","Bacteria","Campylobacterota","Other"
"2159","ASV6301","22E203-084",0,"A22E203.084","22E203-084","22E203.084","18CG386",386,"Children","Girls","F1_18Y_placebo_girls",18,157,"B12_sufficient","18y","Female","Bacteria","Campylobacterota","Other"
"2160","ASV6301","22E203-134",0,"A22E203.134","22E203-134","22E203.134","24YF437",437,"Parents","Father","F0_24Y_Father",24,219,"B12_sufficient","24y","Male","Bacteria","Campylobacterota","Other"
"2161","ASV6301","22E203-130",0,"A22E203.130","22E203-130","22E203.130","24YF369",369,"Parents","Father","F0_24Y_Father",24,34,"B12_deficient","24y","Male","Bacteria","Campylobacterota","Other"
"2162","ASV6301","22E203-127",0,"A22E203.127","22E203-127","22E203.127","24YF299",299,"Parents","Father","F0_24Y_Father",24,166,"B12_sufficient","24y","Male","Bacteria","Campylobacterota","Other"
"2163","ASV6301","22E203-057",0,"A22E203.057","22E203-057","22E203.057","18CB629",629,"Children","Boys","F1_18Y_placebo_boys",18,96,"B12_deficient","18y","Male","Bacteria","Campylobacterota","Other"
"2164","ASV6301","22E203-124",0,"A22E203.124","22E203-124","22E203.124","24YF265",265,"Parents","Father","F0_24Y_Father",24,80,"B12_deficient","24y","Male","Bacteria","Campylobacterota","Other"
"2165","ASV6301","22E203-121",0,"A22E203.121","22E203-121","22E203.121","24YF198",198,"Parents","Father","F0_24Y_Father",24,220,"B12_sufficient","24y","Male","Bacteria","Campylobacterota","Other"
"2166","ASV6301","22E203-118",0,"A22E203.118","22E203-118","22E203.118","24YF179",179,"Parents","Father","F0_24Y_Father",24,122,"B12_deficient","24y","Male","Bacteria","Campylobacterota","Other"
"2167","ASV6301","22E203-041",0,"A22E203.041","22E203-041","22E203.041","18CB416",416,"Children","Boys","F1_18Y_placebo_boys",18,135,"B12_deficient","18y","Male","Bacteria","Campylobacterota","Other"
"2168","ASV6301","22E203-115",0,"A22E203.115","22E203-115","22E203.115","24YF92",92,"Parents","Father","F0_24Y_Father",24,45,"B12_deficient","24y","Male","Bacteria","Campylobacterota","Other"
"2169","ASV6301","22E203-144",0,"A22E203.144","22E203-144","22E203.144","24YF528",528,"Parents","Father","F0_24Y_Father",24,159,"B12_sufficient","24y","Male","Bacteria","Campylobacterota","Other"
"2170","ASV6301","22E203-141",0,"A22E203.141","22E203-141","22E203.141","24YF490",490,"Parents","Father","F0_24Y_Father",24,144,"B12_deficient","24y","Male","Bacteria","Campylobacterota","Other"
"2171","ASV6301","22E203-025",0,"A22E203.025","22E203-025","22E203.025","18CB202",202,"Children","Boys","F1_18Y_placebo_boys",18,188,"B12_sufficient","18y","Male","Bacteria","Campylobacterota","Other"
"2172","ASV6301","22E203-087",0,"A22E203.087","22E203-087","22E203.087","18CG429",429,"Children","Girls","F1_18Y_placebo_girls",18,203,"B12_sufficient","18y","Female","Bacteria","Campylobacterota","Other"
"2173","ASV6301","22E203-135",0,"A22E203.135","22E203-135","22E203.135","24YF438",438,"Parents","Father","F0_24Y_Father",24,312,"B12_sufficient","24y","Male","Bacteria","Campylobacterota","Other"
"2174","ASV6301","22E203-131",0,"A22E203.131","22E203-131","22E203.131","24YF383",383,"Parents","Father","F0_24Y_Father",24,154,"B12_sufficient","24y","Male","Bacteria","Campylobacterota","Other"
"2175","ASV6301","22E203-128",0,"A22E203.128","22E203-128","22E203.128","24YF348",348,"Parents","Father","F0_24Y_Father",24,164,"B12_sufficient","24y","Male","Bacteria","Campylobacterota","Other"
"2176","ASV6301","22E203-058",0,"A22E203.058","22E203-058","22E203.058","18CB644",644,"Children","Boys","F1_18Y_placebo_boys",18,60.2,"B12_deficient","18y","Male","Bacteria","Campylobacterota","Other"
"2177","ASV6301","22E203-125",0,"A22E203.125","22E203-125","22E203.125","24YF292",292,"Parents","Father","F0_24Y_Father",24,148,"B12_deficient","24y","Male","Bacteria","Campylobacterota","Other"
"2178","ASV6301","22E203-122",0,"A22E203.122","22E203-122","22E203.122","24YF203",203,"Parents","Father","F0_24Y_Father",24,77,"B12_deficient","24y","Male","Bacteria","Campylobacterota","Other"
"2179","ASV6301","22E203-119",0,"A22E203.119","22E203-119","22E203.119","24YF192",192,"Parents","Father","F0_24Y_Father",24,295,"B12_sufficient","24y","Male","Bacteria","Campylobacterota","Other"
"2180","ASV6301","22E203-043",0,"A22E203.043","22E203-043","22E203.043","18CB433",433,"Children","Boys","F1_18Y_placebo_boys",18,75,"B12_deficient","18y","Male","Bacteria","Campylobacterota","Other"
"2181","ASV6301","22E203-116",0,"A22E203.116","22E203-116","22E203.116","24YF100",100,"Parents","Father","F0_24Y_Father",24,101.5,"B12_deficient","24y","Male","Bacteria","Campylobacterota","Other"
"2182","ASV6301","22E203-145",0,"A22E203.145","22E203-145","22E203.145","24YF547",547,"Parents","Father","F0_24Y_Father",24,123,"B12_deficient","24y","Male","Bacteria","Campylobacterota","Other"
"2183","ASV6301","22E203-142",0,"A22E203.142","22E203-142","22E203.142","24YF502",502,"Parents","Father","F0_24Y_Father",24,76,"B12_deficient","24y","Male","Bacteria","Campylobacterota","Other"
"2184","ASV6301","22E203-027",0,"A22E203.027","22E203-027","22E203.027","18CB223",223,"Children","Boys","F1_18Y_placebo_boys",18,199.1,"B12_sufficient","18y","Male","Bacteria","Campylobacterota","Other"
"2185","ASV6301","22E203-100",0,"A22E203.100","22E203-100","22E203.100","18CG584",584,"Children","Girls","F1_18Y_placebo_girls",18,109,"B12_deficient","18y","Female","Bacteria","Campylobacterota","Other"
"2186","ASV6301","22E203-136",0,"A22E203.136","22E203-136","22E203.136","24YF441",441,"Parents","Father","F0_24Y_Father",24,340,"B12_sufficient","24y","Male","Bacteria","Campylobacterota","Other"
"2187","ASV6301","22E203-133",0,"A22E203.133","22E203-133","22E203.133","24YF429",429,"Parents","Father","F0_24Y_Father",24,329,"B12_sufficient","24y","Male","Bacteria","Campylobacterota","Other"
"2188","ASV6301","22E203-129",0,"A22E203.129","22E203-129","22E203.129","24YF351",351,"Parents","Father","F0_24Y_Father",24,139,"B12_deficient","24y","Male","Bacteria","Campylobacterota","Other"
"2189","ASV6301","22E203-060",0,"A22E203.060","22E203-060","22E203.060","18CB651",651,"Children","Boys","F1_18Y_placebo_boys",18,141,"B12_deficient","18y","Male","Bacteria","Campylobacterota","Other"
"2190","ASV6301","22E203-126",0,"A22E203.126","22E203-126","22E203.126","24YF294",294,"Parents","Father","F0_24Y_Father",24,81,"B12_deficient","24y","Male","Bacteria","Campylobacterota","Other"
"2191","ASV6301","22E203-123",0,"A22E203.123","22E203-123","22E203.123","24YF244",244,"Parents","Father","F0_24Y_Father",24,259,"B12_sufficient","24y","Male","Bacteria","Campylobacterota","Other"
"2192","ASV6301","22E203-120",0,"A22E203.120","22E203-120","22E203.120","24YF196",196,"Parents","Father","F0_24Y_Father",24,90,"B12_deficient","24y","Male","Bacteria","Campylobacterota","Other"
"2193","ASV6301","22E203-046",0,"A22E203.046","22E203-046","22E203.046","18CB477",477,"Children","Boys","F1_18Y_placebo_boys",18,152.8,"B12_sufficient","18y","Male","Bacteria","Campylobacterota","Other"
"2194","ASV6301","22E203-117",0,"A22E203.117","22E203-117","22E203.117","24YF116",116,"Parents","Father","F0_24Y_Father",24,291,"B12_sufficient","24y","Male","Bacteria","Campylobacterota","Other"
"2195","ASV6301","22E203-146",0,"A22E203.146","22E203-146","22E203.146","24YF563",563,"Parents","Father","F0_24Y_Father",24,185,"B12_sufficient","24y","Male","Bacteria","Campylobacterota","Other"
"2196","ASV6301","22E203-175",0,"A22E203.175","22E203-175","22E203.175","24YM220",220,"Parents","Mother","F0_24Y_Mothers",24,231,"B12_sufficient","24y","Female","Bacteria","Campylobacterota","Other"
"2197","ASV6301","22E203-205",0,"A22E203.205","22E203-205","22E203.205","24YM563",563,"Parents","Mother","F0_24Y_Mothers",24,239,"B12_sufficient","24y","Female","Bacteria","Campylobacterota","Other"
"2198","ASV6301","M22E203065",0,"M22E203.065","M22E203065","M22E203065","18CG17",17,"Children","Girls","F1_18Y_child_girl",18,86,"B12_deficient","18y","Female","Bacteria","Campylobacterota","Other"
"2199","ASV6301","M22E203099",0,"M22E203.099","M22E203099","M22E203099","18CG565",565,"Children","Girls","F1_18Y_child_girl",18,86,"B12_deficient","18y","Female","Bacteria","Campylobacterota","Other"
"2200","ASV6301","22E203-166",0,"A22E203.166","22E203-166","22E203.166","24YM70",70,"Parents","Mother","F0_24Y_Mothers",24,519,"B12_sufficient","24y","Female","Bacteria","Campylobacterota","Other"
"2201","ASV6301","22E203-196",0,"A22E203.196","22E203-196","22E203.196","24YM472",472,"Parents","Mother","F0_24Y_Mothers",24,105,"B12_deficient","24y","Female","Bacteria","Campylobacterota","Other"
"2202","ASV6301","M22E203044",0,"M22E203.044","M22E203044","M22E203044","18CB447",447,"Children","Boys","F1_18Y_child_boys",18,145.5,"B12_deficient","18y","Male","Bacteria","Campylobacterota","Other"
"2203","ASV6301","M22E203090",0,"M22E203.090","M22E203090","M22E203090","18CG437",437,"Children","Girls","F1_18Y_child_girl",18,162.3,"B12_sufficient","18y","Female","Bacteria","Campylobacterota","Other"
"2204","ASV6301","22E203-156",0,"A22E203.156","22E203-156","22E203.156","24YF640",640,"Parents","Father","F0_24Y_Father",24,83,"B12_deficient","24y","Male","Bacteria","Campylobacterota","Other"
"2205","ASV6301","22E203-186",0,"A22E203.186","22E203-186","22E203.186","24YM387",387,"Parents","Mother","F0_24Y_Mothers",24,180,"B12_sufficient","24y","Female","Bacteria","Campylobacterota","Other"
"2206","ASV6301","M22E203023",0,"M22E203.023","M22E203023","M22E203023","18CB183",183,"Children","Boys","F1_18Y_child_boys",18,117,"B12_deficient","18y","Male","Bacteria","Campylobacterota","Other"
"2207","ASV6301","M22E203077",0,"M22E203.077","M22E203077","M22E203077","18CG236",236,"Children","Girls","F1_18Y_child_girl",18,185,"B12_sufficient","18y","Female","Bacteria","Campylobacterota","Other"
"2208","ASV6301","22E203-147",0,"A22E203.147","22E203-147","22E203.147","24YF572",572,"Parents","Father","F0_24Y_Father",24,83,"B12_deficient","24y","Male","Bacteria","Campylobacterota","Other"
"2209","ASV6301","22E203-176",0,"A22E203.176","22E203-176","22E203.176","24YM221",221,"Parents","Mother","F0_24Y_Mothers",24,213,"B12_sufficient","24y","Female","Bacteria","Campylobacterota","Other"
"2210","ASV6301","22E203-206",0,"A22E203.206","22E203-206","22E203.206","24YM638",638,"Parents","Mother","F0_24Y_Mothers",24,146,"B12_deficient","24y","Female","Bacteria","Campylobacterota","Other"
"2211","ASV6301","M22E203066",0,"M22E203.066","M22E203066","M22E203066","18CG28",28,"Children","Girls","F1_18Y_child_girl",18,115,"B12_deficient","18y","Female","Bacteria","Campylobacterota","Other"
"2212","ASV6301","M22E203102",0,"M22E203.102","M22E203102","M22E203102","18CG601",601,"Children","Girls","F1_18Y_child_girl",18,168,"B12_sufficient","18y","Female","Bacteria","Campylobacterota","Other"
"2213","ASV6301","22E203-167",0,"A22E203.167","22E203-167","22E203.167","24YM76",76,"Parents","Mother","F0_24Y_Mothers",24,NA,NA,"24y","Female","Bacteria","Campylobacterota","Other"
"2214","ASV6301","22E203-197",0,"A22E203.197","22E203-197","22E203.197","24YM475",475,"Parents","Mother","F0_24Y_Mothers",24,305,"B12_sufficient","24y","Female","Bacteria","Campylobacterota","Other"
"2215","ASV6301","M22E203045",0,"M22E203.045","M22E203045","M22E203045","18CB474",474,"Children","Boys","F1_18Y_child_boys",18,133,"B12_deficient","18y","Male","Bacteria","Campylobacterota","Other"
"2216","ASV6301","M22E203091",0,"M22E203.091","M22E203091","M22E203091","18CG438",438,"Children","Girls","F1_18Y_child_girl",18,208.2,"B12_sufficient","18y","Female","Bacteria","Campylobacterota","Other"
"2217","ASV6301","22E203-157",0,"A22E203.157","22E203-157","22E203.157","24YF677",677,"Parents","Father","F0_24Y_Father",24,108,"B12_deficient","24y","Male","Bacteria","Campylobacterota","Other"
"2218","ASV6301","22E203-187",0,"A22E203.187","22E203-187","22E203.187","24YM414",414,"Parents","Mother","F0_24Y_Mothers",24,102,"B12_deficient","24y","Female","Bacteria","Campylobacterota","Other"
"2219","ASV6301","M22E203026",0,"M22E203.026","M22E203026","M22E203026","18CB218",218,"Children","Boys","F1_18Y_child_boys",18,86,"B12_deficient","18y","Male","Bacteria","Campylobacterota","Other"
"2220","ASV6301","M22E203078",0,"M22E203.078","M22E203078","M22E203078","18CG283",283,"Children","Girls","F1_18Y_child_girl",18,133.4,"B12_deficient","18y","Female","Bacteria","Campylobacterota","Other"
"2221","ASV6301","22E203-148",0,"A22E203.148","22E203-148","22E203.148","24YF577",577,"Parents","Father","F0_24Y_Father",24,124,"B12_deficient","24y","Male","Bacteria","Campylobacterota","Other"
"2222","ASV6301","22E203-177",0,"A22E203.177","22E203-177","22E203.177","24YM233",233,"Parents","Mother","F0_24Y_Mothers",24,494,"B12_sufficient","24y","Female","Bacteria","Campylobacterota","Other"
"2223","ASV6301","22E203-207",0,"A22E203.207","22E203-207","22E203.207","24YM655",655,"Parents","Mother","F0_24Y_Mothers",24,128,"B12_deficient","24y","Female","Bacteria","Campylobacterota","Other"
"2224","ASV6301","M22E203068",0,"M22E203.068","M22E203068","M22E203068","18CG53",53,"Children","Girls","F1_18Y_child_girl",18,186.4,"B12_sufficient","18y","Female","Bacteria","Campylobacterota","Other"
"2225","ASV6301","M22E203103",0,"M22E203.103","M22E203103","M22E203103","18CG615",615,"Children","Girls","F1_18Y_child_girl",18,244,"B12_sufficient","18y","Female","Bacteria","Campylobacterota","Other"
"2226","ASV6301","22E203-168",0,"A22E203.168","22E203-168","22E203.168","24YM100",100,"Parents","Mother","F0_24Y_Mothers",24,173,"B12_sufficient","24y","Female","Bacteria","Campylobacterota","Other"
"2227","ASV6301","22E203-198",0,"A22E203.198","22E203-198","22E203.198","24YM498",498,"Parents","Mother","F0_24Y_Mothers",24,134,"B12_deficient","24y","Female","Bacteria","Campylobacterota","Other"
"2228","ASV6301","M22E203051",0,"M22E203.051","M22E203051","M22E203051","18CB540",540,"Children","Boys","F1_18Y_child_boys",18,136,"B12_deficient","18y","Male","Bacteria","Campylobacterota","Other"
"2229","ASV6301","M22E203092",0,"M22E203.092","M22E203092","M22E203092","18CG460",460,"Children","Girls","F1_18Y_child_girl",18,NA,NA,"18y","Female","Bacteria","Campylobacterota","Other"
"2230","ASV6301","22E203-158",0,"A22E203.158","22E203-158","22E203.158","24YF708",708,"Parents","Father","F0_24Y_Father",24,496,"B12_sufficient","24y","Male","Bacteria","Campylobacterota","Other"
"2231","ASV6301","22E203-188",0,"A22E203.188","22E203-188","22E203.188","24YM415",415,"Parents","Mother","F0_24Y_Mothers",24,277,"B12_sufficient","24y","Female","Bacteria","Campylobacterota","Other"
"2232","ASV6301","M22E203029",0,"M22E203.029","M22E203029","M22E203029","18CB246",246,"Children","Boys","F1_18Y_child_boys",18,94,"B12_deficient","18y","Male","Bacteria","Campylobacterota","Other"
"2233","ASV6301","M22E203079",0,"M22E203.079","M22E203079","M22E203079","18CG288",288,"Children","Girls","F1_18Y_child_girl",18,288,"B12_sufficient","18y","Female","Bacteria","Campylobacterota","Other"
"2234","ASV6301","22E203-149",0,"A22E203.149","22E203-149","22E203.149","24YF578",578,"Parents","Father","F0_24Y_Father",24,255,"B12_sufficient","24y","Male","Bacteria","Campylobacterota","Other"
"2235","ASV6301","22E203-178",0,"A22E203.178","22E203-178","22E203.178","24YM237",237,"Parents","Mother","F0_24Y_Mothers",24,189,"B12_sufficient","24y","Female","Bacteria","Campylobacterota","Other"
"2236","ASV6301","22E203-208",0,"A22E203.208","22E203-208","22E203.208","24YM667",667,"Parents","Mother","F0_24Y_Mothers",24,98,"B12_deficient","24y","Female","Bacteria","Campylobacterota","Other"
"2237","ASV6301","M22E203069",0,"M22E203.069","M22E203069","M22E203069","18CG64",64,"Children","Girls","F1_18Y_child_girl",18,143,"B12_deficient","18y","Female","Bacteria","Campylobacterota","Other"
"2238","ASV6301","M22E203104",0,"M22E203.104","M22E203104","M22E203104","18CG628",628,"Children","Girls","F1_18Y_child_girl",18,205,"B12_sufficient","18y","Female","Bacteria","Campylobacterota","Other"
"2239","ASV6301","22E203-169",0,"A22E203.169","22E203-169","22E203.169","24YM123",123,"Parents","Mother","F0_24Y_Mothers",24,288,"B12_sufficient","24y","Female","Bacteria","Campylobacterota","Other"
"2240","ASV6301","22E203-199",0,"A22E203.199","22E203-199","22E203.199","24YM510",510,"Parents","Mother","F0_24Y_Mothers",24,132,"B12_deficient","24y","Female","Bacteria","Campylobacterota","Other"
"2241","ASV6301","M22E203052",0,"M22E203.052","M22E203052","M22E203052","18CB542",542,"Children","Boys","F1_18Y_child_boys",18,246.5,"B12_sufficient","18y","Male","Bacteria","Campylobacterota","Other"
"2242","ASV6301","M22E203093",0,"M22E203.093","M22E203093","M22E203093","18CG482",482,"Children","Girls","F1_18Y_child_girl",18,183,"B12_sufficient","18y","Female","Bacteria","Campylobacterota","Other"
"2243","ASV6301","22E203-159",0,"A22E203.159","22E203-159","22E203.159","24YF710",710,"Parents","Father","F0_24Y_Father",24,106,"B12_deficient","24y","Male","Bacteria","Campylobacterota","Other"
"2244","ASV6301","22E203-189",0,"A22E203.189","22E203-189","22E203.189","24YM418",418,"Parents","Mother","F0_24Y_Mothers",24,107,"B12_deficient","24y","Female","Bacteria","Campylobacterota","Other"
"2245","ASV6301","M22E203032",0,"M22E203.032","M22E203032","M22E203032","18CB304",304,"Children","Boys","F1_18Y_child_boys",18,216,"B12_sufficient","18y","Male","Bacteria","Campylobacterota","Other"
"2246","ASV6301","M22E203082",0,"M22E203.082","M22E203082","M22E203082","18CG341",341,"Children","Girls","F1_18Y_child_girl",18,116.6,"B12_deficient","18y","Female","Bacteria","Campylobacterota","Other"
"2247","ASV6301","22E203-150",0,"A22E203.150","22E203-150","22E203.150","24YF582",582,"Parents","Father","F0_24Y_Father",24,195,"B12_sufficient","24y","Male","Bacteria","Campylobacterota","Other"
"2248","ASV6301","22E203-179",0,"A22E203.179","22E203-179","22E203.179","24YM239",239,"Parents","Mother","F0_24Y_Mothers",24,101,"B12_deficient","24y","Female","Bacteria","Campylobacterota","Other"
"2249","ASV6301","22E203-209",0,"A22E203.209","22E203-209","22E203.209","24YM708",708,"Parents","Mother","F0_24Y_Mothers",24,83,"B12_deficient","24y","Female","Bacteria","Campylobacterota","Other"
"2250","ASV6301","M22E203070",0,"M22E203.070","M22E203070","M22E203070","18CG84",84,"Children","Girls","F1_18Y_child_girl",18,282,"B12_sufficient","18y","Female","Bacteria","Campylobacterota","Other"
"2251","ASV6301","M22E203105",0,"M22E203.105","M22E203105","M22E203105","18CG638",638,"Children","Girls","F1_18Y_child_girl",18,290,"B12_sufficient","18y","Female","Bacteria","Campylobacterota","Other"
"2252","ASV6301","22E203-170",0,"A22E203.170","22E203-170","22E203.170","24YM171",171,"Parents","Mother","F0_24Y_Mothers",24,100,"B12_deficient","24y","Female","Bacteria","Campylobacterota","Other"
"2253","ASV6301","22E203-200",0,"A22E203.200","22E203-200","22E203.200","24YM511",511,"Parents","Mother","F0_24Y_Mothers",24,117,"B12_deficient","24y","Female","Bacteria","Campylobacterota","Other"
"2254","ASV6301","M22E203055",0,"M22E203.055","M22E203055","M22E203055","18CB595",595,"Children","Boys","F1_18Y_child_boys",18,233,"B12_sufficient","18y","Male","Bacteria","Campylobacterota","Other"
"2255","ASV6301","M22E203094",0,"M22E203.094","M22E203094","M22E203094","18CG490",490,"Children","Girls","F1_18Y_child_girl",18,208,"B12_sufficient","18y","Female","Bacteria","Campylobacterota","Other"
"2256","ASV6301","22E203-161",0,"A22E203.161","22E203-161","22E203.161","24YM36",36,"Parents","Mother","F0_24Y_Mothers",24,185,"B12_sufficient","24y","Female","Bacteria","Campylobacterota","Other"
"2257","ASV6301","22E203-190",0,"A22E203.190","22E203-190","22E203.190","24YM427",427,"Parents","Mother","F0_24Y_Mothers",24,178,"B12_sufficient","24y","Female","Bacteria","Campylobacterota","Other"
"2259","ASV6301","M22E203083",0,"M22E203.083","M22E203083","M22E203083","18CG346",346,"Children","Girls","F1_18Y_child_girl",18,140,"B12_deficient","18y","Female","Bacteria","Campylobacterota","Other"
"2260","ASV6301","22E203-151",0,"A22E203.151","22E203-151","22E203.151","24YF590",590,"Parents","Father","F0_24Y_Father",24,169,"B12_sufficient","24y","Male","Bacteria","Campylobacterota","Other"
"2261","ASV6301","22E203-181",0,"A22E203.181","22E203-181","22E203.181","24YM278",278,"Parents","Mother","F0_24Y_Mothers",24,96,"B12_deficient","24y","Female","Bacteria","Campylobacterota","Other"
"2262","ASV6301","M22E203014",0,"M22E203.014","M22E203014","M22E203014","18CB22",22,"Children","Boys","F1_18Y_child_boys",18,146,"B12_deficient","18y","Male","Bacteria","Campylobacterota","Other"
"2263","ASV6301","M22E203071",0,"M22E203.071","M22E203071","M22E203071","18CG163",163,"Children","Girls","F1_18Y_child_girl",18,194,"B12_sufficient","18y","Female","Bacteria","Campylobacterota","Other"
"2264","ASV6301","M22E203106",0,"M22E203.106","M22E203106","M22E203106","18CG648",648,"Children","Girls","F1_18Y_child_girl",18,181.2,"B12_sufficient","18y","Female","Bacteria","Campylobacterota","Other"
"2265","ASV6301","22E203-171",0,"A22E203.171","22E203-171","22E203.171","24YM180",180,"Parents","Mother","F0_24Y_Mothers",24,227,"B12_sufficient","24y","Female","Bacteria","Campylobacterota","Other"
"2266","ASV6301","22E203-201",0,"A22E203.201","22E203-201","22E203.201","24YM541",541,"Parents","Mother","F0_24Y_Mothers",24,240,"B12_sufficient","24y","Female","Bacteria","Campylobacterota","Other"
"2267","ASV6301","M22E203056",0,"M22E203.056","M22E203056","M22E203056","18CB604",604,"Children","Boys","F1_18Y_child_boys",18,101,"B12_deficient","18y","Male","Bacteria","Campylobacterota","Other"
"2268","ASV6301","M22E203095",0,"M22E203.095","M22E203095","M22E203095","18CG512",512,"Children","Girls","F1_18Y_child_girl",18,98,"B12_deficient","18y","Female","Bacteria","Campylobacterota","Other"
"2269","ASV6301","22E203-162",0,"A22E203.162","22E203-162","22E203.162","24YM38",38,"Parents","Mother","F0_24Y_Mothers",24,753,"B12_sufficient","24y","Female","Bacteria","Campylobacterota","Other"
"2270","ASV6301","22E203-191",0,"A22E203.191","22E203-191","22E203.191","24YM429",429,"Parents","Mother","F0_24Y_Mothers",24,138,"B12_deficient","24y","Female","Bacteria","Campylobacterota","Other"
"2271","ASV6301","M22E203034",0,"M22E203.034","M22E203034","M22E203034","18CB312",312,"Children","Boys","F1_18Y_child_boys",18,380.5,"B12_sufficient","18y","Male","Bacteria","Campylobacterota","Other"
"2272","ASV6301","M22E203085",0,"M22E203.085","M22E203085","M22E203085","18CG401",401,"Children","Girls","F1_18Y_child_girl",18,263,"B12_sufficient","18y","Female","Bacteria","Campylobacterota","Other"
"2273","ASV6301","22E203-152",0,"A22E203.152","22E203-152","22E203.152","24YF602",602,"Parents","Father","F0_24Y_Father",24,310,"B12_sufficient","24y","Male","Bacteria","Campylobacterota","Other"
"2274","ASV6301","22E203-182",0,"A22E203.182","22E203-182","22E203.182","24YM292",292,"Parents","Mother","F0_24Y_Mothers",24,231,"B12_sufficient","24y","Female","Bacteria","Campylobacterota","Other"
"2275","ASV6301","M22E203015",0,"M22E203.015","M22E203015","M22E203015","18CB24",24,"Children","Boys","F1_18Y_child_boys",18,114,"B12_deficient","18y","Male","Bacteria","Campylobacterota","Other"
"2276","ASV6301","M22E203072",0,"M22E203.072","M22E203072","M22E203072","18CG198",198,"Children","Girls","F1_18Y_child_girl",18,284.1,"B12_sufficient","18y","Female","Bacteria","Campylobacterota","Other"
"2277","ASV6301","M22E203107",0,"M22E203.107","M22E203107","M22E203107","18CG649",649,"Children","Girls","F1_18Y_child_girl",18,245,"B12_sufficient","18y","Female","Bacteria","Campylobacterota","Other"
"2278","ASV6301","22E203-172",0,"A22E203.172","22E203-172","22E203.172","24YM185",185,"Parents","Mother","F0_24Y_Mothers",24,118,"B12_deficient","24y","Female","Bacteria","Campylobacterota","Other"
"2279","ASV6301","22E203-202",0,"A22E203.202","22E203-202","22E203.202","24YM556",556,"Parents","Mother","F0_24Y_Mothers",24,161,"B12_sufficient","24y","Female","Bacteria","Campylobacterota","Other"
"2280","ASV6301","M22E203059",0,"M22E203.059","M22E203059","M22E203059","18CB645",645,"Children","Boys","F1_18Y_child_boys",18,173.2,"B12_sufficient","18y","Male","Bacteria","Campylobacterota","Other"
"2281","ASV6301","M22E203096",0,"M22E203.096","M22E203096","M22E203096","18CG514",514,"Children","Girls","F1_18Y_child_girl",18,161.9,"B12_sufficient","18y","Female","Bacteria","Campylobacterota","Other"
"2282","ASV6301","22E203-163",0,"A22E203.163","22E203-163","22E203.163","24YM40",40,"Parents","Mother","F0_24Y_Mothers",24,466,"B12_sufficient","24y","Female","Bacteria","Campylobacterota","Other"
"2283","ASV6301","22E203-192",0,"A22E203.192","22E203-192","22E203.192","24YM444",444,"Parents","Mother","F0_24Y_Mothers",24,435,"B12_sufficient","24y","Female","Bacteria","Campylobacterota","Other"
"2284","ASV6301","M22E203036",0,"M22E203.036","M22E203036","M22E203036","18CB340",340,"Children","Boys","F1_18Y_child_boys",18,250,"B12_sufficient","18y","Male","Bacteria","Campylobacterota","Other"
"2285","ASV6301","M22E203086",0,"M22E203.086","M22E203086","M22E203086","18CG414",414,"Children","Girls","F1_18Y_child_girl",18,134,"B12_deficient","18y","Female","Bacteria","Campylobacterota","Other"
"2286","ASV6301","22E203-153",0,"A22E203.153","22E203-153","22E203.153","24YF624",624,"Parents","Father","F0_24Y_Father",24,326,"B12_sufficient","24y","Male","Bacteria","Campylobacterota","Other"
"2287","ASV6301","22E203-183",0,"A22E203.183","22E203-183","22E203.183","24YM294",294,"Parents","Mother","F0_24Y_Mothers",24,128,"B12_deficient","24y","Female","Bacteria","Campylobacterota","Other"
"2288","ASV6301","M22E203018",0,"M22E203.018","M22E203018","M22E203018","18CB44",44,"Children","Boys","F1_18Y_child_boys",18,131.3,"B12_deficient","18y","Male","Bacteria","Campylobacterota","Other"
"2289","ASV6301","M22E203073",0,"M22E203.073","M22E203073","M22E203073","18CG199",199,"Children","Girls","F1_18Y_child_girl",18,106,"B12_deficient","18y","Female","Bacteria","Campylobacterota","Other"
"2290","ASV6301","M22E203108",0,"M22E203.108","M22E203108","M22E203108","18CG678",678,"Children","Girls","F1_18Y_child_girl",18,131.3,"B12_deficient","18y","Female","Bacteria","Campylobacterota","Other"
"2291","ASV6301","22E203-173",0,"A22E203.173","22E203-173","22E203.173","24YM196",196,"Parents","Mother","F0_24Y_Mothers",24,198,"B12_sufficient","24y","Female","Bacteria","Campylobacterota","Other"
"2292","ASV6301","22E203-203",0,"A22E203.203","22E203-203","22E203.203","24YM558",558,"Parents","Mother","F0_24Y_Mothers",24,1073,"B12_sufficient","24y","Female","Bacteria","Campylobacterota","Other"
"2293","ASV6301","M22E203062",0,"M22E203.062","M22E203062","M22E203062","18CB695",695,"Children","Boys","F1_18Y_child_boys",18,122,"B12_deficient","18y","Male","Bacteria","Campylobacterota","Other"
"2294","ASV6301","M22E203097",0,"M22E203.097","M22E203097","M22E203097","18CG539",539,"Children","Girls","F1_18Y_child_girl",18,148,"B12_deficient","18y","Female","Bacteria","Campylobacterota","Other"
"2295","ASV6301","22E203-164",0,"A22E203.164","22E203-164","22E203.164","24YM51",51,"Parents","Mother","F0_24Y_Mothers",24,123,"B12_deficient","24y","Female","Bacteria","Campylobacterota","Other"
"2296","ASV6301","22E203-194",0,"A22E203.194","22E203-194","22E203.194","24YM452",452,"Parents","Mother","F0_24Y_Mothers",24,174,"B12_sufficient","24y","Female","Bacteria","Campylobacterota","Other"
"2297","ASV6301","M22E203039",0,"M22E203.039","M22E203039","M22E203039","18CB391",391,"Children","Boys","F1_18Y_child_boys",18,119.3,"B12_deficient","18y","Male","Bacteria","Campylobacterota","Other"
"2298","ASV6301","M22E203088",0,"M22E203.088","M22E203088","M22E203088","18CG434",434,"Children","Girls","F1_18Y_child_girl",18,197,"B12_sufficient","18y","Female","Bacteria","Campylobacterota","Other"
"2299","ASV6301","22E203-154",0,"A22E203.154","22E203-154","22E203.154","24YF625",625,"Parents","Father","F0_24Y_Father",24,138,"B12_deficient","24y","Male","Bacteria","Campylobacterota","Other"
"2300","ASV6301","22E203-184",0,"A22E203.184","22E203-184","22E203.184","24YM316",316,"Parents","Mother","F0_24Y_Mothers",24,161,"B12_sufficient","24y","Female","Bacteria","Campylobacterota","Other"
"2301","ASV6301","M22E203020",0,"M22E203.020","M22E203020","M22E203020","18CB97",97,"Children","Boys","F1_18Y_child_boys",18,157.7,"B12_sufficient","18y","Male","Bacteria","Campylobacterota","Other"
"2302","ASV6301","M22E203074",0,"M22E203.074","M22E203074","M22E203074","18CG207",207,"Children","Girls","F1_18Y_child_girl",18,123.1,"B12_deficient","18y","Female","Bacteria","Campylobacterota","Other"
"2303","ASV6301","M22E203160",0,"M22E203.160","M22E203160","M22E203160","24YM14",14,"Parents","Mother","F0_24Y_Mothers",24,146,"B12_deficient","24y","Female","Bacteria","Campylobacterota","Other"
"2304","ASV6301","22E203-174",0,"A22E203.174","22E203-174","22E203.174","24YM201",201,"Parents","Mother","F0_24Y_Mothers",24,330,"B12_sufficient","24y","Female","Bacteria","Campylobacterota","Other"
"2305","ASV6301","22E203-204",0,"A22E203.204","22E203-204","22E203.204","24YM560",560,"Parents","Mother","F0_24Y_Mothers",24,136,"B12_deficient","24y","Female","Bacteria","Campylobacterota","Other"
"2306","ASV6301","M22E203064",0,"M22E203.064","M22E203064","M22E203064","18CG5",5,"Children","Girls","F1_18Y_child_girl",18,172.6,"B12_sufficient","18y","Female","Bacteria","Campylobacterota","Other"
"2307","ASV6301","M22E203098",0,"M22E203.098","M22E203098","M22E203098","18CG558",558,"Children","Girls","F1_18Y_child_girl",18,225,"B12_sufficient","18y","Female","Bacteria","Campylobacterota","Other"
"2308","ASV6301","22E203-165",0,"A22E203.165","22E203-165","22E203.165","24YM54",54,"Parents","Mother","F0_24Y_Mothers",24,164,"B12_sufficient","24y","Female","Bacteria","Campylobacterota","Other"
"2309","ASV6301","22E203-195",0,"A22E203.195","22E203-195","22E203.195","24YM465",465,"Parents","Mother","F0_24Y_Mothers",24,258,"B12_sufficient","24y","Female","Bacteria","Campylobacterota","Other"
"2310","ASV6301","M22E203042",0,"M22E203.042","M22E203042","M22E203042","18CB426",426,"Children","Boys","F1_18Y_child_boys",18,130.2,"B12_deficient","18y","Male","Bacteria","Campylobacterota","Other"
"2311","ASV6301","M22E203089",0,"M22E203.089","M22E203089","M22E203089","18CG436",436,"Children","Girls","F1_18Y_child_girl",18,131,"B12_deficient","18y","Female","Bacteria","Campylobacterota","Other"
"2312","ASV6301","22E203-155",0,"A22E203.155","22E203-155","22E203.155","24YF638",638,"Parents","Father","F0_24Y_Father",24,135,"B12_deficient","24y","Male","Bacteria","Campylobacterota","Other"
"2313","ASV6301","22E203-185",0,"A22E203.185","22E203-185","22E203.185","24YM342",342,"Parents","Mother","F0_24Y_Mothers",24,121,"B12_deficient","24y","Female","Bacteria","Campylobacterota","Other"
"2314","ASV6301","M22E203022",0,"M22E203.022","M22E203022","M22E203022","18CB152",152,"Children","Boys","F1_18Y_child_boys",18,118.1,"B12_deficient","18y","Male","Bacteria","Campylobacterota","Other"
"2315","ASV6301","M22E203076",0,"M22E203.076","M22E203076","M22E203076","18CG233",233,"Children","Girls","F1_18Y_child_girl",18,112,"B12_deficient","18y","Female","Bacteria","Campylobacterota","Other"
"2316","ASV6301","M22E203180",0,"M22E203.180","M22E203180","M22E203180","24YM258",258,"Parents","Mother","F0_24Y_Mothers",24,114,"B12_deficient","24y","Female","Bacteria","Campylobacterota","Other"
"2319","ASV7","22E203-121",0,"A22E203.121","22E203-121","22E203.121","24YF198",198,"Parents","Father","F0_24Y_Father",24,220,"B12_sufficient","24y","Male","Bacteria","Bacteroidota","Bacteroidota"
"2330","ASV7","22E203-053",0,"A22E203.053","22E203-053","22E203.053","18CB544",544,"Children","Boys","F1_18Y_placebo_boys",18,94,"B12_deficient","18y","Male","Bacteria","Bacteroidota","Bacteroidota"
"2331","ASV7","22E203-081",0,"A22E203.081","22E203-081","22E203.081","18CG314",314,"Children","Girls","F1_18Y_placebo_girls",18,175,"B12_sufficient","18y","Female","Bacteria","Bacteroidota","Bacteroidota"
"2335","ASV7","22E203-054",0,"A22E203.054","22E203-054","22E203.054","18CB579",579,"Children","Boys","F1_18Y_placebo_boys",18,103,"B12_deficient","18y","Male","Bacteria","Bacteroidota","Bacteroidota"
"2351","ASV7","M22E203094",0,"M22E203.094","M22E203094","M22E203094","18CG490",490,"Children","Girls","F1_18Y_child_girl",18,208,"B12_sufficient","18y","Female","Bacteria","Bacteroidota","Bacteroidota"
"2357","ASV7","22E203-087",0,"A22E203.087","22E203-087","22E203.087","18CG429",429,"Children","Girls","F1_18Y_placebo_girls",18,203,"B12_sufficient","18y","Female","Bacteria","Bacteroidota","Bacteroidota"
"2361","ASV7","22E203-058",0,"A22E203.058","22E203-058","22E203.058","18CB644",644,"Children","Boys","F1_18Y_placebo_boys",18,60.2,"B12_deficient","18y","Male","Bacteria","Bacteroidota","Bacteroidota"
"2396","ASV7","22E203-048",0,"A22E203.048","22E203-048","22E203.048","18CB503",503,"Children","Boys","F1_18Y_placebo_boys",18,191,"B12_sufficient","18y","Male","Bacteria","Bacteroidota","Bacteroidota"
"2399","ASV7","22E203-145",0,"A22E203.145","22E203-145","22E203.145","24YF547",547,"Parents","Father","F0_24Y_Father",24,123,"B12_deficient","24y","Male","Bacteria","Bacteroidota","Bacteroidota"
"2402","ASV7","M22E203103",0,"M22E203.103","M22E203103","M22E203103","18CG615",615,"Children","Girls","F1_18Y_child_girl",18,244,"B12_sufficient","18y","Female","Bacteria","Bacteroidota","Bacteroidota"
"2412","ASV7","22E203-146",0,"A22E203.146","22E203-146","22E203.146","24YF563",563,"Parents","Father","F0_24Y_Father",24,185,"B12_sufficient","24y","Male","Bacteria","Bacteroidota","Bacteroidota"
"2422","ASV7","M22E203032",0,"M22E203.032","M22E203032","M22E203032","18CB304",304,"Children","Boys","F1_18Y_child_boys",18,216,"B12_sufficient","18y","Male","Bacteria","Bacteroidota","Bacteroidota"
"2430","ASV7","22E203-019",0,"A22E203.019","22E203-019","22E203.019","18CB50",50,"Children","Boys","F1_18Y_placebo_boys",18,145,"B12_deficient","18y","Male","Bacteria","Bacteroidota","Bacteroidota"
"2439","ASV7","22E203-038",0,"A22E203.038","22E203-038","22E203.038","18CB375",375,"Children","Boys","F1_18Y_placebo_boys",18,149.5,"B12_deficient","18y","Male","Bacteria","Bacteroidota","Bacteroidota"
"2443","ASV7","22E203-021",0,"A22E203.021","22E203-021","22E203.021","18CB150",150,"Children","Boys","F1_18Y_placebo_boys",18,195,"B12_sufficient","18y","Male","Bacteria","Bacteroidota","Bacteroidota"
"2459","ASV7","M22E203108",0,"M22E203.108","M22E203108","M22E203108","18CG678",678,"Children","Girls","F1_18Y_child_girl",18,131.3,"B12_deficient","18y","Female","Bacteria","Bacteroidota","Bacteroidota"
"2462","ASV7","M22E203073",0,"M22E203.073","M22E203073","M22E203073","18CG199",199,"Children","Girls","F1_18Y_child_girl",18,106,"B12_deficient","18y","Female","Bacteria","Bacteroidota","Bacteroidota"
"2465","ASV7","22E203-041",0,"A22E203.041","22E203-041","22E203.041","18CB416",416,"Children","Boys","F1_18Y_placebo_boys",18,135,"B12_deficient","18y","Male","Bacteria","Bacteroidota","Bacteroidota"
"2475","ASV7","M22E203042",0,"M22E203.042","M22E203042","M22E203042","18CB426",426,"Children","Boys","F1_18Y_child_boys",18,130.2,"B12_deficient","18y","Male","Bacteria","Bacteroidota","Bacteroidota"
"2484","ASV7","M22E203065",0,"M22E203.065","M22E203065","M22E203065","18CG17",17,"Children","Girls","F1_18Y_child_girl",18,86,"B12_deficient","18y","Female","Bacteria","Bacteroidota","Bacteroidota"
"2488","ASV7","22E203-030",0,"A22E203.030","22E203-030","22E203.030","18CB258",258,"Children","Boys","F1_18Y_placebo_boys",18,182,"B12_sufficient","18y","Male","Bacteria","Bacteroidota","Bacteroidota"
"2489","ASV7","22E203-202",0,"A22E203.202","22E203-202","22E203.202","24YM556",556,"Parents","Mother","F0_24Y_Mothers",24,161,"B12_sufficient","24y","Female","Bacteria","Bacteroidota","Bacteroidota"
"2491","ASV7","M22E203020",0,"M22E203.020","M22E203020","M22E203020","18CB97",97,"Children","Boys","F1_18Y_child_boys",18,157.7,"B12_sufficient","18y","Male","Bacteria","Bacteroidota","Bacteroidota"
"2500","ASV7","22E203-205",0,"A22E203.205","22E203-205","22E203.205","24YM563",563,"Parents","Mother","F0_24Y_Mothers",24,239,"B12_sufficient","24y","Female","Bacteria","Bacteroidota","Bacteroidota"
"2502","ASV7","M22E203068",0,"M22E203.068","M22E203068","M22E203068","18CG53",53,"Children","Girls","F1_18Y_child_girl",18,186.4,"B12_sufficient","18y","Female","Bacteria","Bacteroidota","Bacteroidota"
"2506","ASV7","22E203-035",0,"A22E203.035","22E203-035","22E203.035","18CB315",315,"Children","Boys","F1_18Y_placebo_boys",18,195,"B12_sufficient","18y","Male","Bacteria","Bacteroidota","Bacteroidota"
